CustomerID,Gender,SeniorCitizen,Partner,Dependents,AgeGroup,City,Tenure,PhoneService,MultipleLines,InternetService,OnlineSecurity,OnlineBackup,DeviceProtection,TechSupport,StreamingTV,StreamingMovies,Contract,PaperlessBilling,PaymentMethod,MonthlyCharges,TotalCharges,SupportCallsLast6Months,Churn
CUST-100000,Male,0,No,No,18-25,Chennai,6,Yes,Yes,Fiber Optic,Yes,No,Yes,No,No,No,Month-to-Month,Yes,Credit Card (Auto),91.23,520.68,4,Yes
CUST-100001,Female,0,No,Yes,26-35,Kolkata,7,Yes,Yes,Fiber Optic,No,No,Yes,No,No,No,Month-to-Month,Yes,Electronic Check,84.01,565.58,1,Yes
CUST-100002,Male,0,Yes,Yes,36-45,Kolkata,60,Yes,No,DSL,No,No,No,No,Yes,No,Month-to-Month,Yes,Credit Card (Auto),75.17,4494.19,1,No
CUST-100003,Male,1,Yes,No,18-25,Bangalore,1,Yes,No,Fiber Optic,No,Yes,No,No,Yes,Yes,Two Year,Yes,Electronic Check,101.83,78.87,1,Yes
CUST-100004,Male,0,No,No,18-25,Pune,22,Yes,Yes,No,No Internet Service,No Internet Service,No Internet Service,No Internet Service,No Internet Service,No Internet Service,Month-to-Month,No,Electronic Check,49.53,1096.78,0,Yes
CUST-100005,Female,0,No,No,26-35,Hyderabad,27,Yes,No,Fiber Optic,Yes,No,Yes,No,No,No,One Year,Yes,Mailed Check,82.84,2299.32,0,Yes
CUST-100006,Male,1,Yes,No,36-45,Bangalore,16,Yes,Yes,Fiber Optic,No,Yes,No,No,No,No,One Year,No,Mailed Check,72.35,1117.42,3,No
CUST-100007,Male,0,Yes,No,36-45,Delhi,28,Yes,No,DSL,No,No,No,No,Yes,No,One Year,No,Electronic Check,76.32,2107.4,0,No
CUST-100008,Male,1,No,Yes,18-25,Mumbai,4,Yes,No,DSL,No,Yes,No,No,Yes,No,Month-to-Month,Yes,Bank Transfer (Auto),90.32,362.88,2,Yes
CUST-100009,Female,1,No,No,26-35,Delhi,45,Yes,Yes,Fiber Optic,No,Yes,Yes,Yes,No,No,Month-to-Month,Yes,Credit Card (Auto),107.59,4920.13,4,No
CUST-100010,Male,0,No,No,26-35,Hyderabad,3,Yes,Yes,Fiber Optic,Yes,No,No,Yes,Yes,No,Month-to-Month,No,Mailed Check,95.23,270.92,0,Yes
CUST-100011,Male,1,No,No,18-25,Pune,12,Yes,Yes,Fiber Optic,No,No,No,No,No,No,Month-to-Month,No,Mailed Check,99.19,1145.33,1,No
CUST-100012,Male,0,Yes,Yes,18-25,Mumbai,1,No,No Phone Service,DSL,No,No,Yes,No,No,No,Two Year,No,Electronic Check,51.44,0.0,3,No
CUST-100013,Male,0,Yes,No,26-35,Bangalore,18,Yes,No,Fiber Optic,No,Yes,No,No,No,Yes,Two Year,Yes,Credit Card (Auto),90.97,1599.41,1,No
CUST-100014,Female,0,No,No,65+,Delhi,26,Yes,No,DSL,No,No,No,No,No,Yes,Month-to-Month,No,Electronic Check,76.7,1950.82,1,No
CUST-100015,Male,1,No,No,18-25,Chennai,68,Yes,No,DSL,No,Yes,Yes,No,Yes,No,Two Year,Yes,Mailed Check,83.33,5606.86,1,No
CUST-100016,Female,0,Yes,No,18-25,Kolkata,32,Yes,No,DSL,No,Yes,No,Yes,Yes,No,Month-to-Month,No,Electronic Check,81.39,2608.0,2,No
CUST-100017,Female,0,Yes,No,36-45,Ahmedabad,18,Yes,Yes,No,No Internet Service,No Internet Service,No Internet Service,No Internet Service,No Internet Service,No Internet Service,One Year,Yes,Credit Card (Auto),41.58,735.29,2,No
CUST-100018,Female,0,No,No,46-55,Kolkata,64,Yes,No,DSL,Yes,No,No,No,Yes,No,Month-to-Month,No,Electronic Check,65.99,4294.66,1,No
CUST-100019,Male,0,Yes,No,36-45,Kolkata,15,Yes,Yes,Fiber Optic,No,Yes,No,No,No,Yes,One Year,Yes,Mailed Check,93.76,1417.17,1,No
CUST-100020,Female,0,Yes,Yes,26-35,Chennai,19,Yes,No,Fiber Optic,No,Yes,Yes,Yes,Yes,No,Month-to-Month,Yes,Mailed Check,109.43,2129.6,1,No
CUST-100021,Male,0,No,No,46-55,Delhi,21,Yes,No,Fiber Optic,No,No,No,No,Yes,No,Month-to-Month,Yes,Credit Card (Auto),87.85,1836.29,0,No
CUST-100022,Female,0,No,No,26-35,Pune,12,Yes,No,DSL,No,No,No,No,Yes,No,Month-to-Month,No,Electronic Check,82.12,941.52,2,No
CUST-100023,Female,0,No,No,18-25,Pune,43,Yes,No,DSL,No,No,No,No,Yes,Yes,Month-to-Month,Yes,Bank Transfer (Auto),73.62,3196.6,2,No
CUST-100024,Female,0,Yes,Yes,56-65,Delhi,4,Yes,Yes,Fiber Optic,No,No,Yes,No,No,Yes,One Year,Yes,Electronic Check,100.36,345.0,2,No
CUST-100025,Female,0,No,No,26-35,Delhi,19,Yes,Yes,No,No Internet Service,No Internet Service,No Internet Service,No Internet Service,No Internet Service,No Internet Service,Month-to-Month,No,Credit Card (Auto),48.53,979.94,2,No
CUST-100026,Female,0,No,Yes,18-25,Mumbai,30,Yes,No,DSL,No,Yes,Yes,Yes,No,No,One Year,Yes,Bank Transfer (Auto),79.74,2354.81,1,No
CUST-100027,Female,1,No,Yes,18-25,Hyderabad,56,Yes,No,DSL,No,No,No,Yes,No,No,One Year,Yes,Bank Transfer (Auto),66.65,3769.42,1,No
CUST-100028,Female,0,No,No,26-35,Bangalore,51,Yes,Yes,Fiber Optic,No,No,No,No,No,Yes,One Year,Yes,Mailed Check,67.08,3439.89,0,No
CUST-100029,Female,1,Yes,Yes,36-45,Kolkata,17,Yes,Yes,Fiber Optic,Yes,Yes,No,No,No,No,One Year,Yes,Mailed Check,87.07,1431.64,0,No
CUST-100030,Male,0,Yes,Yes,65+,Mumbai,24,Yes,Yes,DSL,No,No,No,Yes,Yes,Yes,Month-to-Month,Yes,Electronic Check,91.48,,4,No
CUST-100031,Male,0,Yes,No,18-25,Bangalore,12,Yes,No,Fiber Optic,No,No,Yes,No,Yes,No,One Year,Yes,Bank Transfer (Auto),91.12,1189.46,2,No
CUST-100032,Female,0,Yes,Yes,36-45,Kolkata,15,Yes,No,DSL,No,Yes,Yes,No,No,Yes,Two Year,No,Credit Card (Auto),83.06,1208.43,1,No
CUST-100033,Female,0,No,No,18-25,Ahmedabad,56,Yes,No,No,No Internet Service,No Internet Service,No Internet Service,No Internet Service,No Internet Service,No Internet Service,One Year,Yes,Mailed Check,44.24,2444.71,2,No
CUST-100034,Female,0,No,Yes,26-35,Pune,64,Yes,No,DSL,Yes,No,Yes,No,Yes,No,One Year,Yes,Credit Card (Auto),95.32,6103.92,2,No
CUST-100035,Male,0,No,No,18-25,Kolkata,54,Yes,No,DSL,No,No,Yes,Yes,No,Yes,One Year,No,Electronic Check,63.29,3461.04,2,No
CUST-100036,Female,0,No,No,26-35,Mumbai,3,Yes,Yes,DSL,No,No,No,Yes,Yes,No,Month-to-Month,No,Credit Card (Auto),82.24,307.94,0,No
CUST-100037,Male,0,Yes,No,26-35,Pune,45,Yes,No,Fiber Optic,Yes,Yes,No,No,Yes,Yes,One Year,Yes,Mailed Check,102.66,4601.79,2,No
CUST-100038,Male,0,Yes,Yes,46-55,Bangalore,71,Yes,No,No,No Internet Service,No Internet Service,No Internet Service,No Internet Service,No Internet Service,No Internet Service,Two Year,No,Mailed Check,38.74,2757.43,1,No
CUST-100039,Male,0,Yes,Yes,26-35,Chennai,10,Yes,Yes,No,No Internet Service,No Internet Service,No Internet Service,No Internet Service,No Internet Service,No Internet Service,Month-to-Month,Yes,Mailed Check,58.12,563.61,2,No
CUST-100040,Male,0,Yes,Yes,36-45,Bangalore,17,Yes,Yes,DSL,No,No,Yes,No,No,Yes,Two Year,Yes,Bank Transfer (Auto),83.37,1396.64,0,No
CUST-100041,Male,0,Yes,No,46-55,Hyderabad,36,Yes,No,Fiber Optic,No,No,No,No,No,Yes,Month-to-Month,No,Bank Transfer (Auto),78.07,2783.94,2,No
CUST-100042,Female,1,No,No,18-25,Delhi,19,Yes,Yes,Fiber Optic,No,No,No,No,Yes,No,Month-to-Month,Yes,Mailed Check,77.2,1398.62,2,Yes
CUST-100043,Female,0,No,Yes,18-25,Hyderabad,72,Yes,No,Fiber Optic,Yes,No,No,No,No,No,Two Year,No,Mailed Check,79.67,5779.4,1,No
CUST-100044,Female,0,Yes,Yes,18-25,Delhi,14,Yes,No,DSL,Yes,Yes,No,No,Yes,No,Two Year,No,Electronic Check,77.81,1094.44,1,No
CUST-100045,Female,0,Yes,Yes,18-25,Delhi,30,No,No Phone Service,Fiber Optic,No,No,Yes,No,No,Yes,Two Year,Yes,Electronic Check,105.71,3247.59,0,No
CUST-100046,Female,0,No,No,18-25,Bangalore,37,Yes,No,DSL,No,No,No,No,No,No,Two Year,Yes,Mailed Check,56.03,2114.33,1,No
CUST-100047,Male,0,Yes,No,18-25,Delhi,16,Yes,No,DSL,No,No,Yes,No,No,No,Month-to-Month,No,Bank Transfer (Auto),72.78,1144.47,2,No
CUST-100048,Female,0,No,No,18-25,Delhi,46,No,No Phone Service,Fiber Optic,Yes,No,Yes,Yes,Yes,Yes,One Year,Yes,Bank Transfer (Auto),125.19,5701.68,0,No
CUST-100049,Female,0,No,No,18-25,Ahmedabad,18,Yes,No,DSL,No,Yes,No,Yes,No,Yes,Month-to-Month,Yes,Bank Transfer (Auto),96.78,1835.41,2,No
CUST-100050,Male,0,No,No,18-25,Bangalore,12,Yes,Yes,Fiber Optic,No,Yes,Yes,Yes,Yes,No,Month-to-Month,Yes,Bank Transfer (Auto),100.88,1125.63,2,No
CUST-100051,Female,0,Yes,Yes,18-25,Chennai,2,Yes,No,No,No Internet Service,No Internet Service,No Internet Service,No Internet Service,No Internet Service,No Internet Service,Month-to-Month,Yes,Electronic Check,31.44,,0,Yes
CUST-100052,Male,0,No,Yes,36-45,Hyderabad,11,Yes,No,Fiber Optic,No,No,No,No,Yes,No,One Year,No,Credit Card (Auto),94.67,1025.06,3,No
CUST-100053,Female,1,Yes,No,,Delhi,31,Yes,Yes,Fiber Optic,Yes,Yes,No,No,Yes,No,Month-to-Month,Yes,Electronic Check,96.56,2961.01,0,Yes
CUST-100054,Male,0,No,No,18-25,Mumbai,61,Yes,No,Fiber Optic,Yes,No,Yes,Yes,No,Yes,Two Year,Yes,Bank Transfer (Auto),94.88,5745.11,0,No
CUST-100055,Female,1,Yes,No,36-45,Mumbai,6,Yes,No,No,No Internet Service,No Internet Service,No Internet Service,No Internet Service,No Internet Service,No Internet Service,One Year,Yes,Electronic Check,53.62,260.66,1,No
CUST-100056,Female,0,Yes,No,18-25,Kolkata,10,Yes,No,DSL,No,Yes,No,No,No,No,Month-to-Month,No,Bank Transfer (Auto),62.78,591.52,1,No
CUST-100057,Male,0,No,No,46-55,Mumbai,4,Yes,No,Fiber Optic,No,No,No,No,No,No,One Year,No,Mailed Check,92.93,369.16,1,No
CUST-100058,Male,0,No,No,18-25,Delhi,28,Yes,No,Fiber Optic,No,Yes,No,No,Yes,No,Month-to-Month,Yes,Mailed Check,96.21,2709.16,1,Yes
CUST-100059,Male,0,No,No,18-25,Ahmedabad,72,Yes,No,DSL,Yes,Yes,No,No,No,No,Month-to-Month,Yes,Bank Transfer (Auto),76.83,5505.51,0,No
CUST-100060,Male,0,No,No,26-35,Pune,24,Yes,Yes,Fiber Optic,No,Yes,No,No,Yes,No,Two Year,Yes,Electronic Check,110.77,2631.97,0,No
CUST-100061,Male,0,No,Yes,,Mumbai,23,Yes,Yes,No,No Internet Service,No Internet Service,No Internet Service,No Internet Service,No Internet Service,No Internet Service,Month-to-Month,Yes,Electronic Check,52.15,1147.33,1,No
CUST-100062,Male,0,Yes,No,18-25,Chennai,19,Yes,Yes,No,No Internet Service,No Internet Service,No Internet Service,No Internet Service,No Internet Service,No Internet Service,Two Year,No,Bank Transfer (Auto),30.33,584.65,2,No
CUST-100063,Male,0,No,No,18-25,Hyderabad,2,Yes,Yes,DSL,No,No,No,No,Yes,Yes,One Year,No,Credit Card (Auto),72.34,147.09,1,No
CUST-100064,Male,0,No,No,26-35,Bangalore,31,Yes,Yes,No,No Internet Service,No Internet Service,No Internet Service,No Internet Service,No Internet Service,No Internet Service,One Year,Yes,Mailed Check,41.89,1317.57,3,No
CUST-100065,Female,0,No,No,46-55,Hyderabad,22,Yes,No,Fiber Optic,No,Yes,No,Yes,No,No,One Year,Yes,Electronic Check,94.61,2054.36,2,Yes
CUST-100066,Female,0,No,No,36-45,Mumbai,25,No,No Phone Service,Fiber Optic,Yes,No,Yes,Yes,No,No,Month-to-Month,Yes,Mailed Check,106.64,2620.46,3,No
CUST-100067,Male,0,Yes,Yes,46-55,Ahmedabad,54,Yes,No,Fiber Optic,No,Yes,No,No,No,Yes,Month-to-Month,No,Bank Transfer (Auto),83.53,4509.64,0,No
CUST-100068,Female,0,No,No,18-25,Delhi,36,Yes,Yes,Fiber Optic,No,No,Yes,No,No,Yes,Month-to-Month,Yes,Mailed Check,97.13,3522.71,2,No
CUST-100069,Female,1,Yes,Yes,18-25,Delhi,36,Yes,No,No,No Internet Service,No Internet Service,No Internet Service,No Internet Service,No Internet Service,No Internet Service,Month-to-Month,No,Credit Card (Auto),54.28,1909.73,3,No
CUST-100070,Female,0,Yes,No,36-45,Bangalore,62,Yes,No,Fiber Optic,No,Yes,No,No,Yes,No,Month-to-Month,Yes,Mailed Check,94.56,5831.34,0,No
CUST-100071,Female,1,No,No,18-25,Delhi,72,Yes,No,No,No Internet Service,No Internet Service,No Internet Service,No Internet Service,No Internet Service,No Internet Service,Two Year,No,Electronic Check,58.28,4134.93,1,No
CUST-100072,Male,0,Yes,Yes,26-35,Bangalore,20,Yes,No,DSL,No,No,No,No,No,Yes,Month-to-Month,No,Electronic Check,49.04,922.21,0,No
CUST-100073,Female,0,No,Yes,18-25,Mumbai,2,Yes,No,Fiber Optic,No,Yes,Yes,No,Yes,No,One Year,No,Mailed Check,97.29,167.25,2,Yes
CUST-100074,Male,0,Yes,No,18-25,Chennai,14,Yes,Yes,Fiber Optic,No,Yes,No,Yes,Yes,No,Month-to-Month,No,Bank Transfer (Auto),102.46,1392.37,0,No
CUST-100075,Female,0,Yes,No,56-65,Delhi,37,Yes,No,Fiber Optic,Yes,No,No,Yes,Yes,No,Month-to-Month,Yes,Electronic Check,101.95,3812.17,3,Yes
CUST-100076,Female,1,No,Yes,36-45,Ahmedabad,0,Yes,No,Fiber Optic,Yes,No,Yes,No,No,No,Month-to-Month,No,Credit Card (Auto),82.99,1.5,1,Yes
CUST-100077,Female,0,No,No,18-25,Mumbai,1,Yes,No,DSL,No,No,No,No,Yes,Yes,One Year,Yes,Electronic Check,78.72,141.98,0,No
CUST-100078,Male,0,No,No,26-35,Mumbai,1,Yes,No,DSL,No,Yes,Yes,Yes,No,Yes,Month-to-Month,No,Bank Transfer (Auto),90.61,154.37,2,No
CUST-100079,Female,0,No,Yes,26-35,Delhi,31,Yes,No,DSL,No,Yes,No,No,No,No,Month-to-Month,No,Electronic Check,67.93,2106.59,2,Yes
CUST-100080,Male,0,No,No,26-35,Hyderabad,16,Yes,No,DSL,Yes,No,No,No,No,No,One Year,No,Credit Card (Auto),71.37,1041.73,1,No
CUST-100081,Female,1,Yes,No,65+,Pune,11,Yes,No,Fiber Optic,Yes,Yes,Yes,No,No,No,One Year,Yes,Credit Card (Auto),108.28,1211.0,1,No
CUST-100082,Male,0,Yes,No,26-35,Hyderabad,2,Yes,No,Fiber Optic,No,No,Yes,No,No,Yes,Month-to-Month,No,Electronic Check,83.17,223.55,0,Yes
CUST-100083,Female,0,Yes,No,26-35,Kolkata,31,Yes,No,No,No Internet Service,No Internet Service,No Internet Service,No Internet Service,No Internet Service,No Internet Service,One Year,No,Credit Card (Auto),47.07,1490.79,2,No
CUST-100084,Male,0,No,Yes,18-25,Chennai,9,Yes,No,Fiber Optic,Yes,No,No,No,No,No,One Year,Yes,Electronic Check,74.16,684.88,0,No
CUST-100085,Male,0,No,Yes,18-25,Mumbai,7,Yes,Yes,Fiber Optic,Yes,Yes,Yes,No,No,No,One Year,No,Bank Transfer (Auto),88.84,609.48,3,Yes
CUST-100086,Female,0,Yes,Yes,26-35,Delhi,25,Yes,No,DSL,Yes,No,No,No,Yes,Yes,Month-to-Month,No,Credit Card (Auto),87.12,2119.1,1,No
CUST-100087,Male,0,No,No,56-65,Bangalore,19,Yes,Yes,No,No Internet Service,No Internet Service,No Internet Service,No Internet Service,No Internet Service,No Internet Service,Month-to-Month,Yes,Bank Transfer (Auto),35.97,714.71,1,No
CUST-100088,Female,0,No,No,65+,Ahmedabad,10,Yes,No,No,No Internet Service,No Internet Service,No Internet Service,No Internet Service,No Internet Service,No Internet Service,Month-to-Month,No,Credit Card (Auto),44.64,436.64,1,Yes
CUST-100089,Female,0,Yes,No,36-45,Bangalore,24,Yes,Yes,Fiber Optic,No,No,Yes,Yes,Yes,Yes,Two Year,No,Credit Card (Auto),107.72,2600.89,3,Yes
CUST-100090,Female,0,Yes,No,36-45,Kolkata,7,Yes,Yes,DSL,No,No,Yes,No,Yes,Yes,Month-to-Month,Yes,Credit Card (Auto),82.89,550.88,2,No
CUST-100091,Female,0,No,No,18-25,Mumbai,38,Yes,Yes,Fiber Optic,Yes,No,No,Yes,No,Yes,Two Year,Yes,Electronic Check,124.66,4837.05,1,Yes
CUST-100092,Female,0,No,No,46-55,Chennai,6,Yes,No,No,No Internet Service,No Internet Service,No Internet Service,No Internet Service,No Internet Service,No Internet Service,Month-to-Month,Yes,Electronic Check,49.07,306.37,0,Yes
CUST-100093,Female,0,No,No,56-65,Bangalore,4,No,No Phone Service,Fiber Optic,No,No,Yes,Yes,Yes,No,Month-to-Month,No,Bank Transfer (Auto),92.12,349.49,0,No
CUST-100094,Female,0,Yes,Yes,18-25,Delhi,36,Yes,No,Fiber Optic,No,No,Yes,No,Yes,Yes,Month-to-Month,Yes,Bank Transfer (Auto),102.83,3645.06,0,No
CUST-100095,Female,0,No,Yes,26-35,Mumbai,29,Yes,No,No,No Internet Service,No Internet Service,No Internet Service,No Internet Service,No Internet Service,No Internet Service,Month-to-Month,Yes,Bank Transfer (Auto),32.87,883.3,0,No
CUST-100096,Female,0,Yes,No,18-25,Bangalore,4,Yes,No,No,No Internet Service,No Internet Service,No Internet Service,No Internet Service,No Internet Service,No Internet Service,Two Year,Yes,Electronic Check,55.92,254.71,2,No
CUST-100097,Female,0,Yes,No,36-45,Kolkata,2,Yes,Yes,DSL,No,No,Yes,No,No,Yes,Two Year,No,Credit Card (Auto),67.07,105.03,2,No
CUST-100098,Female,0,No,No,18-25,Chennai,43,Yes,No,Fiber Optic,No,No,Yes,No,Yes,Yes,One Year,Yes,Credit Card (Auto),106.32,4549.26,1,Yes
CUST-100099,Male,0,Yes,No,36-45,Bangalore,35,Yes,No,DSL,No,No,No,Yes,Yes,Yes,One Year,No,Mailed Check,86.56,3002.46,3,No
CUST-100100,Male,0,No,Yes,46-55,Kolkata,9,Yes,No,No,No Internet Service,No Internet Service,No Internet Service,No Internet Service,No Internet Service,No Internet Service,One Year,Yes,Electronic Check,48.88,385.32,3,No
CUST-100101,Female,0,Yes,No,18-25,Delhi,25,Yes,Yes,DSL,No,Yes,No,No,No,No,Two Year,No,Electronic Check,65.43,1621.24,3,No
CUST-100102,Female,0,No,No,18-25,Delhi,3,Yes,No,Fiber Optic,No,No,No,No,No,No,Month-to-Month,Yes,Electronic Check,71.43,217.11,1,Yes
CUST-100103,Female,0,No,No,18-25,Hyderabad,16,No,No Phone Service,Fiber Optic,Yes,No,No,No,No,No,One Year,Yes,Bank Transfer (Auto),78.06,1198.63,1,No
CUST-100104,Female,0,Yes,No,36-45,Hyderabad,0,Yes,Yes,No,No Internet Service,No Internet Service,No Internet Service,No Internet Service,No Internet Service,No Internet Service,One Year,Yes,Credit Card (Auto),27.57,16.6,1,No
CUST-100105,Female,0,No,No,18-25,Bangalore,11,Yes,Yes,DSL,No,Yes,No,Yes,No,No,Two Year,Yes,Electronic Check,76.12,776.14,3,No
CUST-100106,Female,0,Yes,No,46-55,Hyderabad,1,Yes,No,DSL,Yes,Yes,No,Yes,No,Yes,Two Year,Yes,Bank Transfer (Auto),82.16,60.11,0,No
CUST-100107,Female,0,No,No,26-35,Mumbai,15,Yes,No,Fiber Optic,No,No,No,No,No,No,Two Year,Yes,Bank Transfer (Auto),88.05,1338.98,2,No
CUST-100108,Female,0,Yes,No,18-25,Mumbai,13,Yes,No,DSL,No,Yes,No,Yes,No,Yes,One Year,Yes,Electronic Check,69.38,901.26,2,No
CUST-100109,Male,0,Yes,No,18-25,Kolkata,14,Yes,Yes,No,No Internet Service,No Internet Service,No Internet Service,No Internet Service,No Internet Service,No Internet Service,Month-to-Month,Yes,Bank Transfer (Auto),62.71,795.88,0,No
CUST-100110,Female,0,Yes,Yes,18-25,Bangalore,1,Yes,No,Fiber Optic,Yes,No,No,No,Yes,Yes,Month-to-Month,Yes,Bank Transfer (Auto),92.25,0.0,0,No
CUST-100111,Male,0,Yes,Yes,18-25,Delhi,10,Yes,No,DSL,No,Yes,No,No,Yes,Yes,One Year,No,Credit Card (Auto),75.39,782.25,0,No
CUST-100112,Female,0,No,Yes,18-25,Bangalore,33,No,No Phone Service,Fiber Optic,No,Yes,Yes,Yes,No,No,One Year,Yes,Mailed Check,84.54,2824.33,2,No
CUST-100113,Female,0,Yes,Yes,36-45,Hyderabad,11,Yes,No,Fiber Optic,Yes,No,No,No,No,Yes,Month-to-Month,No,Bank Transfer (Auto),97.59,,2,No
CUST-100114,Male,0,Yes,No,18-25,Ahmedabad,30,Yes,No,No,No Internet Service,No Internet Service,No Internet Service,No Internet Service,No Internet Service,No Internet Service,Month-to-Month,Yes,Electronic Check,44.76,1331.44,6,Yes
CUST-100115,Female,0,Yes,No,18-25,Pune,11,Yes,No,No,No Internet Service,No Internet Service,No Internet Service,No Internet Service,No Internet Service,No Internet Service,Month-to-Month,Yes,Electronic Check,43.58,466.98,2,Yes
CUST-100116,Male,0,Yes,Yes,36-45,Ahmedabad,13,Yes,Yes,DSL,No,No,No,No,No,No,Two Year,Yes,Electronic Check,65.66,848.25,1,No
CUST-100117,Female,0,No,Yes,26-35,Mumbai,19,Yes,Yes,Fiber Optic,No,Yes,Yes,No,No,No,Month-to-Month,Yes,Mailed Check,97.91,1889.55,2,Yes
CUST-100118,Female,1,No,Yes,18-25,Delhi,72,Yes,Yes,Fiber Optic,No,No,No,No,Yes,Yes,One Year,No,Electronic Check,81.15,5836.13,2,No
CUST-100119,Male,0,Yes,No,18-25,Bangalore,2,Yes,No,No,No Internet Service,No Internet Service,No Internet Service,No Internet Service,No Internet Service,No Internet Service,Month-to-Month,Yes,Electronic Check,50.98,120.66,2,No
CUST-100120,Female,0,No,No,18-25,Delhi,0,Yes,No,Fiber Optic,No,No,No,No,Yes,Yes,Month-to-Month,Yes,Bank Transfer (Auto),98.41,65.71,1,Yes
CUST-100121,Male,1,No,No,56-65,Ahmedabad,22,Yes,No,No,No Internet Service,No Internet Service,No Internet Service,No Internet Service,No Internet Service,No Internet Service,Two Year,Yes,Bank Transfer (Auto),47.3,992.25,3,No
CUST-100122,Female,0,Yes,No,26-35,Delhi,71,Yes,Yes,Fiber Optic,No,Yes,No,No,Yes,Yes,Month-to-Month,No,Electronic Check,116.98,8296.31,1,Yes
CUST-100123,Male,1,No,Yes,26-35,Delhi,72,Yes,No,No,No Internet Service,No Internet Service,No Internet Service,No Internet Service,No Internet Service,No Internet Service,Month-to-Month,No,Electronic Check,65.21,4652.2,0,No
CUST-100124,Male,0,No,No,36-45,Hyderabad,15,Yes,No,No,No Internet Service,No Internet Service,No Internet Service,No Internet Service,No Internet Service,No Internet Service,Month-to-Month,Yes,Bank Transfer (Auto),45.3,659.83,0,No
CUST-100125,Female,1,No,Yes,26-35,Chennai,15,No,No Phone Service,Fiber Optic,No,No,No,No,No,No,Month-to-Month,Yes,Electronic Check,71.29,1064.29,2,No
CUST-100126,Female,0,No,No,18-25,Bangalore,24,Yes,Yes,DSL,Yes,No,No,No,Yes,No,One Year,Yes,Mailed Check,61.81,1439.46,1,No
CUST-100127,Male,0,Yes,No,56-65,Mumbai,19,Yes,No,Fiber Optic,Yes,No,No,No,Yes,No,Month-to-Month,Yes,Bank Transfer (Auto),89.38,1617.02,0,No
CUST-100128,Female,0,No,No,26-35,Pune,24,Yes,No,Fiber Optic,Yes,No,Yes,No,No,Yes,One Year,Yes,Electronic Check,105.4,2464.27,2,Yes
CUST-100129,Female,0,No,No,18-25,Ahmedabad,49,Yes,No,DSL,No,No,No,No,No,No,Month-to-Month,Yes,Electronic Check,44.17,2186.51,1,No
CUST-100130,Female,0,No,No,36-45,Kolkata,32,Yes,Yes,DSL,No,Yes,No,No,Yes,No,Two Year,Yes,Electronic Check,73.27,2311.22,2,No
CUST-100131,Male,0,No,Yes,46-55,Kolkata,16,Yes,Yes,Fiber Optic,No,No,No,No,No,Yes,Two Year,Yes,Electronic Check,86.74,1376.9,1,Yes
CUST-100132,Male,0,Yes,Yes,36-45,Kolkata,14,Yes,No,DSL,No,No,No,No,Yes,No,Two Year,Yes,Credit Card (Auto),59.28,832.39,1,No
CUST-100133,Male,0,No,No,26-35,Pune,24,Yes,No,Fiber Optic,No,No,Yes,No,No,No,Two Year,Yes,Mailed Check,83.96,2060.4,0,No
CUST-100134,Male,0,No,No,65+,Pune,14,Yes,Yes,Fiber Optic,No,No,Yes,No,Yes,No,Month-to-Month,No,Mailed Check,96.18,1332.33,2,No
CUST-100135,Male,0,Yes,Yes,18-25,Mumbai,14,Yes,No,DSL,Yes,No,Yes,Yes,Yes,Yes,Month-to-Month,No,Bank Transfer (Auto),100.29,1416.38,1,No
CUST-100136,Male,1,Yes,No,18-25,Mumbai,0,Yes,Yes,DSL,No,No,No,No,No,No,One Year,Yes,Electronic Check,61.46,0.0,3,No
CUST-100137,Male,0,No,No,18-25,Mumbai,4,Yes,No,DSL,Yes,Yes,Yes,No,Yes,No,Month-to-Month,Yes,Electronic Check,90.31,353.2,2,Yes
CUST-100138,Male,1,Yes,No,18-25,Chennai,16,Yes,No,DSL,No,No,No,Yes,No,No,Month-to-Month,Yes,Credit Card (Auto),76.25,1171.12,0,No
CUST-100139,Male,0,Yes,No,26-35,Delhi,41,Yes,Yes,No,No Internet Service,No Internet Service,No Internet Service,No Internet Service,No Internet Service,No Internet Service,Month-to-Month,Yes,Credit Card (Auto),42.33,1728.47,0,No
CUST-100140,Female,0,Yes,No,26-35,Mumbai,7,Yes,Yes,DSL,No,Yes,No,Yes,No,No,Month-to-Month,Yes,Mailed Check,76.36,540.9,3,Yes
CUST-100141,Male,0,Yes,No,18-25,Mumbai,17,Yes,No,Fiber Optic,Yes,Yes,No,No,No,No,One Year,No,Mailed Check,89.38,1507.75,2,No
CUST-100142,Female,0,Yes,No,18-25,Mumbai,10,Yes,No,DSL,Yes,No,No,Yes,Yes,No,Month-to-Month,No,Bank Transfer (Auto),88.87,867.54,1,No
CUST-100143,Female,0,Yes,No,26-35,Chennai,2,Yes,Yes,DSL,No,Yes,Yes,No,No,No,Month-to-Month,Yes,Electronic Check,83.09,179.64,1,Yes
CUST-100144,Female,0,Yes,No,26-35,Mumbai,72,Yes,No,DSL,Yes,Yes,Yes,No,No,No,One Year,No,Electronic Check,76.68,5500.8,0,No
CUST-100145,Male,0,No,No,46-55,Kolkata,46,Yes,No,DSL,No,No,No,No,No,No,Month-to-Month,Yes,Electronic Check,59.33,2708.47,1,No
CUST-100146,Male,1,No,Yes,18-25,Ahmedabad,1,Yes,No,Fiber Optic,Yes,No,Yes,No,No,No,Two Year,Yes,Mailed Check,89.64,37.0,0,No
CUST-100147,Male,0,Yes,Yes,18-25,Bangalore,30,No,No Phone Service,Fiber Optic,Yes,No,No,No,No,No,Month-to-Month,No,Electronic Check,88.35,2675.79,2,No
CUST-100148,Male,0,Yes,No,18-25,Hyderabad,10,Yes,No,DSL,No,Yes,No,No,No,No,One Year,No,Mailed Check,68.16,679.49,0,No
CUST-100149,Female,0,No,No,18-25,Delhi,72,Yes,No,Fiber Optic,No,Yes,No,Yes,Yes,Yes,Month-to-Month,Yes,Bank Transfer (Auto),105.83,7595.78,1,No
CUST-100150,Male,0,Yes,No,18-25,Chennai,8,Yes,No,DSL,Yes,Yes,No,No,No,Yes,Month-to-Month,No,Mailed Check,85.38,631.11,1,No
CUST-100151,Male,0,Yes,Yes,36-45,Ahmedabad,6,Yes,No,DSL,No,No,No,No,Yes,Yes,Month-to-Month,Yes,Electronic Check,71.28,544.52,3,Yes
CUST-100152,Male,0,Yes,Yes,18-25,Delhi,20,Yes,Yes,DSL,No,No,No,No,No,No,Month-to-Month,Yes,Mailed Check,52.17,892.57,2,No
CUST-100153,Male,0,No,No,46-55,Ahmedabad,43,Yes,No,DSL,No,Yes,No,Yes,No,No,Two Year,No,Bank Transfer (Auto),71.37,3030.99,2,No
CUST-100154,Male,0,No,Yes,26-35,Delhi,5,Yes,Yes,Fiber Optic,Yes,No,No,No,Yes,No,One Year,No,Electronic Check,99.32,472.48,3,Yes
CUST-100155,Female,0,No,Yes,18-25,Delhi,29,No,No Phone Service,No,No Internet Service,No Internet Service,No Internet Service,No Internet Service,No Internet Service,No Internet Service,Month-to-Month,Yes,Electronic Check,45.14,1355.09,0,No
CUST-100156,Male,0,No,No,18-25,Ahmedabad,1,Yes,No,DSL,No,Yes,Yes,No,No,No,Month-to-Month,Yes,Mailed Check,67.04,51.31,6,Yes
CUST-100157,Female,1,No,Yes,18-25,Chennai,60,Yes,Yes,Fiber Optic,Yes,No,Yes,No,Yes,No,Month-to-Month,Yes,Electronic Check,100.52,6040.3,2,No
CUST-100158,Male,0,Yes,No,18-25,Mumbai,2,Yes,Yes,Fiber Optic,No,Yes,Yes,Yes,Yes,No,Month-to-Month,Yes,Credit Card (Auto),102.22,182.38,1,No
CUST-100159,Female,0,No,No,36-45,Pune,58,Yes,Yes,Fiber Optic,Yes,Yes,Yes,No,No,Yes,Month-to-Month,Yes,Bank Transfer (Auto),115.05,6765.08,3,Yes
CUST-100160,Male,0,Yes,Yes,18-25,Chennai,16,No,No Phone Service,DSL,Yes,Yes,No,No,No,No,Two Year,No,Electronic Check,79.01,1283.93,2,No
CUST-100161,Male,1,No,No,18-25,Pune,14,Yes,No,Fiber Optic,Yes,No,Yes,Yes,Yes,Yes,Month-to-Month,No,Bank Transfer (Auto),116.69,1601.14,2,No
CUST-100162,Female,0,No,No,26-35,Delhi,72,Yes,No,Fiber Optic,No,No,No,Yes,No,No,One Year,No,Mailed Check,80.57,5836.23,1,No
CUST-100163,Female,0,No,No,26-35,Kolkata,72,Yes,Yes,Fiber Optic,No,No,Yes,No,Yes,No,One Year,Yes,Electronic Check,94.86,6817.55,1,No
CUST-100164,Female,0,Yes,No,46-55,Pune,25,No,No Phone Service,DSL,No,No,No,No,No,Yes,Two Year,No,Electronic Check,68.01,1791.58,3,No
CUST-100165,Male,0,Yes,No,18-25,Ahmedabad,3,Yes,No,DSL,Yes,No,No,No,No,Yes,Month-to-Month,No,Bank Transfer (Auto),66.51,267.1,1,No
CUST-100166,Female,0,No,No,18-25,Bangalore,16,Yes,Yes,DSL,Yes,Yes,No,Yes,Yes,Yes,One Year,No,Electronic Check,90.69,1465.76,1,No
CUST-100167,Male,0,No,No,18-25,Hyderabad,18,Yes,No,No,No Internet Service,No Internet Service,No Internet Service,No Internet Service,No Internet Service,No Internet Service,Two Year,Yes,Electronic Check,56.93,1012.9,2,No
CUST-100168,Male,0,No,No,18-25,Pune,17,Yes,Yes,Fiber Optic,No,No,No,No,No,No,Month-to-Month,Yes,Electronic Check,91.58,1525.11,1,No
CUST-100169,Female,0,Yes,Yes,46-55,Mumbai,20,Yes,No,DSL,Yes,No,No,No,No,No,Month-to-Month,No,Electronic Check,66.6,1376.1,2,Yes
CUST-100170,Female,0,No,Yes,18-25,Delhi,0,Yes,Yes,Fiber Optic,Yes,Yes,Yes,Yes,No,No,Two Year,Yes,Bank Transfer (Auto),108.04,72.59,2,No
CUST-100171,Male,0,No,Yes,18-25,Delhi,29,Yes,Yes,DSL,Yes,No,No,No,No,Yes,One Year,Yes,Credit Card (Auto),65.56,1886.65,1,No
CUST-100172,Male,0,No,No,36-45,Ahmedabad,29,No,No Phone Service,DSL,No,No,No,No,No,No,Month-to-Month,No,Bank Transfer (Auto),56.01,1646.75,0,No
CUST-100173,Female,0,No,Yes,18-25,Mumbai,2,Yes,No,Fiber Optic,No,No,No,No,Yes,No,One Year,Yes,Bank Transfer (Auto),102.62,230.51,3,No
CUST-100174,Female,1,No,No,18-25,Ahmedabad,20,Yes,Yes,Fiber Optic,Yes,No,No,Yes,No,No,Month-to-Month,No,Credit Card (Auto),86.14,1767.3,0,No
CUST-100175,Female,0,No,No,18-25,Bangalore,20,Yes,No,No,No Internet Service,No Internet Service,No Internet Service,No Internet Service,No Internet Service,No Internet Service,Month-to-Month,No,Electronic Check,54.74,1055.87,2,Yes
CUST-100176,Male,0,No,Yes,46-55,Chennai,27,No,No Phone Service,Fiber Optic,No,No,No,No,No,No,Month-to-Month,Yes,Electronic Check,98.17,2672.79,0,Yes
CUST-100177,Male,0,No,No,46-55,Bangalore,2,Yes,No,Fiber Optic,Yes,No,No,No,Yes,No,Month-to-Month,No,Mailed Check,94.54,301.27,4,No
CUST-100178,Male,0,Yes,No,18-25,Pune,23,Yes,No,No,No Internet Service,No Internet Service,No Internet Service,No Internet Service,No Internet Service,No Internet Service,One Year,Yes,Mailed Check,28.26,654.78,0,No
CUST-100179,Male,0,Yes,Yes,36-45,Ahmedabad,7,No,No Phone Service,DSL,No,No,No,No,No,No,One Year,No,Mailed Check,65.06,478.1,0,No
CUST-100180,Male,0,No,No,65+,Bangalore,16,No,No Phone Service,DSL,No,No,Yes,Yes,No,No,Two Year,No,Electronic Check,71.93,1169.82,2,No
CUST-100181,Male,0,No,No,18-25,Delhi,35,Yes,No,No,No Internet Service,No Internet Service,No Internet Service,No Internet Service,No Internet Service,No Internet Service,Month-to-Month,Yes,Electronic Check,47.97,1706.63,3,No
CUST-100182,Female,0,No,No,26-35,Delhi,29,No,No Phone Service,Fiber Optic,Yes,Yes,No,No,No,Yes,Two Year,Yes,Mailed Check,100.81,2865.62,2,No
CUST-100183,Male,0,No,Yes,18-25,Delhi,3,Yes,No,Fiber Optic,No,Yes,Yes,Yes,Yes,No,Month-to-Month,No,Credit Card (Auto),118.07,456.59,1,No
CUST-100184,Male,0,Yes,No,26-35,Delhi,21,Yes,No,DSL,Yes,No,No,No,Yes,No,Month-to-Month,Yes,Mailed Check,77.49,1632.29,2,No
CUST-100185,Male,0,No,No,18-25,Mumbai,72,Yes,Yes,DSL,No,Yes,No,Yes,No,Yes,Two Year,Yes,Electronic Check,76.37,5525.87,1,No
CUST-100186,Female,0,No,No,26-35,Kolkata,4,Yes,Yes,Fiber Optic,No,No,No,No,No,No,Month-to-Month,Yes,Bank Transfer (Auto),80.04,324.56,1,No
CUST-100187,Male,0,Yes,Yes,26-35,Chennai,46,Yes,Yes,Fiber Optic,No,No,No,Yes,Yes,Yes,Month-to-Month,No,Electronic Check,104.82,4868.89,1,Yes
CUST-100188,Male,0,Yes,No,36-45,Hyderabad,29,Yes,Yes,Fiber Optic,Yes,Yes,Yes,No,No,Yes,Month-to-Month,Yes,Electronic Check,123.04,3543.07,1,Yes
CUST-100189,Female,0,No,No,46-55,Mumbai,35,Yes,Yes,No,No Internet Service,No Internet Service,No Internet Service,No Internet Service,No Internet Service,No Internet Service,Month-to-Month,No,Electronic Check,36.5,1212.14,2,No
CUST-100190,Male,0,Yes,No,18-25,Mumbai,7,Yes,Yes,Fiber Optic,No,No,No,Yes,Yes,No,One Year,Yes,Bank Transfer (Auto),97.28,675.08,0,No
CUST-100191,Male,0,No,No,18-25,Bangalore,8,Yes,Yes,No,No Internet Service,No Internet Service,No Internet Service,No Internet Service,No Internet Service,No Internet Service,Two Year,Yes,Credit Card (Auto),61.85,518.77,0,No
CUST-100192,Male,0,Yes,No,18-25,Mumbai,56,Yes,Yes,No,No Internet Service,No Internet Service,No Internet Service,No Internet Service,No Internet Service,No Internet Service,One Year,Yes,Bank Transfer (Auto),62.06,3458.03,0,No
CUST-100193, Male ,0,No,No,26-35,Mumbai,10,No,No Phone Service,No,No Internet Service,No Internet Service,No Internet Service,No Internet Service,No Internet Service,No Internet Service,Two Year,No,Electronic Check,50.23,468.73,0,No
CUST-100194,Male,1,No,No,26-35,Mumbai,1,Yes,Yes,DSL,No,No,Yes,Yes,No,No,One Year,No,Electronic Check,72.52,89.94,1,No
CUST-100195,Female,0,No,No,18-25,Kolkata,22,Yes,Yes,Fiber Optic,Yes,Yes,Yes,No,Yes,No,Two Year,No,Electronic Check,122.47,2647.96,1,No
CUST-100196,Female,0,Yes,Yes,65+,Pune,3,Yes,No,Fiber Optic,No,No,Yes,No,No,No,Month-to-Month,Yes,Credit Card (Auto),78.13,283.36,2,Yes
CUST-100197,Female,0,No,No,36-45,Delhi,38,No,No Phone Service,DSL,No,No,No,No,No,No,Two Year,No,Bank Transfer (Auto),63.45,2395.48,1,No
CUST-100198,Male,0,Yes,No,18-25,Delhi,24,Yes,Yes,Fiber Optic,No,No,No,Yes,Yes,No,Month-to-Month,Yes,Electronic Check,85.63,2079.99,1,Yes
CUST-100199,Male,0,Yes,Yes,18-25,Bangalore,49,No,No Phone Service,Fiber Optic,No,No,No,No,Yes,No,Two Year,No,Bank Transfer (Auto),76.95,3712.49,2,No
CUST-100200,Male,0,No,No,46-55,Hyderabad,36,Yes,No,DSL,No,No,No,No,Yes,No,Month-to-Month,Yes,Mailed Check,71.95,2657.87,0,No
CUST-100201,Female,1,No,Yes,18-25,Kolkata,2,Yes,No,DSL,No,No,Yes,Yes,No,No,One Year,No,Credit Card (Auto),74.06,171.56,3,No
CUST-100202,Male,0,No,No,26-35,Hyderabad,11,Yes,Yes,DSL,No,No,No,Yes,No,Yes,One Year,No,Credit Card (Auto),68.95,789.13,1,No
CUST-100203,Male,0,Yes,No,36-45,Mumbai,35,Yes,No,Fiber Optic,Yes,No,Yes,Yes,No,No,Two Year,Yes,Electronic Check,94.04,3226.87,1,No
CUST-100204,Female,0,Yes,Yes,18-25,Mumbai,12,Yes,No,Fiber Optic,No,Yes,No,No,No,Yes,One Year,Yes,Bank Transfer (Auto),107.21,1249.04,1,No
CUST-100205,Male,0,Yes,No,36-45,Mumbai,72,Yes,No,DSL,No,Yes,No,No,Yes,Yes,Month-to-Month,No,Mailed Check,96.16,6933.47,2,No
CUST-100206,Female,0,No,Yes,18-25,Pune,31,Yes,No,No,No Internet Service,No Internet Service,No Internet Service,No Internet Service,No Internet Service,No Internet Service,One Year,No,Electronic Check,62.61,1886.77,1,No
CUST-100207,Female,0,No,No,26-35,Bangalore,0,Yes,No,No,No Internet Service,No Internet Service,No Internet Service,No Internet Service,No Internet Service,No Internet Service,Month-to-Month,No,Bank Transfer (Auto),40.41,0.0,0,No
CUST-100208,Female,0,No,No,56-65,Ahmedabad,50,Yes,Yes,Fiber Optic,No,No,No,No,Yes,No,Month-to-Month,No,Bank Transfer (Auto),83.55,4215.25,0,No
CUST-100209,Male,0,No,No,26-35,Bangalore,2,Yes,Yes,Fiber Optic,No,Yes,No,No,No,No,Month-to-Month,No,Electronic Check,91.96,153.63,1,Yes
CUST-100210,Male,0,Yes,Yes,46-55,Pune,3,Yes,No,No,No Internet Service,No Internet Service,No Internet Service,No Internet Service,No Internet Service,No Internet Service,Month-to-Month,No,Bank Transfer (Auto),33.11,118.02,2,No
CUST-100211,Male,0,Yes,Yes,46-55,Hyderabad,31,Yes,No,Fiber Optic,Yes,No,Yes,No,Yes,No,Month-to-Month,Yes,Bank Transfer (Auto),87.08,2658.13,0,No
CUST-100212,Male,0,Yes,No,26-35,Kolkata,48,Yes,No,Fiber Optic,No,No,No,No,No,Yes,Two Year,Yes,Electronic Check,72.9,3529.24,1,No
CUST-100213,Male,0,Yes,No,56-65,Hyderabad,18,Yes,Yes,Fiber Optic,Yes,No,No,No,Yes,No,Two Year,No,Mailed Check,97.15,1692.66,0,No
CUST-100214,Male,0,Yes,Yes,18-25,Delhi,8,Yes,Yes,DSL,Yes,Yes,No,No,No,No,Month-to-Month,Yes,Bank Transfer (Auto),71.34,600.41,1,No
CUST-100215,Male,0,No,Yes,18-25,Pune,10,Yes,No,Fiber Optic,Yes,No,Yes,Yes,No,No,Month-to-Month,No,Electronic Check,105.95,,2,Yes
CUST-100216,Female,0,Yes,Yes,46-55,Mumbai,10,Yes,No,Fiber Optic,No,No,No,Yes,No,Yes,Month-to-Month,No,Credit Card (Auto),92.68,900.05,1,Yes
CUST-100217,Male,1,No,No,26-35,Hyderabad,9,Yes,No,DSL,No,Yes,Yes,No,No,Yes,Month-to-Month,Yes,Electronic Check,83.45,717.99,4,Yes
CUST-100218,Female,1,Yes,No,36-45,Delhi,6,Yes,No,Fiber Optic,No,Yes,No,No,No,No,Month-to-Month,Yes,Electronic Check,83.14,555.8,0,Yes
CUST-100219,Male,0,No,Yes,18-25,Bangalore,22,Yes,Yes,DSL,No,No,No,No,Yes,Yes,Month-to-Month,Yes,Electronic Check,76.87,1694.38,2,Yes
CUST-100220,Male,1,No,No,26-35,Bangalore,55,Yes,No,DSL,No,No,No,Yes,No,Yes,One Year,Yes,Mailed Check,71.55,3876.77,1,No
CUST-100221,Male,0,No,Yes,46-55,Hyderabad,8,Yes,No,DSL,No,No,No,No,No,No,One Year,Yes,Bank Transfer (Auto),71.98,592.81,0,No
CUST-100222,Female,0,Yes,No,26-35,Bangalore,4,Yes,No,Fiber Optic,No,No,Yes,No,No,No,Month-to-Month,No,Mailed Check,86.6,357.23,2,Yes
CUST-100223,Female,0,No,No,56-65,Chennai,43,No,No Phone Service,DSL,No,No,Yes,No,No,No,Month-to-Month,No,Electronic Check,70.61,3004.6,1,No
CUST-100224,Female,0,No,No,26-35,Delhi,32,Yes,No,Fiber Optic,Yes,Yes,Yes,Yes,Yes,No,One Year,No,Credit Card (Auto),112.42,3563.88,1,No
CUST-100225,Female,0,Yes,No,18-25,Pune,64,Yes,Yes,Fiber Optic,No,No,No,Yes,No,No,Two Year,Yes,Electronic Check,78.85,5089.83,1,No
CUST-100226,Male,0,Yes,No,18-25,Chennai,4,Yes,Yes,DSL,No,No,No,Yes,Yes,No,Month-to-Month,Yes,Electronic Check,74.97,250.48,1,No
CUST-100227,Female,0,Yes,No,26-35,Bangalore,3,Yes,Yes,DSL,No,No,No,No,No,Yes,Month-to-Month,No,Electronic Check,66.5,130.97,1,No
CUST-100228,Male,0,No,No,18-25,Hyderabad,18,Yes,No,Fiber Optic,No,No,Yes,Yes,Yes,Yes,Month-to-Month,Yes,Electronic Check,108.66,1917.13,1,Yes
CUST-100229,Male,0,No,No,18-25,Bangalore,22,No,No Phone Service,Fiber Optic,Yes,Yes,No,No,No,Yes,Month-to-Month,No,Mailed Check,104.18,2335.24,2,Yes
CUST-100230,Female,0,No,Yes,26-35,Kolkata,15,Yes,Yes,Fiber Optic,No,Yes,Yes,No,Yes,Yes,Month-to-Month,No,Electronic Check,91.3,1356.43,2,Yes
CUST-100231,Female,0,Yes,No,26-35,Hyderabad,21,Yes,No,DSL,No,No,Yes,No,No,Yes,Month-to-Month,Yes,Electronic Check,77.56,1600.54,1,Yes
CUST-100232,Female,0,Yes,No,18-25,Pune,4,Yes,Yes,DSL,Yes,Yes,Yes,No,No,No,Month-to-Month,Yes,Credit Card (Auto),91.24,361.54,4,No
CUST-100233,Female,1,No,Yes,56-65,Pune,15,Yes,Yes,DSL,Yes,No,Yes,No,No,No,Month-to-Month,Yes,Electronic Check,73.23,1122.82,1,No
CUST-100234,Female,1,Yes,Yes,56-65,Pune,25,Yes,No,DSL,No,No,Yes,No,Yes,No,One Year,Yes,Credit Card (Auto),74.58,1941.24,0,No
CUST-100235,Female,0,No,No,26-35,Pune,13,No,No Phone Service,No,No Internet Service,No Internet Service,No Internet Service,No Internet Service,No Internet Service,No Internet Service,Month-to-Month,Yes,Bank Transfer (Auto),46.58,623.09,1,No
CUST-100236,Female,1,No,Yes,26-35,Delhi,27,Yes,No,Fiber Optic,No,No,No,No,No,No,One Year,Yes,Electronic Check,76.93,2175.11,2,No
CUST-100237,Female,0,Yes,No,18-25,Kolkata,14,Yes,No,Fiber Optic,No,No,No,No,No,No,Month-to-Month,Yes,Bank Transfer (Auto),86.86,1252.61,1,No
CUST-100238,Male,1,No,No,18-25,Pune,9,Yes,No,No,No Internet Service,No Internet Service,No Internet Service,No Internet Service,No Internet Service,No Internet Service,Month-to-Month,Yes,Mailed Check,57.38,501.54,1,No
CUST-100239,Female,0,Yes,No,18-25,Mumbai,8,No,No Phone Service,Fiber Optic,No,No,No,No,No,No,Two Year,Yes,Electronic Check,77.74,666.47,1,Yes
CUST-100240,Female,0,No,No,18-25,Chennai,12,Yes,No,DSL,No,No,Yes,No,No,No,One Year,No,Credit Card (Auto),64.01,799.97,0,No
CUST-100241,Male,0,Yes,No,56-65,Hyderabad,0,Yes,Yes,Fiber Optic,No,No,Yes,No,Yes,No,Month-to-Month,No,Bank Transfer (Auto),92.86,58.11,1,Yes
CUST-100242,Female,0,No,No,18-25,Mumbai,26,Yes,No,No,No Internet Service,No Internet Service,No Internet Service,No Internet Service,No Internet Service,No Internet Service,One Year,Yes,Credit Card (Auto),22.71,627.31,1,No
CUST-100243,Male,0,Yes,Yes,18-25,Hyderabad,44,Yes,Yes,Fiber Optic,No,No,No,No,No,No,One Year,Yes,Credit Card (Auto),78.02,3438.58,1,No
CUST-100244,Male,0,Yes,No,18-25,Ahmedabad,10,Yes,Yes,Fiber Optic,No,Yes,Yes,No,No,Yes,Month-to-Month,Yes,Electronic Check,104.98,1025.75,1,Yes
CUST-100245,Female,0,No,Yes,18-25,Kolkata,1,No,No Phone Service,DSL,Yes,No,No,No,Yes,Yes,Month-to-Month,Yes,Electronic Check,78.81,85.55,2,Yes
CUST-100246,Male,0,Yes,Yes,36-45,Mumbai,72,Yes,Yes,Fiber Optic,No,No,No,No,Yes,Yes,Two Year,Yes,Electronic Check,80.34,5710.38,1,No
CUST-100247,Male,0,No,No,18-25,Bangalore,7,Yes,No,No,No Internet Service,No Internet Service,No Internet Service,No Internet Service,No Internet Service,No Internet Service,Month-to-Month,Yes,Credit Card (Auto),49.2,336.25,0,No
CUST-100248,Male,0,Yes,Yes,26-35,Hyderabad,3,Yes,No,Fiber Optic,No,Yes,No,No,No,Yes,Month-to-Month,No,Credit Card (Auto),94.08,223.26,0,No
CUST-100249,Male,0,No,No,36-45,Chennai,11,Yes,Yes,DSL,No,Yes,No,No,No,Yes,Month-to-Month,No,Mailed Check,81.89,923.7,2,Yes
CUST-100250,Female,0,Yes,Yes,26-35,Pune,32,Yes,No,Fiber Optic,No,No,No,No,No,Yes,One Year,Yes,Electronic Check,73.43,2391.47,2,No
CUST-100251,Male,0,No,Yes,18-25,Kolkata,8,Yes,No,No,No Internet Service,No Internet Service,No Internet Service,No Internet Service,No Internet Service,No Internet Service,Two Year,Yes,Electronic Check,49.18,409.22,1,No
CUST-100252,Female,0,Yes,Yes,18-25,Chennai,20,Yes,No,No,No Internet Service,No Internet Service,No Internet Service,No Internet Service,No Internet Service,No Internet Service,Two Year,Yes,Credit Card (Auto),57.79,1147.67,0,No
CUST-100253,Male,0,Yes,Yes,46-55,Kolkata,12,Yes,No,No,No Internet Service,No Internet Service,No Internet Service,No Internet Service,No Internet Service,No Internet Service,One Year,No,Credit Card (Auto),39.36,458.06,2,No
CUST-100254,Male,1,Yes,No,18-25,Hyderabad,3,Yes,Yes,No,No Internet Service,No Internet Service,No Internet Service,No Internet Service,No Internet Service,No Internet Service,Two Year,Yes,Electronic Check,30.14,150.47,2,Yes
CUST-100255,Male,0,No,No,36-45,Mumbai,9,Yes,No,Fiber Optic,No,Yes,No,No,No,No,One Year,Yes,Electronic Check,95.0,904.33,4,Yes
CUST-100256,Male,0,Yes,No,36-45,Bangalore,30,Yes,No,No,No Internet Service,No Internet Service,No Internet Service,No Internet Service,No Internet Service,No Internet Service,One Year,Yes,Electronic Check,40.93,1174.83,2,No
CUST-100257,Female,1,No,No,36-45,Delhi,22,Yes,No,DSL,No,Yes,No,No,Yes,No,Two Year,Yes,Electronic Check,88.25,1954.26,2,No
CUST-100258,Female,0,No,Yes,46-55,Hyderabad,3,Yes,Yes,No,No Internet Service,No Internet Service,No Internet Service,No Internet Service,No Internet Service,No Internet Service,Month-to-Month,Yes,Credit Card (Auto),52.84,174.78,2,Yes
CUST-100259,Male,0,Yes,No,18-25,Chennai,4,Yes,Yes,DSL,Yes,No,No,No,No,Yes,One Year,Yes,Mailed Check,66.28,254.85,1,No
CUST-100260,Male,0,No,Yes,26-35,Chennai,24,Yes,No,Fiber Optic,No,No,Yes,Yes,Yes,Yes,One Year,No,Bank Transfer (Auto),75.16,1735.55,0,No
CUST-100261,Female,0,Yes,No,18-25,Hyderabad,40,Yes,Yes,DSL,No,No,No,No,No,Yes,Two Year,Yes,Mailed Check,67.02,2578.07,1,No
CUST-100262,Male,0,Yes,No,18-25,Pune,10,Yes,No,Fiber Optic,Yes,Yes,Yes,No,No,No,Two Year,No,Mailed Check,101.09,1019.51,1,Yes
CUST-100263,Male,0,No,No,18-25,Mumbai,21,Yes,No,DSL,No,No,Yes,Yes,No,Yes,Two Year,No,Electronic Check,75.95,1510.29,2,Yes
CUST-100264,Male,0,No,No,26-35,Ahmedabad,4,Yes,Yes,Fiber Optic,No,No,No,Yes,No,Yes,Two Year,No,Credit Card (Auto),98.43,367.54,0,No
CUST-100265,Female,1,No,No,26-35,Kolkata,8,Yes,No,Fiber Optic,No,No,Yes,No,No,No,Month-to-Month,No,Bank Transfer (Auto),78.7,663.82,3,No
CUST-100266,Female,0,Yes,No,26-35,Kolkata,0,No,No Phone Service,No,No Internet Service,No Internet Service,No Internet Service,No Internet Service,No Internet Service,No Internet Service,Month-to-Month,No,Mailed Check,64.5,20.8,2,No
CUST-100267,Female,0,Yes,No,18-25,Mumbai,35,Yes,Yes,No,No Internet Service,No Internet Service,No Internet Service,No Internet Service,No Internet Service,No Internet Service,Month-to-Month,Yes,Electronic Check,48.78,1677.47,2,No
CUST-100268,Male,0,Yes,Yes,18-25,Delhi,12,Yes,No,No,No Internet Service,No Internet Service,No Internet Service,No Internet Service,No Internet Service,No Internet Service,Month-to-Month,Yes,Electronic Check,46.35,600.97,0,No
CUST-100269,Male,0,No,No,18-25,Mumbai,40,Yes,No,No,No Internet Service,No Internet Service,No Internet Service,No Internet Service,No Internet Service,No Internet Service,Month-to-Month,Yes,Electronic Check,38.77,1577.1,0,No
CUST-100270,Female,0,No,No,18-25,Kolkata,29,Yes,No,DSL,No,Yes,No,Yes,No,Yes,Month-to-Month,Yes,Bank Transfer (Auto),77.32,2217.88,1,No
CUST-100271,Female,0,No,No,26-35,Pune,42,Yes,No,DSL,Yes,No,No,Yes,No,Yes,Month-to-Month,Yes,Mailed Check,88.32,3785.5,3,No
CUST-100272,Female,0,Yes,Yes,36-45,Mumbai,8,Yes,Yes,Fiber Optic,No,No,Yes,Yes,No,Yes,Two Year,Yes,Mailed Check,104.8,862.77,3,No
CUST-100273,Female,0,Yes,No,36-45,Bangalore,4,Yes,Yes,No,No Internet Service,No Internet Service,No Internet Service,No Internet Service,No Internet Service,No Internet Service,Month-to-Month,No,Credit Card (Auto),24.39,58.57,2,No
CUST-100274,Male,0,Yes,No,18-25,Hyderabad,72,Yes,No,No,No Internet Service,No Internet Service,No Internet Service,No Internet Service,No Internet Service,No Internet Service,Two Year,No,Mailed Check,48.52,3390.79,1,No
CUST-100275,Female,0,Yes,No,18-25,Pune,30,No,No Phone Service,DSL,No,Yes,No,No,No,No,Two Year,No,Mailed Check,79.62,2399.79,1,No
CUST-100276,Male,0,Yes,Yes,26-35,Delhi,43,Yes,Yes,No,No Internet Service,No Internet Service,No Internet Service,No Internet Service,No Internet Service,No Internet Service,Month-to-Month,Yes,Electronic Check,49.22,2091.21,1,No
CUST-100277,Female,0,No,No,26-35,Delhi,0,Yes,No,DSL,No,No,No,No,Yes,Yes,Month-to-Month,Yes,Credit Card (Auto),83.27,1.05,6,Yes
CUST-100278,Male,0,No,No,18-25,Hyderabad,10,Yes,No,DSL,No,No,No,No,No,No,One Year,Yes,Bank Transfer (Auto),61.79,606.06,3,No
CUST-100279,Female,0,No,No,36-45,Hyderabad,32,Yes,Yes,No,No Internet Service,No Internet Service,No Internet Service,No Internet Service,No Internet Service,No Internet Service,One Year,Yes,Electronic Check,57.89,1742.57,3,No
CUST-100280,Female,0,Yes,No,26-35,Mumbai,1,Yes,No,DSL,No,No,No,No,Yes,No,Month-to-Month,Yes,Bank Transfer (Auto),67.93,53.32,1,Yes
CUST-100281,Female,1,Yes,No,26-35,Pune,20,Yes,Yes,DSL,No,Yes,Yes,No,Yes,Yes,Month-to-Month,No,Mailed Check,70.8,1360.87,2,Yes
CUST-100282,Female,1,No,Yes,18-25,Delhi,13,Yes,No,Fiber Optic,No,No,No,No,No,Yes,Month-to-Month,Yes,Credit Card (Auto),89.21,1134.32,1,No
CUST-100283,Male,0,Yes,Yes,18-25,Kolkata,0,Yes,No,DSL,No,No,No,No,No,No,Month-to-Month,Yes,Credit Card (Auto),68.1,0.0,0,No
CUST-100284,Female,1,No,No,56-65,Pune,6,Yes,Yes,DSL,Yes,Yes,Yes,No,No,No,Month-to-Month,Yes,Bank Transfer (Auto),69.44,419.83,4,No
CUST-100285,Male,0,No,No,26-35,Ahmedabad,8,Yes,No,DSL,No,No,No,No,Yes,No,Month-to-Month,No,Bank Transfer (Auto),59.77,493.15,2,No
CUST-100286,Male,1,Yes,Yes,18-25,Delhi,2,Yes,No,DSL,No,Yes,Yes,No,No,No,One Year,No,Electronic Check,94.45,211.97,2,Yes
CUST-100287,Male,0,No,No,,Ahmedabad,23,Yes,No,Fiber Optic,No,Yes,No,No,No,Yes,Two Year,No,Bank Transfer (Auto),94.35,2050.16,0,No
CUST-100288,Male,1,Yes,No,18-25,Pune,6,Yes,Yes,DSL,No,Yes,Yes,Yes,No,No,One Year,Yes,Bank Transfer (Auto),77.74,537.5,2,No
CUST-100289,Female,1,No,No,26-35,Kolkata,7,Yes,No,No,No Internet Service,No Internet Service,No Internet Service,No Internet Service,No Internet Service,No Internet Service,Two Year,No,Mailed Check,51.8,281.0,0,No
CUST-100290,Male,0,No,Yes,65+,Mumbai,54,Yes,Yes,Fiber Optic,No,Yes,No,No,No,No,One Year,No,Bank Transfer (Auto),72.73,3926.75,1,No
CUST-100291,Male,1,Yes,Yes,46-55,Bangalore,15,Yes,No,Fiber Optic,No,No,No,No,Yes,Yes,One Year,Yes,Credit Card (Auto),97.0,1413.57,1,No
CUST-100292,Male,0,Yes,No,26-35,Mumbai,11,Yes,No,Fiber Optic,Yes,Yes,No,Yes,No,No,Month-to-Month,No,Electronic Check,94.3,1052.08,0,No
CUST-100293,Female,0,No,No,36-45,Delhi,30,Yes,Yes,No,No Internet Service,No Internet Service,No Internet Service,No Internet Service,No Internet Service,No Internet Service,Month-to-Month,No,Electronic Check,37.6,1036.53,3,Yes
CUST-100294,Female,0,No,No,18-25,Kolkata,57,Yes,Yes,DSL,Yes,No,No,No,No,No,Two Year,Yes,Bank Transfer (Auto),67.5,3924.96,2,No
CUST-100295,Female,0,Yes,No,26-35,Bangalore,0,Yes,No,No,No Internet Service,No Internet Service,No Internet Service,No Internet Service,No Internet Service,No Internet Service,Two Year,Yes,Credit Card (Auto),53.2,0.0,0,No
CUST-100296,Female,0,No,No,26-35,Chennai,14,Yes,No,DSL,Yes,Yes,No,No,No,No,Month-to-Month,Yes,Credit Card (Auto),84.04,1201.59,2,No
CUST-100297,Male,0,Yes,No,18-25,Hyderabad,22,Yes,No,DSL,No,No,No,No,No,No,Month-to-Month,No,Bank Transfer (Auto),56.96,1213.09,1,No
CUST-100298,Male,1,Yes,No,36-45,Hyderabad,9,Yes,No,No,No Internet Service,No Internet Service,No Internet Service,No Internet Service,No Internet Service,No Internet Service,One Year,No,Credit Card (Auto),59.81,621.33,3,No
CUST-100299,Female,0,Yes,No,18-25,Chennai,35,Yes,No,Fiber Optic,No,Yes,No,Yes,No,Yes,Month-to-Month,Yes,Bank Transfer (Auto),105.67,3629.85,2,No
CUST-100300,Male,0,Yes,No,18-25,Bangalore,72,Yes,Yes,Fiber Optic,No,No,Yes,No,No,No,Month-to-Month,Yes,Electronic Check,67.64,4738.53,3,No
CUST-100301,Male,1,Yes,Yes,18-25,Mumbai,68,Yes,No,DSL,Yes,No,Yes,No,Yes,No,Two Year,Yes,Bank Transfer (Auto),87.53,6020.19,0,No
CUST-100302,Male,1,No,No,46-55,Pune,7,No,No Phone Service,Fiber Optic,No,No,No,No,No,Yes,Month-to-Month,Yes,Electronic Check,89.55,568.04,4,Yes
CUST-100303,Female,1,Yes,Yes,36-45,Delhi,6,Yes,Yes,Fiber Optic,No,No,No,No,No,No,One Year,No,Electronic Check,83.1,495.1,3,No
CUST-100304,Female,0,Yes,No,46-55,Chennai,72,Yes,No,Fiber Optic,No,No,Yes,Yes,No,Yes,Two Year,No,Mailed Check,112.75,8195.92,1,No
CUST-100305,Male,1,Yes,No,56-65,Chennai,14,Yes,No,Fiber Optic,Yes,No,No,No,No,No,Month-to-Month,Yes,Electronic Check,85.72,1179.82,1,Yes
CUST-100306,Female,0,No,Yes,18-25,Mumbai,5,Yes,No,Fiber Optic,Yes,No,No,No,Yes,Yes,Month-to-Month,Yes,Electronic Check,108.44,555.21,0,No
CUST-100307,Female,0,No,No,18-25,Delhi,29,Yes,No,No,No Internet Service,No Internet Service,No Internet Service,No Internet Service,No Internet Service,No Internet Service,Month-to-Month,No,Electronic Check,64.25,1904.0,2,Yes
CUST-100308,Female,0,Yes,No,18-25,Bangalore,8,Yes,No,Fiber Optic,Yes,No,No,No,No,No,Month-to-Month,Yes,Electronic Check,96.63,774.54,2,Yes
CUST-100309,Female,0,Yes,No,18-25,Bangalore,7,No,No Phone Service,Fiber Optic,No,Yes,No,No,Yes,Yes,One Year,No,Electronic Check,103.27,787.95,2,Yes
CUST-100310,Female,0,Yes,Yes,18-25,Delhi,50,Yes,Yes,Fiber Optic,No,No,No,No,Yes,Yes,Month-to-Month,Yes,Mailed Check,91.48,4609.27,0,No
CUST-100311,Male,0,Yes,No,56-65,Delhi,4,Yes,No,DSL,No,No,No,No,Yes,No,Month-to-Month,No,Bank Transfer (Auto),73.72,250.18,1,No
CUST-100312,Female,0,Yes,Yes,46-55,Delhi,1,No,No Phone Service,DSL,Yes,Yes,No,No,Yes,No,Month-to-Month,Yes,Credit Card (Auto),90.08,126.67,0,Yes
CUST-100313,Male,0,Yes,Yes,18-25,Mumbai,7,Yes,Yes,No,No Internet Service,No Internet Service,No Internet Service,No Internet Service,No Internet Service,No Internet Service,Month-to-Month,Yes,Credit Card (Auto),31.6,219.48,0,No
CUST-100314,Male,0,Yes,Yes,26-35,Mumbai,22,Yes,No,No,No Internet Service,No Internet Service,No Internet Service,No Internet Service,No Internet Service,No Internet Service,Month-to-Month,No,Mailed Check,40.37,886.66,0,No
CUST-100315,Female,0,No,Yes,65+,Kolkata,3,Yes,Yes,Fiber Optic,Yes,No,No,Yes,Yes,Yes,One Year,Yes,Bank Transfer (Auto),91.74,291.84,0,No
CUST-100316,Male,0,Yes,No,26-35,Kolkata,15,Yes,No,Fiber Optic,No,No,No,No,No,Yes,Month-to-Month,Yes,Electronic Check,101.5,1568.53,5,Yes
CUST-100317,Male,0,No,No,26-35,Hyderabad,23,Yes,No,Fiber Optic,No,Yes,No,No,Yes,No,Month-to-Month,No,Electronic Check,81.97,1837.18,3,Yes
CUST-100318,Male,0,No,No,26-35,Bangalore,45,Yes,Yes,No,No Internet Service,No Internet Service,No Internet Service,No Internet Service,No Internet Service,No Internet Service,Month-to-Month,Yes,Bank Transfer (Auto),57.67,2660.42,0,Yes
CUST-100319,Female,0,No,No,18-25,Chennai,6,Yes,No,DSL,No,Yes,No,No,No,No,Two Year,Yes,Bank Transfer (Auto),77.23,525.58,0,No
CUST-100320,Female,1,Yes,Yes,18-25,Mumbai,40,Yes,No,Fiber Optic,No,No,Yes,No,No,Yes,Month-to-Month,No,Credit Card (Auto),87.87,3483.18,2,No
CUST-100321,Male,0,Yes,No,46-55,Mumbai,6,Yes,No,Fiber Optic,No,No,Yes,No,No,No,One Year,No,Bank Transfer (Auto),79.48,564.81,2,No
CUST-100322,Female,0,Yes,Yes,18-25,Mumbai,27,Yes,No,DSL,No,No,No,No,Yes,Yes,One Year,No,Electronic Check,80.86,2174.55,0,Yes
CUST-100323,Female,0,No,No,18-25,Chennai,13,Yes,No,Fiber Optic,No,No,Yes,Yes,No,Yes,One Year,No,Credit Card (Auto),95.94,1275.58,0,Yes
CUST-100324,Female,0,Yes,No,18-25,Kolkata,2,Yes,Yes,No,No Internet Service,No Internet Service,No Internet Service,No Internet Service,No Internet Service,No Internet Service,Month-to-Month,No,Bank Transfer (Auto),47.59,72.1,1,No
CUST-100325,Female,1,No,Yes,18-25,Hyderabad,30,Yes,Yes,DSL,No,Yes,No,No,No,Yes,Two Year,Yes,Credit Card (Auto),56.98,1750.37,0,No
CUST-100326,Male,0,No,No,26-35,Delhi,5,Yes,No,DSL,No,No,No,No,No,No,One Year,No,Credit Card (Auto),58.51,270.3,0,No
CUST-100327,Male,0,Yes,Yes,26-35,Bangalore,4,Yes,Yes,DSL,Yes,No,Yes,Yes,Yes,Yes,Two Year,No,Electronic Check,87.29,357.15,1,No
CUST-100328,Female,0,No,No,18-25,Kolkata,10,Yes,No,Fiber Optic,No,No,Yes,Yes,No,No,Month-to-Month,Yes,Electronic Check,106.55,934.56,2,Yes
CUST-100329,Female,0,Yes,Yes,26-35,Hyderabad,25,Yes,No,DSL,No,No,No,No,No,Yes,One Year,Yes,Electronic Check,75.68,1868.41,3,Yes
CUST-100330,Male,0,Yes,No,26-35,Bangalore,6,Yes,No,DSL,No,No,No,No,Yes,No,One Year,No,Electronic Check,58.66,323.7,1,Yes
CUST-100331,Male,0,Yes,Yes,18-25,Chennai,4,Yes,Yes,Fiber Optic,No,No,No,No,No,Yes,Month-to-Month,No,Electronic Check,104.73,324.35,1,Yes
CUST-100332,Female,0,Yes,No,26-35,Bangalore,0,Yes,No,DSL,Yes,Yes,No,Yes,No,Yes,Month-to-Month,No,Mailed Check,88.9,38.42,0,No
CUST-100333,Male,0,No,No,56-65,Mumbai,15,Yes,Yes,No,No Internet Service,No Internet Service,No Internet Service,No Internet Service,No Internet Service,No Internet Service,One Year,No,Credit Card (Auto),45.08,656.92,1,No
CUST-100334,Female,0,Yes,No,36-45,Ahmedabad,13,No,No Phone Service,Fiber Optic,No,No,No,No,No,No,Month-to-Month,Yes,Credit Card (Auto),76.64,905.42,0,No
CUST-100335,Female,1,Yes,No,18-25,Pune,6,Yes,No,DSL,No,Yes,Yes,Yes,Yes,Yes,One Year,Yes,Bank Transfer (Auto),98.03,618.26,1,No
CUST-100336,Male,1,No,No,26-35,Ahmedabad,1,Yes,No,Fiber Optic,No,No,No,Yes,No,No,Month-to-Month,Yes,Electronic Check,92.61,147.08,0,No
CUST-100337,Male,0,No,No,18-25,Kolkata,13,Yes,Yes,DSL,Yes,Yes,Yes,Yes,No,Yes,Month-to-Month,Yes,Mailed Check,110.88,1434.72,2,No
CUST-100338,Female,0,Yes,Yes,26-35,Bangalore,37,Yes,No,Fiber Optic,Yes,No,Yes,No,Yes,Yes,One Year,No,Bank Transfer (Auto),107.3,3894.62,3,No
CUST-100339,Female,0,No,Yes,65+,Bangalore,30,Yes,No,DSL,No,No,No,No,Yes,Yes,Month-to-Month,Yes,Electronic Check,67.62,1934.4,2,Yes
CUST-100340,Male,0,No,No,65+,Mumbai,47,Yes,Yes,Fiber Optic,No,No,Yes,No,No,No,Two Year,Yes,Credit Card (Auto),104.47,4848.86,1,No
CUST-100341,Female,0,Yes,No,46-55,Pune,0,No,No Phone Service,Fiber Optic,No,Yes,No,Yes,Yes,No,Two Year,Yes,Credit Card (Auto),91.51,0.0,5,No
CUST-100342,Male,1,Yes,No,18-25,Chennai,72,Yes,No,DSL,No,No,No,No,Yes,Yes,One Year,Yes,Mailed Check,75.81,5543.81,1,No
CUST-100343,Female,1,Yes,Yes,36-45,Delhi,10,Yes,No,DSL,No,Yes,No,No,No,No,Two Year,Yes,Bank Transfer (Auto),79.68,786.59,1,No
CUST-100344,Male,0,No,No,18-25,Ahmedabad,72,Yes,No,No,No Internet Service,No Internet Service,No Internet Service,No Internet Service,No Internet Service,No Internet Service,Two Year,Yes,Electronic Check,57.99,4111.65,0,No
CUST-100345,Male,0,No,Yes,56-65,Pune,6,Yes,No,DSL,No,Yes,No,Yes,Yes,Yes,Month-to-Month,Yes,Bank Transfer (Auto),86.46,488.01,1,Yes
CUST-100346,Male,0,No,No,26-35,Kolkata,15,Yes,No,DSL,Yes,Yes,No,No,No,Yes,Two Year,Yes,Electronic Check,79.62,1247.83,2,Yes
CUST-100347,Female,0,No,No,26-35,Delhi,10,Yes,No,DSL,No,No,No,No,Yes,Yes,Month-to-Month,No,Electronic Check,58.36,611.36,3,Yes
CUST-100348,Female,0,Yes,Yes,18-25,Chennai,10,Yes,No,Fiber Optic,Yes,No,No,Yes,Yes,Yes,Month-to-Month,Yes,Bank Transfer (Auto),98.06,982.93,2,No
CUST-100349,Male,0,Yes,No,26-35,Ahmedabad,44,Yes,Yes,Fiber Optic,No,Yes,Yes,No,No,No,One Year,Yes,Bank Transfer (Auto),85.42,3750.05,2,Yes
CUST-100350,Female,0,Yes,Yes,18-25,Bangalore,32,Yes,Yes,Fiber Optic,No,No,Yes,No,No,No,One Year,Yes,Bank Transfer (Auto),89.58,2866.74,0,No
CUST-100351,Male,0,No,No,26-35,Bangalore,72,Yes,Yes,Fiber Optic,Yes,Yes,No,No,No,No,Month-to-Month,Yes,Mailed Check,102.84,7412.27,1,No
CUST-100352,Male,0,No,No,46-55,Hyderabad,22,Yes,Yes,Fiber Optic,Yes,Yes,No,No,No,Yes,Month-to-Month,No,Bank Transfer (Auto),106.49,2333.07,0,No
CUST-100353,Female,1,Yes,No,36-45,Mumbai,14,Yes,No,No,No Internet Service,No Internet Service,No Internet Service,No Internet Service,No Internet Service,No Internet Service,One Year,Yes,Credit Card (Auto),41.23,582.33,1,No
CUST-100354,Female,0,No,No,18-25,Delhi,2,Yes,Yes,No,No Internet Service,No Internet Service,No Internet Service,No Internet Service,No Internet Service,No Internet Service,Month-to-Month,Yes,Credit Card (Auto),35.17,55.31,1,No
CUST-100355,Male,0,Yes,Yes,18-25,Bangalore,72,Yes,No,No,No Internet Service,No Internet Service,No Internet Service,No Internet Service,No Internet Service,No Internet Service,One Year,No,Credit Card (Auto),41.48,2943.78,2,No
CUST-100356,Female,0,Yes,No,26-35,Mumbai,19,Yes,No,No,No Internet Service,No Internet Service,No Internet Service,No Internet Service,No Internet Service,No Internet Service,One Year,No,Credit Card (Auto),42.94,802.68,0,No
CUST-100357,Female,0,Yes,No,18-25,Bangalore,28,Yes,Yes,Fiber Optic,No,Yes,No,No,No,Yes,Month-to-Month,Yes,Bank Transfer (Auto),87.8,2474.91,1,No
CUST-100358,Male,0,Yes,No,36-45,Hyderabad,12,No,No Phone Service,Fiber Optic,Yes,No,No,Yes,No,Yes,Month-to-Month,Yes,Bank Transfer (Auto),96.52,1121.86,1,No
CUST-100359,Male,0,Yes,Yes,18-25,Mumbai,19,Yes,No,DSL,Yes,No,No,No,No,No,One Year,Yes,Electronic Check,55.36,1072.89,1,No
CUST-100360,Female,1,Yes,No,18-25,Hyderabad,68,Yes,Yes,No,No Internet Service,No Internet Service,No Internet Service,No Internet Service,No Internet Service,No Internet Service,Month-to-Month,No,Electronic Check,49.26,3391.16,2,No
CUST-100361,Male,0,Yes,No,18-25,Pune,4,Yes,No,DSL,Yes,No,No,Yes,No,Yes,Month-to-Month,Yes,Credit Card (Auto),75.24,318.02,4,No
CUST-100362,Male,1,Yes,No,46-55,Mumbai,8,Yes,No,DSL,No,No,Yes,Yes,No,No,Month-to-Month,No,Credit Card (Auto),94.5,727.92,1,No
CUST-100363,Female,0,No,No,,Ahmedabad,3,Yes,No,Fiber Optic,No,No,No,No,Yes,Yes,Month-to-Month,No,Bank Transfer (Auto),93.81,286.23,1,No
CUST-100364,Male,0,Yes,No,18-25,Bangalore,37,Yes,No,Fiber Optic,Yes,No,No,No,No,Yes,Month-to-Month,No,Mailed Check,89.5,3319.17,2,No
CUST-100365,Male,0,No,No,26-35,Bangalore,1,Yes,No,Fiber Optic,No,No,Yes,No,Yes,Yes,Month-to-Month,No,Electronic Check,104.73,114.69,1,Yes
CUST-100366,Female,0,Yes,No,36-45,Hyderabad,2,Yes,No,Fiber Optic,No,Yes,No,No,No,No,One Year,Yes,Electronic Check,93.36,261.22,1,No
CUST-100367,Female,0,Yes,Yes,18-25,Bangalore,8,No,No Phone Service,No,No Internet Service,No Internet Service,No Internet Service,No Internet Service,No Internet Service,No Internet Service,One Year,Yes,Mailed Check,50.4,345.3,1,No
CUST-100368,Male,0,Yes,No,18-25,Chennai,17,Yes,No,Fiber Optic,No,No,Yes,No,No,No,Two Year,Yes,Mailed Check,101.92,1742.98,0,No
CUST-100369,Male,0,Yes,No,18-25,Delhi,12,Yes,No,No,No Internet Service,No Internet Service,No Internet Service,No Internet Service,No Internet Service,No Internet Service,Month-to-Month,Yes,Credit Card (Auto),41.48,477.75,2,No
CUST-100370,Female,1,No,No,18-25,Ahmedabad,1,Yes,No,Fiber Optic,Yes,No,No,No,No,No,Month-to-Month,No,Electronic Check,87.45,25.17,1,Yes
CUST-100371,Female,1,Yes,No,18-25,Kolkata,72,Yes,No,No,No Internet Service,No Internet Service,No Internet Service,No Internet Service,No Internet Service,No Internet Service,One Year,Yes,Mailed Check,51.65,3655.9,0,No
CUST-100372,Female,1,No,No,18-25,Chennai,72,Yes,No,DSL,No,Yes,No,No,No,No,One Year,No,Mailed Check,65.98,4794.43,0,No
CUST-100373,Female,0,No,Yes,46-55,Pune,7,Yes,No,DSL,Yes,Yes,Yes,No,No,No,One Year,No,Credit Card (Auto),89.61,557.06,2,No
CUST-100374,Male,0,No,No,46-55,Pune,31,Yes,Yes,Fiber Optic,No,Yes,No,No,No,Yes,One Year,Yes,Credit Card (Auto),101.49,3161.13,2,No
CUST-100375,Female,0,No,No,46-55,Hyderabad,20,Yes,No,DSL,No,No,No,Yes,No,Yes,One Year,No,Mailed Check,75.13,1509.17,3,No
CUST-100376,Female,0,No,No,36-45,Mumbai,6,Yes,Yes,No,No Internet Service,No Internet Service,No Internet Service,No Internet Service,No Internet Service,No Internet Service,Month-to-Month,No,Credit Card (Auto),54.86,286.26,4,No
CUST-100377,Male,0,Yes,No,36-45,Bangalore,7,Yes,Yes,Fiber Optic,No,No,No,No,Yes,No,One Year,Yes,Mailed Check,90.39,674.53,0,No
CUST-100378,Female,0,No,No,36-45,Kolkata,16,Yes,No,Fiber Optic,No,Yes,No,Yes,Yes,No,One Year,Yes,Electronic Check,95.16,1463.48,2,No
CUST-100379,Male,0,Yes,Yes,46-55,Chennai,13,Yes,Yes,Fiber Optic,No,No,Yes,No,No,Yes,Two Year,Yes,Bank Transfer (Auto),93.51,1188.18,1,Yes
CUST-100380,Female,0,Yes,No,18-25,Kolkata,8,Yes,No,Fiber Optic,No,Yes,Yes,Yes,Yes,Yes,One Year,Yes,Electronic Check,101.55,757.84,1,Yes
CUST-100381,Female,1,Yes,No,36-45,Kolkata,39,Yes,No,Fiber Optic,Yes,Yes,No,No,No,No,One Year,No,Bank Transfer (Auto),101.36,3991.28,4,No
CUST-100382,Female,0,No,No,46-55,Hyderabad,15,Yes,No,DSL,No,No,Yes,No,Yes,Yes,Month-to-Month,No,Credit Card (Auto),73.15,1156.43,1,No
CUST-100383,Male,0,No,No,26-35,Bangalore,25,Yes,Yes,Fiber Optic,No,No,Yes,No,Yes,Yes,Two Year,Yes,Credit Card (Auto),97.43,2448.18,1,No
CUST-100384,Male,0,Yes,Yes,46-55,Bangalore,5,Yes,Yes,DSL,No,No,No,Yes,No,Yes,Two Year,Yes,Electronic Check,85.39,553.91,2,No
CUST-100385,Female,1,No,Yes,18-25,Bangalore,18,Yes,No,No,No Internet Service,No Internet Service,No Internet Service,No Internet Service,No Internet Service,No Internet Service,One Year,Yes,Electronic Check,43.0,796.29,1,No
CUST-100386,Male,0,Yes,No,18-25,Ahmedabad,9,Yes,No,DSL,Yes,No,No,No,Yes,Yes,One Year,No,Electronic Check,96.26,897.95,1,No
CUST-100387,Male,0,Yes,No,26-35,Mumbai,17,Yes,Yes,Fiber Optic,No,No,No,No,No,No,Month-to-Month,No,Electronic Check,79.23,1397.24,0,No
CUST-100388,Male,0,Yes,No,18-25,Mumbai,36,Yes,Yes,DSL,No,No,No,No,No,No,One Year,Yes,Electronic Check,61.57,2182.9,0,No
CUST-100389,Male,0,Yes,No,18-25,Bangalore,35,Yes,Yes,Fiber Optic,No,Yes,Yes,Yes,Yes,No,One Year,No,Mailed Check,89.62,3157.12,1,No
CUST-100390,Male,0,Yes,No,65+,Pune,10,Yes,Yes,Fiber Optic,No,No,Yes,No,Yes,No,One Year,No,Bank Transfer (Auto),86.11,812.75,0,No
CUST-100391,Male,0,No,No,36-45,Kolkata,28,Yes,No,Fiber Optic,No,No,No,No,No,No,Month-to-Month,Yes,Bank Transfer (Auto),84.09,2288.61,5,No
CUST-100392,Female,0,No,Yes,18-25,Kolkata,68,No,No Phone Service,No,No Internet Service,No Internet Service,No Internet Service,No Internet Service,No Internet Service,No Internet Service,One Year,Yes,Electronic Check,66.54,4579.33,1,No
CUST-100393,Female,0,Yes,No,18-25,Hyderabad,23,Yes,No,DSL,No,No,Yes,Yes,No,No,Month-to-Month,Yes,Electronic Check,78.03,1752.19,0,Yes
CUST-100394,Male,0,No,No,18-25,Kolkata,3,Yes,No,Fiber Optic,No,No,No,No,No,No,One Year,Yes,Electronic Check,90.82,,4,Yes
CUST-100395,Female,1,No,Yes,,Delhi,27,Yes,Yes,DSL,No,No,No,No,No,Yes,Month-to-Month,Yes,Electronic Check,67.73,1910.29,1,No
CUST-100396,Female,0,No,No,65+,Chennai,2,Yes,No,Fiber Optic,No,No,Yes,Yes,No,No,One Year,Yes,Mailed Check,93.4,96.25,5,Yes
CUST-100397,Female,0,No,No,26-35,Bangalore,49,Yes,No,No,No Internet Service,No Internet Service,No Internet Service,No Internet Service,No Internet Service,No Internet Service,Month-to-Month,No,Electronic Check,35.01,1748.05,1,No
CUST-100398,Female,0,Yes,No,26-35,Delhi,17,Yes,Yes,No,No Internet Service,No Internet Service,No Internet Service,No Internet Service,No Internet Service,No Internet Service,Month-to-Month,Yes,Bank Transfer (Auto),35.27,598.5,0,No
CUST-100399,Male,0,No,Yes,26-35,Mumbai,11,Yes,Yes,Fiber Optic,No,No,No,No,No,No,One Year,Yes,Credit Card (Auto),70.79,775.17,1,No
CUST-100400,Female,0,No,No,26-35,Bangalore,1,No,No Phone Service,Fiber Optic,No,No,No,No,Yes,No,Month-to-Month,Yes,Mailed Check,74.66,77.64,2,Yes
CUST-100401,Female,0,Yes,Yes,18-25,Mumbai,11,Yes,Yes,DSL,No,No,Yes,No,No,No,One Year,Yes,Bank Transfer (Auto),89.75,988.13,0,No
CUST-100402,Male,0,Yes,Yes,18-25,Bangalore,56,Yes,No,DSL,No,Yes,No,No,Yes,Yes,Two Year,No,Electronic Check,77.03,4339.84,0,No
CUST-100403,Male,0,No,No,36-45,Hyderabad,0,Yes,No,Fiber Optic,Yes,No,No,No,Yes,No,Two Year,Yes,Credit Card (Auto),85.49,0.0,1,No
CUST-100404,Female,0,Yes,No,18-25,Bangalore,15,Yes,Yes,DSL,No,Yes,Yes,No,No,No,Month-to-Month,No,Electronic Check,68.9,1058.61,1,No
CUST-100405,Female,0,No,No,18-25,Pune,64,Yes,Yes,Fiber Optic,No,No,No,No,Yes,Yes,Two Year,Yes,Electronic Check,100.24,6358.98,2,No
CUST-100406,Female,1,Yes,No,46-55,Delhi,12,No,No Phone Service,DSL,Yes,Yes,No,No,No,No,Month-to-Month,Yes,Electronic Check,72.62,976.63,1,No
CUST-100407,Female,0,No,No,36-45,Mumbai,13,Yes,No,Fiber Optic,No,Yes,No,Yes,Yes,No,Two Year,No,Electronic Check,117.51,1522.38,2,No
CUST-100408,Female,0,Yes,No,36-45,Delhi,20,No,No Phone Service,DSL,No,Yes,No,No,No,Yes,One Year,No,Bank Transfer (Auto),87.71,1763.17,3,No
CUST-100409,Female,0,No,No,26-35,Kolkata,14,Yes,No,DSL,No,No,Yes,No,No,No,Month-to-Month,No,Credit Card (Auto),67.47,1033.12,1,No
CUST-100410,Male,0,No,No,26-35,Chennai,4,Yes,No,DSL,No,No,Yes,Yes,No,No,Month-to-Month,No,Credit Card (Auto),70.62,243.75,0,No
CUST-100411,Female,0,Yes,No,46-55,Hyderabad,0,Yes,Yes,DSL,No,Yes,No,Yes,Yes,No,Month-to-Month,No,Mailed Check,70.19,0.0,2,No
CUST-100412,Female,0,No,No,18-25,Hyderabad,22,Yes,No,DSL,Yes,No,No,No,Yes,Yes,One Year,No,Bank Transfer (Auto),86.59,1834.48,0,No
CUST-100413,Male,1,Yes,Yes,18-25,Pune,60,Yes,No,Fiber Optic,Yes,No,No,No,No,No,Month-to-Month,Yes,Bank Transfer (Auto),89.49,5320.89,3,No
CUST-100414,Male,0,Yes,No,26-35,Delhi,2,Yes,Yes,Fiber Optic,No,No,Yes,Yes,No,No,One Year,No,Credit Card (Auto),100.0,128.8,0,No
CUST-100415,Male,0,Yes,No,26-35,Delhi,5,Yes,No,Fiber Optic,Yes,No,No,No,No,Yes,One Year,Yes,Bank Transfer (Auto),98.97,534.76,4,No
CUST-100416,Male,0,No,No,18-25,Mumbai,11,Yes,No,Fiber Optic,No,Yes,No,Yes,No,No,Two Year,Yes,Bank Transfer (Auto),95.86,1082.93,1,No
CUST-100417,Female,1,Yes,No,18-25,Bangalore,39,Yes,Yes,DSL,No,Yes,No,No,Yes,Yes,Two Year,Yes,Bank Transfer (Auto),92.78,3596.56,1,No
CUST-100418,Female,0,Yes,Yes,18-25,Delhi,7,Yes,Yes,Fiber Optic,No,Yes,No,No,No,Yes,Month-to-Month,No,Bank Transfer (Auto),97.3,655.77,2,No
CUST-100419,Female,0,Yes,No,36-45,Ahmedabad,51,Yes,Yes,Fiber Optic,Yes,No,No,Yes,No,Yes,One Year,No,Electronic Check,91.69,4724.72,2,Yes
CUST-100420,Female,0,No,No,18-25,Mumbai,1,Yes,Yes,No,No Internet Service,No Internet Service,No Internet Service,No Internet Service,No Internet Service,No Internet Service,Two Year,No,Electronic Check,45.94,45.69,1,No
CUST-100421,Female,0,No,Yes,56-65,Hyderabad,67,Yes,Yes,DSL,Yes,Yes,No,No,Yes,No,Two Year,Yes,Bank Transfer (Auto),83.01,5518.31,2,No
CUST-100422,Female,0,Yes,No,36-45,Pune,19,Yes,No,DSL,Yes,No,Yes,No,Yes,Yes,Month-to-Month,Yes,Credit Card (Auto),91.74,1796.72,0,No
CUST-100423,Male,0,Yes,No,36-45,Kolkata,25,Yes,Yes,Fiber Optic,No,No,No,No,Yes,No,Month-to-Month,Yes,Mailed Check,76.81,1913.18,1,No
CUST-100424,Female,0,No,No,46-55,Ahmedabad,11,No,No Phone Service,Fiber Optic,Yes,No,Yes,No,No,No,Month-to-Month,Yes,Credit Card (Auto),96.43,1094.59,1,No
CUST-100425,Male,1,Yes,No,18-25,Mumbai,36,Yes,Yes,DSL,No,No,No,No,No,No,Month-to-Month,No,Electronic Check,59.92,2160.71,0,No
CUST-100426,Male,0,No,No,36-45,Delhi,4,Yes,No,No,No Internet Service,No Internet Service,No Internet Service,No Internet Service,No Internet Service,No Internet Service,Month-to-Month,Yes,Mailed Check,41.02,267.97,0,No
CUST-100427,Female,1,No,No,18-25,Ahmedabad,1,Yes,Yes,Fiber Optic,No,No,No,Yes,No,No,Month-to-Month,Yes,Mailed Check,78.77,68.43,0,Yes
CUST-100428,Male,0,No,No,26-35,Bangalore,12,Yes,Yes,DSL,Yes,No,No,No,Yes,No,One Year,Yes,Credit Card (Auto),70.7,747.98,1,No
CUST-100429,Female,0,Yes,No,18-25,Mumbai,46,Yes,No,No,No Internet Service,No Internet Service,No Internet Service,No Internet Service,No Internet Service,No Internet Service,Month-to-Month,No,Electronic Check,61.03,2795.99,1,No
CUST-100430,Male,0,No,No,26-35,Ahmedabad,33,Yes,No,DSL,Yes,No,Yes,Yes,Yes,Yes,One Year,Yes,Mailed Check,90.37,2995.53,3,No
CUST-100431,Female,0,No,No,18-25,Bangalore,17,No,No Phone Service,Fiber Optic,Yes,Yes,Yes,Yes,No,No,Month-to-Month,Yes,Electronic Check,113.21,1947.56,2,Yes
CUST-100432,Male,0,No,No,65+,Delhi,20,No,No Phone Service,DSL,No,No,No,Yes,Yes,No,Two Year,Yes,Mailed Check,74.31,1526.64,2,Yes
CUST-100433,Female,0,Yes,No,26-35,Mumbai,3,Yes,Yes,No,No Internet Service,No Internet Service,No Internet Service,No Internet Service,No Internet Service,No Internet Service,Two Year,No,Credit Card (Auto),31.65,65.91,2,No
CUST-100434,Female,0,Yes,No,18-25,Bangalore,44,Yes,Yes,DSL,No,Yes,Yes,No,No,No,One Year,No,Electronic Check,64.62,2921.48,0,No
CUST-100435,Female,0,Yes,No,18-25,Bangalore,37,Yes,No,No,No Internet Service,No Internet Service,No Internet Service,No Internet Service,No Internet Service,No Internet Service,Two Year,No,Credit Card (Auto),39.47,1508.63,2,No
CUST-100436,Female,0,No,No,18-25,Ahmedabad,25,Yes,Yes,DSL,Yes,Yes,Yes,No,No,No,Month-to-Month,No,Credit Card (Auto),97.38,2441.05,2,Yes
CUST-100437,Female,0,No,Yes,36-45,Delhi,15,Yes,Yes,No,No Internet Service,No Internet Service,No Internet Service,No Internet Service,No Internet Service,No Internet Service,One Year,Yes,Electronic Check,46.66,665.2,3,No
CUST-100438,Male,1,Yes,Yes,26-35,Mumbai,72,Yes,No,No,No Internet Service,No Internet Service,No Internet Service,No Internet Service,No Internet Service,No Internet Service,Month-to-Month,Yes,Bank Transfer (Auto),45.92,3402.64,1,No
CUST-100439,Male,0,Yes,Yes,46-55,Delhi,50,Yes,Yes,DSL,Yes,No,No,No,No,No,Month-to-Month,No,Electronic Check,73.05,3688.96,2,No
CUST-100440,Male,0,Yes,Yes,18-25,Hyderabad,24,Yes,No,DSL,No,Yes,No,Yes,No,No,Month-to-Month,No,Electronic Check,81.36,1928.03,2,No
CUST-100441,Female,0,No,No,26-35,Bangalore,11,Yes,Yes,DSL,Yes,Yes,Yes,No,No,No,One Year,Yes,Bank Transfer (Auto),87.8,1035.9,0,No
CUST-100442,Male,0,No,Yes,26-35,Bangalore,23,Yes,No,No,No Internet Service,No Internet Service,No Internet Service,No Internet Service,No Internet Service,No Internet Service,Month-to-Month,Yes,Bank Transfer (Auto),37.68,877.65,2,No
CUST-100443,Female,0,Yes,No,65+,Bangalore,20,Yes,No,No,No Internet Service,No Internet Service,No Internet Service,No Internet Service,No Internet Service,No Internet Service,One Year,Yes,Mailed Check,34.18,759.06,0,No
CUST-100444,Female,0,Yes,Yes,36-45,Kolkata,12,Yes,No,Fiber Optic,No,Yes,No,No,No,Yes,Month-to-Month,No,Electronic Check,77.27,885.09,3,No
CUST-100445,Male,0,Yes,No,26-35,Chennai,8,Yes,No,DSL,No,No,No,No,No,Yes,Two Year,No,Credit Card (Auto),49.36,384.86,2,No
CUST-100446,Male,0,No,No,26-35,Hyderabad,12,Yes,Yes,No,No Internet Service,No Internet Service,No Internet Service,No Internet Service,No Internet Service,No Internet Service,One Year,No,Bank Transfer (Auto),37.16,515.02,2,No
CUST-100447,Female,0,No,Yes,36-45,Bangalore,20,Yes,No,DSL,Yes,No,No,No,Yes,Yes,Month-to-Month,No,Electronic Check,47.92,924.96,0,No
CUST-100448,Male,0,No,No,46-55,Mumbai,13,Yes,Yes,DSL,No,Yes,No,No,Yes,Yes,Month-to-Month,Yes,Mailed Check,90.9,1169.03,1,Yes
CUST-100449,Female,1,Yes,Yes,18-25,Kolkata,7,Yes,No,Fiber Optic,No,Yes,No,Yes,No,No,Two Year,No,Electronic Check,102.62,581.45,4,No
CUST-100450,Female,0,No,No,18-25,Mumbai,34,Yes,Yes,DSL,No,No,No,No,No,No,Month-to-Month,Yes,Electronic Check,56.5,1941.61,3,Yes
CUST-100451,Female,0,Yes,No,18-25,Delhi,18,Yes,Yes,No,No Internet Service,No Internet Service,No Internet Service,No Internet Service,No Internet Service,No Internet Service,Month-to-Month,No,Mailed Check,26.4,532.91,2,Yes
CUST-100452,Female,0,No,No,26-35,Bangalore,1,Yes,No,No,No Internet Service,No Internet Service,No Internet Service,No Internet Service,No Internet Service,No Internet Service,One Year,Yes,Mailed Check,51.58,5.52,1,No
CUST-100453,Female,0,Yes,Yes,18-25,Mumbai,11,Yes,Yes,Fiber Optic,No,No,No,No,Yes,No,Month-to-Month,Yes,Electronic Check,95.63,1074.31,1,Yes
CUST-100454,Male,1,No,No,18-25,Chennai,51,Yes,No,DSL,Yes,Yes,No,Yes,Yes,No,Month-to-Month,Yes,Credit Card (Auto),86.25,4371.7,1,No
CUST-100455,Male,0,No,No,26-35,Hyderabad,33,Yes,No,No,No Internet Service,No Internet Service,No Internet Service,No Internet Service,No Internet Service,No Internet Service,Month-to-Month,Yes,Electronic Check,32.17,986.15,2,Yes
CUST-100456,Female,0,No,No,36-45,Hyderabad,9,Yes,Yes,DSL,No,No,No,No,No,No,Month-to-Month,No,Bank Transfer (Auto),59.88,522.65,0,No
CUST-100457,Female,1,No,No,18-25,Ahmedabad,66,Yes,No,DSL,No,No,Yes,No,Yes,Yes,Month-to-Month,Yes,Electronic Check,66.67,4371.49,3,No
CUST-100458,Male,0,Yes,No,26-35,Chennai,1,Yes,Yes,Fiber Optic,No,No,No,No,Yes,Yes,Month-to-Month,Yes,Mailed Check,101.17,107.54,2,No
CUST-100459,Male,0,Yes,No,65+,Pune,72,Yes,No,DSL,No,No,No,Yes,Yes,Yes,Month-to-Month,Yes,Electronic Check,75.7,5435.11,3,No
CUST-100460,Female,0,No,Yes,18-25,Chennai,6,Yes,No,DSL,No,No,No,No,Yes,No,Month-to-Month,No,Bank Transfer (Auto),49.22,362.19,4,No
CUST-100461,Male,0,Yes,Yes,18-25,Delhi,0,Yes,No,DSL,No,Yes,No,No,Yes,Yes,Two Year,Yes,Mailed Check,76.9,0.0,2,Yes
CUST-100462,Female,0,Yes,No,26-35,Mumbai,13,Yes,No,DSL,Yes,No,No,No,No,No,One Year,Yes,Electronic Check,61.96,799.01,0,No
CUST-100463,Male,1,Yes,Yes,18-25,Hyderabad,10,No,No Phone Service,Fiber Optic,No,No,No,No,Yes,No,One Year,Yes,Electronic Check,101.27,1024.68,3,No
CUST-100464,Female,1,No,Yes,26-35,Bangalore,18,Yes,Yes,No,No Internet Service,No Internet Service,No Internet Service,No Internet Service,No Internet Service,No Internet Service,Month-to-Month,Yes,Mailed Check,65.7,1180.05,0,No
CUST-100465,Male,0,Yes,Yes,46-55,Mumbai,38,Yes,Yes,DSL,No,Yes,No,No,No,Yes,Month-to-Month,Yes,Electronic Check,72.7,2735.82,0,Yes
CUST-100466,Female,0,Yes,No,18-25,Kolkata,44,Yes,No,DSL,Yes,No,No,No,No,No,Two Year,Yes,Bank Transfer (Auto),74.8,3293.77,1,No
CUST-100467,Male,0,Yes,No,18-25,Hyderabad,12,No,No Phone Service,No,No Internet Service,No Internet Service,No Internet Service,No Internet Service,No Internet Service,No Internet Service,One Year,Yes,Mailed Check,41.07,519.07,1,No
CUST-100468,Male,1,Yes,No,26-35,Bangalore,13,Yes,No,No,No Internet Service,No Internet Service,No Internet Service,No Internet Service,No Internet Service,No Internet Service,Month-to-Month,Yes,Bank Transfer (Auto),58.35,803.48,0,No
CUST-100469,Female,0,No,Yes,46-55,Bangalore,3,No,No Phone Service,No,No Internet Service,No Internet Service,No Internet Service,No Internet Service,No Internet Service,No Internet Service,Month-to-Month,Yes,Credit Card (Auto),25.48,0.0,3,No
CUST-100470,Male,0,No,No,36-45,Pune,1,Yes,Yes,DSL,No,No,Yes,No,No,Yes,Month-to-Month,Yes,Mailed Check,75.74,101.07,1,No
CUST-100471,Female,0,No,No,26-35,Mumbai,24,Yes,Yes,DSL,Yes,No,No,No,No,No,Two Year,Yes,Credit Card (Auto),83.78,1977.0,0,No
CUST-100472,Male,0,Yes,No,36-45,Delhi,1,Yes,Yes,Fiber Optic,Yes,No,No,No,Yes,No,Month-to-Month,No,Bank Transfer (Auto),83.54,141.44,1,No
CUST-100473,Female,0,No,No,18-25,Kolkata,31,Yes,No,Fiber Optic,No,Yes,Yes,Yes,No,No,One Year,No,Credit Card (Auto),98.97,3114.69,0,No
CUST-100474,Male,0,No,No,26-35,Mumbai,18,Yes,Yes,DSL,No,Yes,No,No,No,Yes,One Year,Yes,Electronic Check,78.88,1466.12,0,No
CUST-100475,Female,0,Yes,No,18-25,Chennai,5,Yes,Yes,DSL,Yes,No,No,Yes,No,No,Two Year,Yes,Credit Card (Auto),66.76,304.62,1,No
CUST-100476,Male,0,No,Yes,18-25,Delhi,18,Yes,No,Fiber Optic,No,No,No,No,Yes,No,Two Year,No,Credit Card (Auto),87.35,1502.65,1,No
CUST-100477,Female,0,No,Yes,18-25,Hyderabad,4,Yes,Yes,No,No Internet Service,No Internet Service,No Internet Service,No Internet Service,No Internet Service,No Internet Service,Month-to-Month,Yes,Mailed Check,35.27,204.63,0,No
CUST-100478,Male,0,No,Yes,26-35,Hyderabad,13,Yes,No,DSL,No,No,Yes,No,Yes,No,One Year,No,Electronic Check,62.26,867.83,1,No
CUST-100479,female,1,No,No,26-35,Chennai,38,Yes,No,DSL,No,No,No,Yes,No,Yes,One Year,No,Credit Card (Auto),79.57,2923.48,4,No
CUST-100480,Female,0,Yes,Yes,18-25,Delhi,14,Yes,No,Fiber Optic,No,Yes,No,Yes,Yes,Yes,One Year,Yes,Bank Transfer (Auto),94.44,1390.92,3,No
CUST-100481,Female,0,Yes,No,56-65,Chennai,3,Yes,No,Fiber Optic,Yes,No,Yes,No,No,No,Two Year,No,Mailed Check,94.97,302.65,1,No
CUST-100482,Male,0,No,Yes,26-35,Pune,30,Yes,Yes,No,No Internet Service,No Internet Service,No Internet Service,No Internet Service,No Internet Service,No Internet Service,Two Year,Yes,Credit Card (Auto),35.78,1080.0,1,No
CUST-100483,Female,0,Yes,No,36-45,Delhi,4,Yes,Yes,Fiber Optic,No,No,Yes,No,Yes,Yes,Month-to-Month,No,Electronic Check,99.54,357.04,1,Yes
CUST-100484,Male,0,Yes,No,18-25,Pune,32,Yes,No,DSL,No,Yes,No,No,No,No,Month-to-Month,Yes,Electronic Check,54.95,1809.12,2,No
CUST-100485,Female,1,No,No,26-35,Mumbai,15,No,No Phone Service,DSL,No,Yes,Yes,Yes,No,No,One Year,Yes,Bank Transfer (Auto),90.89,1340.35,0,No
CUST-100486,Male,0,No,No,18-25,Delhi,14,Yes,No,DSL,Yes,No,No,No,Yes,Yes,Month-to-Month,Yes,Bank Transfer (Auto),80.29,,3,Yes
CUST-100487,Female,0,Yes,Yes,26-35,Bangalore,45,Yes,Yes,DSL,No,Yes,Yes,No,Yes,Yes,Month-to-Month,Yes,Credit Card (Auto),84.03,3674.54,1,No
CUST-100488,Male,0,No,No,26-35,Bangalore,29,Yes,Yes,Fiber Optic,Yes,No,No,No,No,No,Month-to-Month,Yes,Mailed Check,65.37,1858.53,3,Yes
CUST-100489,Male,1,No,Yes,26-35,Pune,0,Yes,Yes,Fiber Optic,No,No,No,No,No,No,Two Year,Yes,Credit Card (Auto),74.81,0.0,0,No
CUST-100490,Female,0,No,No,18-25,Delhi,8,Yes,No,DSL,No,No,Yes,Yes,No,Yes,Month-to-Month,No,Electronic Check,80.92,543.52,1,No
CUST-100491,Male,0,Yes,No,18-25,Pune,49,Yes,No,No,No Internet Service,No Internet Service,No Internet Service,No Internet Service,No Internet Service,No Internet Service,One Year,Yes,Bank Transfer (Auto),39.69,2022.75,2,No
CUST-100492,Male,0,Yes,Yes,18-25,Mumbai,0,Yes,No,Fiber Optic,Yes,Yes,Yes,Yes,Yes,Yes,Month-to-Month,No,Electronic Check,133.52,0.0,3,No
CUST-100493,Female,0,Yes,Yes,26-35,Bangalore,18,Yes,No,Fiber Optic,Yes,No,No,Yes,No,Yes,Month-to-Month,No,Mailed Check,106.02,1837.08,2,No
CUST-100494,Male,0,Yes,No,18-25,Ahmedabad,31,Yes,Yes,Fiber Optic,Yes,Yes,No,No,No,No,Month-to-Month,Yes,Credit Card (Auto),94.78,2889.99,3,No
CUST-100495,Male,1,Yes,No,36-45,Bangalore,23,Yes,No,DSL,No,No,No,No,No,Yes,Month-to-Month,Yes,Electronic Check,82.07,1858.57,1,Yes
CUST-100496,Male,0,Yes,No,26-35,Hyderabad,34,Yes,Yes,Fiber Optic,Yes,Yes,Yes,No,No,Yes,Two Year,No,Credit Card (Auto),83.43,2806.81,1,No
CUST-100497,Female,0,Yes,No,46-55,Pune,31,Yes,Yes,Fiber Optic,No,No,No,No,Yes,Yes,Two Year,No,Electronic Check,94.76,2977.59,0,No
CUST-100498,Male,0,No,No,26-35,Mumbai,28,Yes,Yes,DSL,Yes,Yes,No,No,Yes,Yes,One Year,Yes,Electronic Check,88.75,2471.54,3,No
CUST-100499,Female,1,Yes,Yes,65+,Pune,41,Yes,Yes,Fiber Optic,No,No,No,Yes,Yes,No,Month-to-Month,Yes,Electronic Check,105.29,4321.82,2,Yes
CUST-100500,Male,0,No,No,26-35,Mumbai,24,Yes,Yes,DSL,No,No,No,Yes,No,No,Month-to-Month,Yes,Bank Transfer (Auto),60.49,1438.52,0,No
CUST-100501,Male,0,No,Yes,36-45,Hyderabad,12,Yes,Yes,Fiber Optic,No,No,No,No,No,No,Month-to-Month,Yes,Electronic Check,87.59,1109.22,1,No
CUST-100502,Male,0,Yes,No,26-35,Chennai,15,Yes,Yes,No,No Internet Service,No Internet Service,No Internet Service,No Internet Service,No Internet Service,No Internet Service,Month-to-Month,Yes,Bank Transfer (Auto),37.22,627.18,2,No
CUST-100503,Female,0,No,No,18-25,Mumbai,30,Yes,No,Fiber Optic,No,Yes,No,No,Yes,Yes,Month-to-Month,Yes,Bank Transfer (Auto),95.89,2870.01,3,No
CUST-100504,Male,0,No,Yes,18-25,Kolkata,50,Yes,No,Fiber Optic,No,No,Yes,No,Yes,No,One Year,Yes,Mailed Check,98.43,4874.19,1,No
CUST-100505,Male,0,Yes,No,18-25,Hyderabad,7,Yes,No,No,No Internet Service,No Internet Service,No Internet Service,No Internet Service,No Internet Service,No Internet Service,Month-to-Month,No,Mailed Check,42.23,290.13,2,Yes
CUST-100506,Female,1,No,No,26-35,Mumbai,10,Yes,Yes,Fiber Optic,Yes,Yes,No,No,No,Yes,Month-to-Month,No,Mailed Check,106.65,911.0,1,No
CUST-100507,Male,0,Yes,No,36-45,Kolkata,64,Yes,Yes,DSL,No,Yes,Yes,No,No,Yes,Two Year,No,Credit Card (Auto),65.87,4231.36,0,No
CUST-100508,Female,0,No,Yes,18-25,Kolkata,20,Yes,No,Fiber Optic,No,Yes,No,No,No,Yes,Month-to-Month,Yes,Electronic Check,105.67,2045.45,1,Yes
CUST-100509,female,0,Yes,Yes,56-65,Chennai,4,Yes,No,Fiber Optic,Yes,Yes,No,No,Yes,No,Two Year,No,Electronic Check,93.41,362.59,0,No
CUST-100510,Male,0,No,No,26-35,Bangalore,26,Yes,No,DSL,No,No,Yes,Yes,No,Yes,Two Year,Yes,Mailed Check,96.88,2542.46,0,No
CUST-100511,Female,0,Yes,No,26-35,Hyderabad,72,Yes,No,No,No Internet Service,No Internet Service,No Internet Service,No Internet Service,No Internet Service,No Internet Service,Month-to-Month,No,Bank Transfer (Auto),42.35,3020.69,0,No
CUST-100512,Male,0,No,No,18-25,Pune,41,Yes,No,DSL,No,Yes,Yes,No,No,No,Month-to-Month,No,Bank Transfer (Auto),71.21,2897.69,1,No
CUST-100513,Female,0,Yes,Yes,65+,Delhi,32,Yes,No,DSL,No,No,No,No,No,No,One Year,Yes,Credit Card (Auto),72.01,2317.22,0,No
CUST-100514,Female,0,No,No,18-25,Chennai,5,Yes,No,DSL,No,No,No,No,No,Yes,Month-to-Month,No,Credit Card (Auto),63.51,289.64,3,No
CUST-100515,Male,0,No,No,18-25,Chennai,50,Yes,No,Fiber Optic,Yes,Yes,No,Yes,No,Yes,Month-to-Month,Yes,Electronic Check,99.45,5018.72,0,Yes
CUST-100516,Female,0,Yes,No,26-35,Delhi,17,Yes,No,DSL,No,Yes,No,No,No,Yes,One Year,Yes,Mailed Check,73.95,1295.8,3,No
CUST-100517,Female,0,No,No,26-35,Mumbai,52,Yes,No,Fiber Optic,Yes,Yes,No,Yes,No,No,Month-to-Month,Yes,Bank Transfer (Auto),102.22,5343.81,2,No
CUST-100518,Female,0,Yes,No,26-35,Delhi,9,Yes,Yes,Fiber Optic,Yes,No,Yes,No,No,Yes,Month-to-Month,No,Credit Card (Auto),95.22,825.46,3,No
CUST-100519,Female,0,No,No,46-55,Mumbai,1,Yes,Yes,DSL,Yes,No,No,No,Yes,Yes,One Year,No,Electronic Check,83.13,111.8,1,No
CUST-100520,Female,0,No,No,18-25,Pune,15,Yes,Yes,No,No Internet Service,No Internet Service,No Internet Service,No Internet Service,No Internet Service,No Internet Service,One Year,No,Mailed Check,59.02,848.15,2,No
CUST-100521,Male,0,No,No,18-25,Pune,7,Yes,Yes,Fiber Optic,No,No,No,Yes,No,No,Month-to-Month,No,Credit Card (Auto),81.11,563.41,1,No
CUST-100522,Female,0,No,No,18-25,Pune,30,Yes,Yes,DSL,No,No,No,No,Yes,Yes,Month-to-Month,No,Mailed Check,78.66,2228.01,2,No
CUST-100523,Male,0,Yes,No,18-25,Ahmedabad,72,Yes,Yes,Fiber Optic,Yes,No,No,No,No,No,Month-to-Month,Yes,Mailed Check,100.51,7294.58,0,No
CUST-100524,Female,0,Yes,No,56-65,Mumbai,28,Yes,No,Fiber Optic,No,No,Yes,No,Yes,Yes,Month-to-Month,Yes,Credit Card (Auto),106.13,3057.98,2,No
CUST-100525,Male,0,Yes,Yes,18-25,Ahmedabad,52,Yes,Yes,DSL,No,No,Yes,No,No,No,One Year,No,Credit Card (Auto),90.46,4715.16,0,No
CUST-100526,Male,1,No,Yes,26-35,Hyderabad,14,Yes,No,DSL,No,No,No,No,No,No,One Year,Yes,Electronic Check,53.49,669.78,3,No
CUST-100527,Female,0,Yes,Yes,65+,Bangalore,35,Yes,Yes,DSL,No,No,No,No,No,No,One Year,Yes,Electronic Check,69.91,2435.97,1,No
CUST-100528,Female,0,No,Yes,46-55,Mumbai,44,Yes,No,Fiber Optic,No,No,Yes,Yes,No,No,Month-to-Month,No,Mailed Check,101.43,4466.47,0,No
CUST-100529,Female,0,No,Yes,26-35,Hyderabad,29,Yes,No,No,No Internet Service,No Internet Service,No Internet Service,No Internet Service,No Internet Service,No Internet Service,Month-to-Month,Yes,Credit Card (Auto),43.76,1269.84,1,No
CUST-100530,Male,0,Yes,No,18-25,Chennai,17,Yes,Yes,Fiber Optic,Yes,No,No,No,No,No,Month-to-Month,Yes,Credit Card (Auto),83.73,1550.46,1,Yes
CUST-100531,Female,0,No,No,36-45,Mumbai,23,Yes,No,DSL,No,No,No,No,No,Yes,Month-to-Month,No,Credit Card (Auto),89.96,2056.85,2,No
CUST-100532, Male ,0,Yes,No,18-25,Ahmedabad,28,Yes,Yes,DSL,No,No,No,No,No,No,Month-to-Month,Yes,Mailed Check,69.35,1912.93,1,No
CUST-100533,Male,0,Yes,Yes,18-25,Ahmedabad,7,Yes,No,DSL,No,No,No,No,No,No,Month-to-Month,Yes,Electronic Check,67.78,482.61,1,Yes
CUST-100534,Male,0,No,Yes,46-55,Kolkata,39,Yes,No,No,No Internet Service,No Internet Service,No Internet Service,No Internet Service,No Internet Service,No Internet Service,Month-to-Month,Yes,Bank Transfer (Auto),49.14,1909.32,2,No
CUST-100535,Female,0,Yes,No,26-35,Bangalore,72,Yes,Yes,DSL,No,No,No,Yes,No,No,One Year,No,Mailed Check,66.42,4744.77,1,No
CUST-100536,Female,0,Yes,No,56-65,Kolkata,15,Yes,Yes,Fiber Optic,Yes,No,No,Yes,Yes,No,One Year,Yes,Bank Transfer (Auto),103.43,1463.36,2,No
CUST-100537,Male,1,No,No,56-65,Mumbai,28,Yes,Yes,Fiber Optic,No,No,Yes,No,No,No,One Year,No,Bank Transfer (Auto),91.71,2604.5,0,Yes
CUST-100538,Male,0,Yes,No,26-35,Ahmedabad,32,Yes,No,Fiber Optic,No,Yes,No,Yes,No,Yes,Month-to-Month,No,Mailed Check,101.89,3217.27,2,No
CUST-100539,Female,0,No,No,26-35,Kolkata,26,Yes,No,Fiber Optic,No,No,No,Yes,Yes,No,Two Year,No,Credit Card (Auto),95.47,2431.9,0,No
CUST-100540,Male,0,No,No,26-35,Hyderabad,19,Yes,Yes,No,No Internet Service,No Internet Service,No Internet Service,No Internet Service,No Internet Service,No Internet Service,Two Year,No,Electronic Check,44.43,803.62,1,No
CUST-100541,Female,1,Yes,No,18-25,Chennai,51,Yes,No,Fiber Optic,Yes,No,No,No,No,No,Month-to-Month,No,Bank Transfer (Auto),72.01,3599.41,0,No
CUST-100542,Male,0,Yes,No,26-35,Bangalore,14,Yes,Yes,DSL,No,Yes,No,No,Yes,No,One Year,Yes,Mailed Check,75.54,1090.36,1,No
CUST-100543,Female,0,No,No,18-25,Ahmedabad,1,Yes,Yes,DSL,No,No,No,Yes,No,No,Two Year,No,Bank Transfer (Auto),72.47,98.59,1,No
CUST-100544,Male,0,Yes,No,46-55,Mumbai,44,Yes,No,No,No Internet Service,No Internet Service,No Internet Service,No Internet Service,No Internet Service,No Internet Service,Month-to-Month,Yes,Bank Transfer (Auto),35.41,1567.54,1,No
CUST-100545,Female,0,Yes,No,56-65,Kolkata,26,Yes,No,DSL,Yes,No,No,No,Yes,Yes,Month-to-Month,Yes,Electronic Check,84.55,2233.79,0,No
CUST-100546,Male,0,No,Yes,18-25,Delhi,45,Yes,Yes,DSL,No,No,No,No,No,No,Month-to-Month,No,Electronic Check,64.89,2941.63,0,No
CUST-100547,Female,0,Yes,No,26-35,Pune,3,Yes,No,Fiber Optic,No,No,Yes,Yes,No,Yes,Month-to-Month,Yes,Electronic Check,108.97,356.3,0,No
CUST-100548,Female,0,No,No,36-45,Mumbai,0,No,No Phone Service,DSL,No,No,Yes,No,No,Yes,Month-to-Month,Yes,Electronic Check,100.24,91.22,2,Yes
CUST-100549,Male,0,Yes,No,18-25,Delhi,65,Yes,Yes,Fiber Optic,No,No,Yes,Yes,No,No,Two Year,No,Bank Transfer (Auto),99.95,6545.84,1,No
CUST-100550,Male,0,Yes,No,18-25,Delhi,3,Yes,Yes,No,No Internet Service,No Internet Service,No Internet Service,No Internet Service,No Internet Service,No Internet Service,One Year,Yes,Electronic Check,32.69,106.86,1,No
CUST-100551,Female,0,Yes,No,46-55,Ahmedabad,39,Yes,No,Fiber Optic,No,No,Yes,No,No,No,Month-to-Month,Yes,Mailed Check,96.38,3712.13,3,Yes
CUST-100552,Male,0,No,No,18-25,Delhi,41,Yes,No,Fiber Optic,Yes,No,No,No,No,No,One Year,No,Electronic Check,87.37,3502.37,1,No
CUST-100553,Female,0,No,No,36-45,Bangalore,29,Yes,Yes,DSL,No,No,Yes,Yes,Yes,No,One Year,Yes,Bank Transfer (Auto),76.11,2119.22,2,No
CUST-100554,Male,0,No,Yes,26-35,Delhi,3,Yes,No,DSL,No,Yes,No,No,No,Yes,Month-to-Month,No,Bank Transfer (Auto),83.05,296.47,1,No
CUST-100555,Female,1,Yes,No,36-45,Ahmedabad,26,Yes,No,DSL,Yes,Yes,No,Yes,Yes,No,Month-to-Month,Yes,Electronic Check,102.44,2635.54,1,Yes
CUST-100556,Female,0,Yes,Yes,18-25,Chennai,52,Yes,No,Fiber Optic,Yes,No,No,No,No,No,Two Year,No,Bank Transfer (Auto),73.57,3829.6,2,No
CUST-100557,Female,0,Yes,Yes,36-45,Bangalore,13,Yes,No,Fiber Optic,No,No,Yes,No,No,No,One Year,Yes,Credit Card (Auto),94.02,1174.61,0,No
CUST-100558,Female,0,No,No,18-25,Kolkata,12,No,No Phone Service,Fiber Optic,Yes,No,No,No,No,No,Month-to-Month,Yes,Electronic Check,87.91,1165.2,1,No
CUST-100559,Female,1,No,Yes,65+,Pune,14,Yes,Yes,DSL,Yes,Yes,Yes,No,No,Yes,Month-to-Month,Yes,Bank Transfer (Auto),78.51,1009.35,2,No
CUST-100560,Female,0,No,No,26-35,Pune,2,Yes,No,DSL,No,No,Yes,Yes,Yes,No,Month-to-Month,No,Electronic Check,68.27,143.47,1,Yes
CUST-100561,Male,0,Yes,Yes,18-25,Hyderabad,53,No,No Phone Service,Fiber Optic,Yes,No,No,No,Yes,No,Month-to-Month,Yes,Electronic Check,86.7,4577.17,0,No
CUST-100562,Male,0,No,Yes,18-25,Hyderabad,48,Yes,Yes,DSL,No,Yes,No,No,Yes,No,Month-to-Month,No,Bank Transfer (Auto),92.13,4423.16,2,Yes
CUST-100563,Male,0,Yes,No,18-25,Pune,72,Yes,Yes,Fiber Optic,No,No,No,No,Yes,No,One Year,Yes,Electronic Check,84.68,6080.93,0,No
CUST-100564,Female,0,No,No,46-55,Mumbai,21,Yes,No,No,No Internet Service,No Internet Service,No Internet Service,No Internet Service,No Internet Service,No Internet Service,Month-to-Month,No,Credit Card (Auto),38.03,754.06,1,No
CUST-100565,Female,0,Yes,No,18-25,Bangalore,33,Yes,Yes,Fiber Optic,No,No,No,No,No,No,Month-to-Month,Yes,Electronic Check,94.18,3052.04,1,No
CUST-100566,Female,0,No,No,46-55,Ahmedabad,5,Yes,Yes,DSL,No,No,Yes,No,Yes,Yes,Month-to-Month,Yes,Electronic Check,92.83,566.57,0,No
CUST-100567,Female,1,Yes,No,26-35,Chennai,26,Yes,Yes,DSL,No,No,Yes,Yes,No,Yes,Month-to-Month,No,Mailed Check,70.57,1819.93,1,No
CUST-100568,Male,0,Yes,No,26-35,Bangalore,25,Yes,No,Fiber Optic,No,Yes,No,No,No,No,Two Year,No,Bank Transfer (Auto),75.49,1904.36,1,No
CUST-100569,Male,0,No,No,36-45,Delhi,55,Yes,No,Fiber Optic,No,Yes,No,No,Yes,No,Month-to-Month,No,Bank Transfer (Auto),104.32,5657.9,4,No
CUST-100570,Female,0,Yes,No,26-35,Bangalore,42,Yes,Yes,Fiber Optic,No,Yes,No,No,No,No,One Year,Yes,Electronic Check,98.97,4050.89,1,No
CUST-100571,Male,0,Yes,No,26-35,Hyderabad,66,Yes,No,Fiber Optic,Yes,No,No,No,No,Yes,Month-to-Month,No,Credit Card (Auto),81.03,5314.15,4,No
CUST-100572,Male,0,No,Yes,36-45,Chennai,48,Yes,No,DSL,No,Yes,No,No,Yes,No,Month-to-Month,Yes,Credit Card (Auto),71.77,3488.61,1,No
CUST-100573,Female,0,No,No,26-35,Ahmedabad,48,Yes,No,Fiber Optic,Yes,No,No,No,Yes,Yes,One Year,No,Mailed Check,97.61,4686.7,1,No
CUST-100574,Male,0,No,No,18-25,Hyderabad,1,Yes,Yes,Fiber Optic,No,No,Yes,No,No,Yes,Month-to-Month,Yes,Bank Transfer (Auto),100.07,73.07,2,No
CUST-100575,Female,1,Yes,No,26-35,Bangalore,44,Yes,No,DSL,No,No,No,No,Yes,No,One Year,Yes,Mailed Check,76.5,3387.49,0,No
CUST-100576,Male,1,No,No,18-25,Delhi,22,Yes,No,Fiber Optic,No,No,No,No,Yes,No,Month-to-Month,No,Electronic Check,88.16,1912.0,0,Yes
CUST-100577,Female,0,No,No,26-35,Pune,11,Yes,Yes,Fiber Optic,Yes,Yes,No,No,No,No,One Year,Yes,Electronic Check,89.79,1056.52,1,No
CUST-100578,Female,0,Yes,No,26-35,Bangalore,1,Yes,Yes,Fiber Optic,No,Yes,No,No,No,No,One Year,No,Electronic Check,84.35,155.23,1,Yes
CUST-100579,Female,1,No,No,18-25,Pune,27,Yes,Yes,DSL,Yes,No,No,No,Yes,No,One Year,No,Credit Card (Auto),73.95,1967.79,0,No
CUST-100580,Female,0,Yes,Yes,18-25,Delhi,9,Yes,No,DSL,No,No,Yes,No,Yes,No,One Year,No,Electronic Check,75.59,641.47,1,No
CUST-100581,Male,1,Yes,Yes,26-35,Bangalore,15,Yes,No,No,No Internet Service,No Internet Service,No Internet Service,No Internet Service,No Internet Service,No Internet Service,One Year,Yes,Bank Transfer (Auto),47.13,703.29,1,No
CUST-100582,Female,0,Yes,No,26-35,Ahmedabad,27,Yes,Yes,Fiber Optic,Yes,Yes,Yes,No,No,Yes,Two Year,No,Electronic Check,99.37,2704.32,3,No
CUST-100583,Female,0,Yes,No,26-35,Delhi,58,Yes,Yes,Fiber Optic,No,No,Yes,No,No,No,Month-to-Month,Yes,Bank Transfer (Auto),85.34,4936.03,0,No
CUST-100584,Female,0,No,Yes,18-25,Bangalore,41,No,No Phone Service,Fiber Optic,No,No,No,Yes,No,No,One Year,No,Electronic Check,74.86,3121.56,0,No
CUST-100585,Male,0,No,Yes,18-25,Hyderabad,14,Yes,No,DSL,Yes,Yes,No,No,Yes,No,Month-to-Month,Yes,Credit Card (Auto),94.59,1337.54,2,Yes
CUST-100586,Female,0,No,No,26-35,Hyderabad,11,No,No Phone Service,DSL,No,No,No,No,Yes,Yes,Month-to-Month,Yes,Electronic Check,68.87,811.98,1,Yes
CUST-100587,Male,0,No,No,18-25,Mumbai,6,Yes,No,Fiber Optic,Yes,No,Yes,No,No,No,Month-to-Month,Yes,Credit Card (Auto),76.66,403.85,2,Yes
CUST-100588,Female,0,Yes,No,18-25,Ahmedabad,11,Yes,Yes,No,No Internet Service,No Internet Service,No Internet Service,No Internet Service,No Internet Service,No Internet Service,Two Year,No,Credit Card (Auto),35.56,361.53,2,No
CUST-100589,Male,0,No,No,46-55,Delhi,2,No,No Phone Service,DSL,No,Yes,No,No,Yes,Yes,Month-to-Month,No,Bank Transfer (Auto),84.38,195.42,3,No
CUST-100590,Male,0,No,Yes,18-25,Mumbai,72,Yes,No,No,No Internet Service,No Internet Service,No Internet Service,No Internet Service,No Internet Service,No Internet Service,One Year,No,Electronic Check,60.03,4324.81,2,No
CUST-100591,Female,1,Yes,No,18-25,Delhi,20,Yes,Yes,Fiber Optic,No,Yes,No,Yes,Yes,No,Month-to-Month,Yes,Electronic Check,89.95,1789.62,1,Yes
CUST-100592,Male,0,No,Yes,36-45,Bangalore,3,Yes,No,Fiber Optic,No,No,No,Yes,No,Yes,Month-to-Month,Yes,Credit Card (Auto),91.14,247.46,1,No
CUST-100593,Female,0,No,Yes,18-25,Delhi,10,Yes,No,Fiber Optic,No,Yes,No,No,No,No,Two Year,Yes,Electronic Check,91.8,922.34,1,Yes
CUST-100594,Female,0,No,No,18-25,Mumbai,19,Yes,No,Fiber Optic,Yes,Yes,No,No,Yes,Yes,Month-to-Month,Yes,Electronic Check,96.75,1909.66,5,Yes
CUST-100595,Female,0,No,No,18-25,Hyderabad,18,Yes,Yes,No,No Internet Service,No Internet Service,No Internet Service,No Internet Service,No Internet Service,No Internet Service,Month-to-Month,No,Bank Transfer (Auto),33.43,501.28,3,No
CUST-100596,Male,1,Yes,Yes,18-25,Pune,0,Yes,Yes,Fiber Optic,No,Yes,No,Yes,No,No,Month-to-Month,Yes,Electronic Check,90.52,0.0,1,Yes
CUST-100597,Male,0,Yes,Yes,36-45,Pune,72,No,No Phone Service,DSL,Yes,No,No,No,Yes,Yes,One Year,Yes,Electronic Check,78.0,5610.58,3,No
CUST-100598,Female,0,Yes,No,18-25,Bangalore,7,Yes,No,Fiber Optic,No,Yes,Yes,No,No,Yes,Month-to-Month,No,Bank Transfer (Auto),104.47,676.92,0,No
CUST-100599,Female,0,No,No,26-35,Mumbai,0,Yes,No,Fiber Optic,No,No,No,No,No,Yes,Month-to-Month,No,Mailed Check,95.66,0.0,2,Yes
CUST-100600,Male,0,No,Yes,18-25,Ahmedabad,1,Yes,No,Fiber Optic,No,No,No,No,Yes,Yes,One Year,No,Electronic Check,81.85,0.0,3,No
CUST-100601,Female,0,No,No,46-55,Bangalore,20,Yes,Yes,Fiber Optic,No,No,No,No,No,Yes,Month-to-Month,Yes,Bank Transfer (Auto),90.41,1778.99,1,Yes
CUST-100602,Female,1,Yes,Yes,46-55,Mumbai,3,Yes,Yes,DSL,No,No,Yes,No,No,No,One Year,Yes,Mailed Check,67.02,187.64,1,No
CUST-100603,Female,0,Yes,No,18-25,Bangalore,1,Yes,No,No,No Internet Service,No Internet Service,No Internet Service,No Internet Service,No Internet Service,No Internet Service,Month-to-Month,Yes,Bank Transfer (Auto),41.81,,2,No
CUST-100604,Male,0,No,No,26-35,Chennai,11,Yes,No,DSL,No,No,No,Yes,No,Yes,Month-to-Month,No,Electronic Check,86.64,1046.8,6,No
CUST-100605,Male,0,No,No,36-45,Delhi,23,Yes,No,DSL,No,No,No,No,No,No,One Year,Yes,Bank Transfer (Auto),52.81,1173.82,0,No
CUST-100606,Male,0,Yes,No,18-25,Delhi,2,Yes,Yes,Fiber Optic,No,No,Yes,No,No,No,Two Year,Yes,Mailed Check,83.4,100.57,3,Yes
CUST-100607,Female,0,No,No,26-35,Delhi,9,Yes,Yes,No,No Internet Service,No Internet Service,No Internet Service,No Internet Service,No Internet Service,No Internet Service,One Year,Yes,Mailed Check,44.8,452.81,1,No
CUST-100608,Female,0,No,No,65+,Hyderabad,12,Yes,No,Fiber Optic,Yes,No,No,No,No,Yes,One Year,No,Electronic Check,87.84,830.93,0,No
CUST-100609,Female,0,No,Yes,18-25,Kolkata,4,Yes,No,No,No Internet Service,No Internet Service,No Internet Service,No Internet Service,No Internet Service,No Internet Service,Month-to-Month,Yes,Electronic Check,49.4,166.65,2,No
CUST-100610,Male,0,No,Yes,36-45,Mumbai,16,Yes,No,DSL,No,Yes,No,No,No,Yes,Month-to-Month,Yes,Credit Card (Auto),68.39,1077.96,5,No
CUST-100611,Female,0,Yes,No,36-45,Mumbai,2,Yes,No,Fiber Optic,Yes,Yes,Yes,No,No,No,Month-to-Month,Yes,Electronic Check,88.37,129.68,4,Yes
CUST-100612,Female,0,No,Yes,36-45,Bangalore,1,Yes,No,DSL,No,No,No,Yes,No,No,Two Year,Yes,Bank Transfer (Auto),59.81,55.07,0,No
CUST-100613,Female,0,No,No,56-65,Mumbai,17,Yes,No,No,No Internet Service,No Internet Service,No Internet Service,No Internet Service,No Internet Service,No Internet Service,Two Year,Yes,Credit Card (Auto),47.11,768.44,1,No
CUST-100614,Female,0,Yes,No,36-45,Ahmedabad,6,No,No Phone Service,Fiber Optic,No,No,No,No,No,No,Two Year,Yes,Bank Transfer (Auto),77.67,378.95,0,No
CUST-100615,Male,1,Yes,No,56-65,Kolkata,2,Yes,Yes,Fiber Optic,No,Yes,Yes,No,No,No,Month-to-Month,No,Mailed Check,98.94,228.78,2,Yes
CUST-100616,Male,0,No,No,18-25,Mumbai,13,Yes,No,Fiber Optic,Yes,No,Yes,No,No,No,Month-to-Month,No,Electronic Check,79.57,1067.25,1,Yes
CUST-100617,Female,0,Yes,No,26-35,Kolkata,59,Yes,No,DSL,Yes,No,No,No,Yes,No,One Year,No,Credit Card (Auto),77.74,4537.29,1,No
CUST-100618,Male,0,Yes,No,18-25,Delhi,30,Yes,No,Fiber Optic,No,No,No,Yes,Yes,Yes,One Year,Yes,Bank Transfer (Auto),98.85,2938.44,1,No
CUST-100619,Male,0,No,Yes,36-45,Bangalore,40,Yes,No,DSL,Yes,Yes,Yes,No,Yes,No,One Year,No,Bank Transfer (Auto),80.69,3320.4,3,No
CUST-100620,Female,0,Yes,No,18-25,Bangalore,49,Yes,Yes,No,No Internet Service,No Internet Service,No Internet Service,No Internet Service,No Internet Service,No Internet Service,One Year,Yes,Mailed Check,47.88,2368.54,2,No
CUST-100621,Female,0,No,Yes,18-25,Mumbai,72,Yes,Yes,No,No Internet Service,No Internet Service,No Internet Service,No Internet Service,No Internet Service,No Internet Service,Month-to-Month,No,Credit Card (Auto),47.19,3397.69,1,No
CUST-100622,Male,0,Yes,Yes,18-25,Pune,34,Yes,Yes,Fiber Optic,No,No,No,Yes,Yes,No,Month-to-Month,No,Bank Transfer (Auto),97.08,3381.59,5,No
CUST-100623,Female,0,No,No,18-25,Delhi,22,Yes,Yes,DSL,Yes,No,No,No,No,Yes,Month-to-Month,Yes,Electronic Check,77.06,1614.24,1,Yes
CUST-100624,Male,0,Yes,Yes,18-25,Delhi,10,Yes,No,Fiber Optic,No,Yes,Yes,Yes,Yes,No,Month-to-Month,Yes,Bank Transfer (Auto),94.73,845.65,3,No
CUST-100625,Female,0,Yes,Yes,36-45,Pune,4,Yes,No,DSL,No,No,No,No,No,No,Month-to-Month,No,Mailed Check,81.75,335.35,1,No
CUST-100626,Male,0,Yes,Yes,26-35,Mumbai,27,Yes,No,No,No Internet Service,No Internet Service,No Internet Service,No Internet Service,No Internet Service,No Internet Service,Month-to-Month,No,Electronic Check,33.3,941.11,0,No
CUST-100627,Female,0,No,No,18-25,Bangalore,72,Yes,Yes,DSL,No,Yes,Yes,No,No,No,Month-to-Month,Yes,Credit Card (Auto),59.65,4209.27,2,No
CUST-100628,Male,1,No,No,18-25,Hyderabad,15,Yes,No,No,No Internet Service,No Internet Service,No Internet Service,No Internet Service,No Internet Service,No Internet Service,One Year,Yes,Electronic Check,47.49,647.37,3,No
CUST-100629,Male,0,Yes,Yes,36-45,Mumbai,30,Yes,No,No,No Internet Service,No Internet Service,No Internet Service,No Internet Service,No Internet Service,No Internet Service,Two Year,No,Mailed Check,47.09,1452.35,1,No
CUST-100630,Male,0,No,No,46-55,Bangalore,16,Yes,No,Fiber Optic,Yes,No,No,Yes,Yes,No,Two Year,No,Electronic Check,102.34,1579.83,2,No
CUST-100631,Female,0,No,Yes,46-55,Bangalore,13,Yes,Yes,DSL,No,No,Yes,No,No,No,Month-to-Month,No,Mailed Check,72.5,929.69,4,No
CUST-100632,Male,1,No,No,56-65,Bangalore,12,No,No Phone Service,Fiber Optic,No,No,Yes,No,Yes,No,Month-to-Month,No,Mailed Check,82.85,1004.69,1,Yes
CUST-100633,Male,0,Yes,No,36-45,Delhi,16,Yes,Yes,Fiber Optic,Yes,Yes,No,No,No,No,Month-to-Month,No,Credit Card (Auto),97.27,1604.06,2,No
CUST-100634,Female,0,No,No,26-35,Bangalore,10,Yes,No,Fiber Optic,Yes,No,No,Yes,Yes,No,Two Year,No,Mailed Check,88.5,869.68,0,No
CUST-100635,Female,0,Yes,No,26-35,Bangalore,33,Yes,No,No,No Internet Service,No Internet Service,No Internet Service,No Internet Service,No Internet Service,No Internet Service,Month-to-Month,No,Electronic Check,33.24,1121.54,2,No
CUST-100636,Male,0,Yes,No,18-25,Mumbai,49,Yes,No,Fiber Optic,Yes,Yes,No,No,No,No,Month-to-Month,Yes,Bank Transfer (Auto),82.38,3974.64,1,No
CUST-100637,Male,0,No,Yes,18-25,Delhi,51,Yes,Yes,DSL,Yes,No,Yes,No,Yes,Yes,Two Year,No,Electronic Check,97.77,5015.71,2,No
CUST-100638,Female,0,No,No,36-45,Ahmedabad,6,Yes,Yes,DSL,No,No,No,No,No,Yes,Month-to-Month,No,Electronic Check,71.33,382.54,1,Yes
CUST-100639,Female,0,Yes,Yes,26-35,Ahmedabad,54,Yes,No,DSL,No,No,No,No,Yes,No,Two Year,Yes,Electronic Check,72.68,3855.69,3,No
CUST-100640,Female,0,Yes,No,46-55,Ahmedabad,10,Yes,Yes,DSL,No,No,No,No,No,No,Month-to-Month,Yes,Electronic Check,67.64,779.66,0,No
CUST-100641,Female,1,No,Yes,18-25,Hyderabad,8,Yes,Yes,Fiber Optic,Yes,Yes,Yes,No,Yes,No,Month-to-Month,No,Mailed Check,112.81,993.98,0,No
CUST-100642,Female,0,No,No,18-25,Mumbai,31,Yes,No,DSL,No,Yes,No,No,No,No,Month-to-Month,Yes,Mailed Check,74.97,2331.48,1,No
CUST-100643,Male,0,Yes,Yes,18-25,Chennai,8,Yes,Yes,DSL,Yes,No,No,No,No,Yes,Two Year,Yes,Electronic Check,86.24,767.28,0,No
CUST-100644,Female,0,No,Yes,26-35,Ahmedabad,1,Yes,Yes,DSL,Yes,No,Yes,No,No,No,Two Year,No,Credit Card (Auto),61.66,45.37,0,No
CUST-100645,Male,0,Yes,No,26-35,Mumbai,11,No,No Phone Service,Fiber Optic,No,No,No,No,No,No,One Year,Yes,Electronic Check,78.26,854.06,1,Yes
CUST-100646,Male,1,Yes,No,26-35,Mumbai,30,No,No Phone Service,Fiber Optic,Yes,No,No,No,No,No,Month-to-Month,Yes,Credit Card (Auto),99.99,2990.87,2,No
CUST-100647,Male,0,No,No,36-45,Chennai,9,Yes,No,No,No Internet Service,No Internet Service,No Internet Service,No Internet Service,No Internet Service,No Internet Service,Month-to-Month,No,Bank Transfer (Auto),28.08,207.05,0,No
CUST-100648,Female,0,Yes,No,18-25,Mumbai,23,Yes,Yes,Fiber Optic,Yes,Yes,Yes,No,No,No,Two Year,Yes,Electronic Check,90.22,1957.85,1,No
CUST-100649,Male,0,Yes,No,56-65,Bangalore,25,Yes,No,Fiber Optic,No,Yes,No,No,Yes,No,One Year,Yes,Credit Card (Auto),95.12,2362.54,3,No
CUST-100650,Male,0,No,Yes,26-35,Bangalore,31,Yes,No,Fiber Optic,No,No,Yes,Yes,No,No,One Year,Yes,Electronic Check,96.68,3062.2,4,Yes
CUST-100651,Female,0,No,Yes,26-35,Mumbai,54,Yes,Yes,Fiber Optic,No,No,Yes,Yes,Yes,No,Month-to-Month,No,Mailed Check,102.68,5558.51,1,No
CUST-100652,Male,0,Yes,Yes,26-35,Pune,13,Yes,No,Fiber Optic,No,No,Yes,No,Yes,Yes,Month-to-Month,Yes,Electronic Check,82.09,1107.9,0,Yes
CUST-100653,Male,0,No,No,46-55,Mumbai,4,Yes,No,DSL,Yes,No,Yes,No,Yes,Yes,Month-to-Month,Yes,Bank Transfer (Auto),79.84,339.01,3,No
CUST-100654,Female,0,No,Yes,26-35,Delhi,9,Yes,No,No,No Internet Service,No Internet Service,No Internet Service,No Internet Service,No Internet Service,No Internet Service,One Year,Yes,Mailed Check,51.07,417.3,0,Yes
CUST-100655,Male,0,Yes,Yes,18-25,Pune,13,No,No Phone Service,Fiber Optic,No,No,No,No,No,No,Two Year,Yes,Electronic Check,73.25,964.66,0,No
CUST-100656,Male,1,No,Yes,36-45,Chennai,30,Yes,Yes,Fiber Optic,No,No,No,Yes,Yes,No,Month-to-Month,No,Electronic Check,99.82,2977.98,0,No
CUST-100657,Male,0,Yes,Yes,46-55,Hyderabad,0,Yes,No,DSL,No,No,No,Yes,Yes,Yes,Month-to-Month,No,Bank Transfer (Auto),80.94,0.0,1,Yes
CUST-100658,Female,0,Yes,No,36-45,Mumbai,9,Yes,No,Fiber Optic,No,Yes,No,No,No,Yes,Month-to-Month,Yes,Electronic Check,79.52,761.66,4,Yes
CUST-100659,Female,0,No,Yes,18-25,Pune,36,Yes,Yes,No,No Internet Service,No Internet Service,No Internet Service,No Internet Service,No Internet Service,No Internet Service,Month-to-Month,No,Electronic Check,45.16,1560.5,1,No
CUST-100660,Female,0,No,No,18-25,Kolkata,26,No,No Phone Service,Fiber Optic,No,No,Yes,Yes,No,Yes,Two Year,Yes,Mailed Check,106.65,2739.95,3,No
CUST-100661,Male,0,Yes,No,26-35,Mumbai,31,Yes,No,DSL,Yes,No,No,Yes,No,Yes,Month-to-Month,Yes,Credit Card (Auto),87.59,2826.14,0,No
CUST-100662,Male,0,Yes,No,65+,Ahmedabad,40,Yes,Yes,DSL,Yes,No,No,Yes,No,Yes,Two Year,Yes,Electronic Check,92.66,3741.47,2,No
CUST-100663,Female,0,No,Yes,26-35,Bangalore,36,Yes,Yes,No,No Internet Service,No Internet Service,No Internet Service,No Internet Service,No Internet Service,No Internet Service,One Year,No,Electronic Check,27.82,1013.77,4,No
CUST-100664,Male,0,Yes,No,26-35,Bangalore,27,Yes,No,DSL,Yes,No,Yes,No,No,Yes,One Year,Yes,Credit Card (Auto),103.44,2684.21,2,No
CUST-100665,Male,0,Yes,Yes,26-35,Bangalore,13,Yes,No,Fiber Optic,No,No,Yes,No,No,Yes,Two Year,No,Electronic Check,108.69,1407.07,3,Yes
CUST-100666,Female,1,Yes,No,26-35,Chennai,72,Yes,No,Fiber Optic,Yes,Yes,No,No,Yes,No,One Year,Yes,Bank Transfer (Auto),112.33,8029.53,1,No
CUST-100667,Female,0,No,Yes,18-25,Hyderabad,20,Yes,No,No,No Internet Service,No Internet Service,No Internet Service,No Internet Service,No Internet Service,No Internet Service,Two Year,Yes,Credit Card (Auto),39.87,793.5,1,No
CUST-100668,Male,0,Yes,No,18-25,Hyderabad,5,Yes,Yes,No,No Internet Service,No Internet Service,No Internet Service,No Internet Service,No Internet Service,No Internet Service,Month-to-Month,No,Credit Card (Auto),36.86,174.78,2,No
CUST-100669,Male,0,Yes,No,18-25,Pune,8,Yes,No,Fiber Optic,No,No,Yes,No,Yes,Yes,One Year,Yes,Electronic Check,99.44,752.69,2,No
CUST-100670,Male,0,No,No,26-35,Ahmedabad,28,Yes,No,No,No Internet Service,No Internet Service,No Internet Service,No Internet Service,No Internet Service,No Internet Service,One Year,No,Electronic Check,51.88,1511.26,0,No
CUST-100671,Female,0,No,No,36-45,Kolkata,62,Yes,No,DSL,Yes,Yes,No,No,No,Yes,Month-to-Month,No,Electronic Check,89.78,5614.1,0,No
CUST-100672,Female,0,No,No,18-25,Pune,4,Yes,No,DSL,Yes,No,No,Yes,No,No,One Year,Yes,Credit Card (Auto),65.23,204.62,0,No
CUST-100673,Female,0,Yes,No,26-35,Mumbai,2,Yes,No,Fiber Optic,Yes,No,Yes,No,No,No,One Year,No,Credit Card (Auto),94.3,267.3,2,No
CUST-100674,Female,0,No,Yes,26-35,Delhi,51,Yes,No,No,No Internet Service,No Internet Service,No Internet Service,No Internet Service,No Internet Service,No Internet Service,Two Year,No,Electronic Check,55.4,2767.92,1,No
CUST-100675,Male,0,Yes,No,65+,Mumbai,59,Yes,Yes,Fiber Optic,No,No,Yes,Yes,Yes,No,Month-to-Month,No,Bank Transfer (Auto),101.57,6075.84,2,No
CUST-100676,Female,0,Yes,No,36-45,Kolkata,7,No,No Phone Service,DSL,No,No,No,Yes,No,No,One Year,Yes,Credit Card (Auto),63.45,433.61,1,No
CUST-100677,Female,1,No,No,18-25,Chennai,11,Yes,Yes,Fiber Optic,No,Yes,Yes,No,No,Yes,Month-to-Month,No,Electronic Check,112.99,1222.87,2,Yes
CUST-100678,Female,0,Yes,Yes,26-35,Mumbai,25,No,No Phone Service,No,No Internet Service,No Internet Service,No Internet Service,No Internet Service,No Internet Service,No Internet Service,One Year,No,Electronic Check,52.56,1388.45,3,No
CUST-100679,Female,0,Yes,No,26-35,Pune,9,Yes,No,Fiber Optic,Yes,No,Yes,Yes,No,No,Month-to-Month,No,Electronic Check,107.1,955.69,0,Yes
CUST-100680,Female,0,Yes,Yes,26-35,Bangalore,50,Yes,Yes,Fiber Optic,No,No,No,No,No,Yes,One Year,Yes,Mailed Check,77.7,3939.88,0,No
CUST-100681,Male,0,Yes,Yes,46-55,Hyderabad,2,Yes,No,Fiber Optic,No,Yes,No,Yes,No,Yes,Month-to-Month,No,Credit Card (Auto),87.64,110.22,1,No
CUST-100682,Male,0,Yes,Yes,26-35,Hyderabad,0,Yes,No,Fiber Optic,No,No,Yes,Yes,Yes,No,Month-to-Month,No,Credit Card (Auto),91.97,1.42,1,No
CUST-100683,Female,0,No,Yes,18-25,Delhi,5,Yes,No,DSL,No,Yes,Yes,No,No,No,Month-to-Month,Yes,Electronic Check,68.32,365.33,0,No
CUST-100684,Male,0,Yes,No,26-35,Bangalore,8,Yes,Yes,Fiber Optic,Yes,No,Yes,No,No,No,Month-to-Month,No,Electronic Check,92.63,800.86,0,Yes
CUST-100685,Female,0,Yes,No,18-25,Bangalore,2,Yes,Yes,No,No Internet Service,No Internet Service,No Internet Service,No Internet Service,No Internet Service,No Internet Service,One Year,No,Mailed Check,40.62,116.86,1,No
CUST-100686,Female,0,Yes,Yes,18-25,Chennai,1,Yes,No,DSL,No,Yes,Yes,No,Yes,No,Two Year,No,Credit Card (Auto),82.81,85.06,0,No
CUST-100687,Male,0,No,No,26-35,Kolkata,33,Yes,No,DSL,Yes,No,No,Yes,Yes,Yes,Month-to-Month,Yes,Bank Transfer (Auto),83.5,2779.18,2,No
CUST-100688,Male,0,No,No,18-25,Chennai,4,No,No Phone Service,Fiber Optic,No,No,No,No,Yes,No,Month-to-Month,No,Mailed Check,81.71,290.45,1,Yes
CUST-100689,Female,0,Yes,No,26-35,Chennai,58,Yes,No,Fiber Optic,No,No,No,No,No,Yes,Month-to-Month,No,Bank Transfer (Auto),95.87,5590.66,2,No
CUST-100690,Female,0,No,No,36-45,Chennai,11,No,No Phone Service,Fiber Optic,No,No,No,Yes,No,No,One Year,No,Electronic Check,104.94,1178.22,1,Yes
CUST-100691,Female,1,Yes,No,18-25,Mumbai,26,Yes,Yes,DSL,No,No,No,No,No,Yes,Month-to-Month,Yes,Mailed Check,68.77,1749.14,1,Yes
CUST-100692,Male,1,Yes,Yes,18-25,Delhi,6,Yes,No,Fiber Optic,No,No,Yes,Yes,No,Yes,Month-to-Month,Yes,Credit Card (Auto),108.08,654.63,3,No
CUST-100693,Female,0,Yes,No,18-25,Bangalore,6,No,No Phone Service,DSL,Yes,Yes,No,Yes,No,No,Month-to-Month,Yes,Electronic Check,71.89,469.9,0,No
CUST-100694,Female,0,Yes,No,65+,Bangalore,20,Yes,No,Fiber Optic,No,No,Yes,No,No,No,Month-to-Month,No,Mailed Check,78.06,1683.39,2,No
CUST-100695,Female,0,Yes,No,18-25,Kolkata,19,Yes,No,No,No Internet Service,No Internet Service,No Internet Service,No Internet Service,No Internet Service,No Internet Service,Month-to-Month,No,Electronic Check,43.16,879.32,0,No
CUST-100696,Male,1,No,No,56-65,Hyderabad,35,Yes,No,Fiber Optic,No,Yes,No,No,No,No,Month-to-Month,Yes,Bank Transfer (Auto),93.17,3272.2,3,No
CUST-100697,Female,1,Yes,No,65+,Kolkata,34,Yes,No,Fiber Optic,No,Yes,No,No,Yes,No,One Year,Yes,Bank Transfer (Auto),93.48,3192.55,1,No
CUST-100698,Female,0,No,No,18-25,Kolkata,26,Yes,No,DSL,No,No,No,No,Yes,No,One Year,Yes,Bank Transfer (Auto),68.1,1763.34,2,No
CUST-100699,Male,0,Yes,Yes,26-35,Chennai,14,Yes,No,No,No Internet Service,No Internet Service,No Internet Service,No Internet Service,No Internet Service,No Internet Service,Month-to-Month,No,Credit Card (Auto),50.8,716.77,0,No
CUST-100700,Female,0,Yes,Yes,26-35,Mumbai,53,No,No Phone Service,DSL,No,Yes,No,No,Yes,No,One Year,Yes,Mailed Check,70.57,3779.03,3,No
CUST-100701,Female,0,Yes,No,18-25,Delhi,23,Yes,Yes,Fiber Optic,Yes,No,No,No,No,No,Month-to-Month,Yes,Mailed Check,101.63,2375.07,1,Yes
CUST-100702,Male,0,No,No,26-35,Kolkata,72,Yes,Yes,DSL,No,Yes,No,No,Yes,No,Two Year,Yes,Electronic Check,72.03,5181.9,2,No
CUST-100703,Female,1,Yes,No,26-35,Hyderabad,41,Yes,No,No,No Internet Service,No Internet Service,No Internet Service,No Internet Service,No Internet Service,No Internet Service,Month-to-Month,No,Credit Card (Auto),56.27,2252.1,0,No
CUST-100704,Male,0,No,No,26-35,Hyderabad,1,No,No Phone Service,Fiber Optic,No,No,No,No,No,No,One Year,Yes,Electronic Check,101.74,91.04,2,Yes
CUST-100705,Male,0,Yes,No,26-35,Ahmedabad,9,Yes,No,Fiber Optic,No,No,No,No,No,Yes,One Year,No,Credit Card (Auto),75.88,641.13,1,No
CUST-100706,Female,1,Yes,No,36-45,Bangalore,20,No,No Phone Service,No,No Internet Service,No Internet Service,No Internet Service,No Internet Service,No Internet Service,No Internet Service,Month-to-Month,Yes,Electronic Check,38.46,708.42,2,Yes
CUST-100707,Female,0,Yes,No,18-25,Mumbai,30,Yes,No,No,No Internet Service,No Internet Service,No Internet Service,No Internet Service,No Internet Service,No Internet Service,Two Year,Yes,Electronic Check,54.64,1669.62,0,No
CUST-100708,Female,0,Yes,Yes,65+,Delhi,19,Yes,Yes,DSL,No,Yes,Yes,No,No,Yes,Month-to-Month,No,Electronic Check,77.27,1485.4,0,Yes
CUST-100709,Female,0,Yes,No,18-25,Delhi,37,Yes,No,No,No Internet Service,No Internet Service,No Internet Service,No Internet Service,No Internet Service,No Internet Service,One Year,Yes,Credit Card (Auto),40.82,1464.4,0,No
CUST-100710,Male,0,Yes,No,65+,Hyderabad,7,Yes,No,Fiber Optic,No,No,No,No,No,No,Month-to-Month,Yes,Electronic Check,77.3,524.87,4,No
CUST-100711,Female,0,No,Yes,26-35,Mumbai,4,Yes,Yes,DSL,Yes,No,Yes,No,Yes,Yes,Month-to-Month,Yes,Electronic Check,79.07,331.62,2,No
CUST-100712,Male,0,Yes,Yes,26-35,Ahmedabad,1,Yes,Yes,DSL,No,No,No,Yes,No,No,One Year,Yes,Electronic Check,78.48,91.36,3,No
CUST-100713,Female,0,No,No,56-65,Mumbai,20,Yes,No,DSL,Yes,Yes,No,No,No,No,Month-to-Month,Yes,Electronic Check,59.44,1210.76,3,Yes
CUST-100714,Female,0,Yes,Yes,46-55,Delhi,28,Yes,Yes,No,No Internet Service,No Internet Service,No Internet Service,No Internet Service,No Internet Service,No Internet Service,Month-to-Month,No,Electronic Check,28.12,749.25,1,No
CUST-100715,Female,0,No,No,18-25,Chennai,9,Yes,No,No,No Internet Service,No Internet Service,No Internet Service,No Internet Service,No Internet Service,No Internet Service,Month-to-Month,No,Mailed Check,54.3,506.6,1,Yes
CUST-100716,Male,0,No,No,26-35,Ahmedabad,22,Yes,Yes,Fiber Optic,Yes,No,No,No,Yes,No,One Year,Yes,Electronic Check,93.44,2053.3,0,Yes
CUST-100717,Female,0,Yes,No,26-35,Hyderabad,1,Yes,Yes,Fiber Optic,No,Yes,Yes,Yes,No,No,Month-to-Month,Yes,Mailed Check,82.15,120.74,2,No
CUST-100718,Female,0,Yes,No,26-35,Bangalore,2,Yes,No,Fiber Optic,No,Yes,No,Yes,Yes,No,Month-to-Month,No,Electronic Check,106.66,267.06,2,No
CUST-100719,Female,0,No,No,18-25,Delhi,29,Yes,No,DSL,No,No,No,Yes,No,Yes,One Year,Yes,Mailed Check,72.11,2242.65,0,No
CUST-100720,Female,0,No,No,26-35,Kolkata,11,Yes,No,Fiber Optic,No,Yes,No,No,No,No,Month-to-Month,No,Bank Transfer (Auto),79.36,938.44,1,No
CUST-100721,Male,0,Yes,No,18-25,Mumbai,26,Yes,Yes,No,No Internet Service,No Internet Service,No Internet Service,No Internet Service,No Internet Service,No Internet Service,Month-to-Month,No,Electronic Check,36.79,962.84,3,Yes
CUST-100722,Female,0,Yes,No,18-25,Mumbai,42,Yes,Yes,Fiber Optic,Yes,No,No,No,Yes,No,Month-to-Month,Yes,Mailed Check,87.01,3652.53,1,No
CUST-100723,Male,0,No,No,18-25,Mumbai,45,Yes,Yes,Fiber Optic,Yes,No,No,No,No,No,Month-to-Month,No,Electronic Check,91.67,4078.35,1,Yes
CUST-100724,Male,0,Yes,No,18-25,Bangalore,4,Yes,Yes,DSL,No,No,No,Yes,No,No,Month-to-Month,Yes,Electronic Check,62.59,204.8,0,Yes
CUST-100725,Male,1,No,Yes,56-65,Ahmedabad,15,Yes,No,DSL,No,No,Yes,Yes,No,Yes,Two Year,Yes,Bank Transfer (Auto),92.84,1406.18,0,No
CUST-100726,Male,0,Yes,No,36-45,Hyderabad,31,No,No Phone Service,Fiber Optic,No,No,No,No,No,Yes,Month-to-Month,Yes,Bank Transfer (Auto),91.78,2860.31,1,No
CUST-100727,Male,0,Yes,No,18-25,Bangalore,35,Yes,Yes,DSL,Yes,No,No,Yes,No,Yes,Month-to-Month,No,Bank Transfer (Auto),75.27,2768.27,0,No
CUST-100728,Male,0,No,Yes,36-45,Delhi,36,Yes,No,Fiber Optic,Yes,Yes,Yes,No,Yes,No,Month-to-Month,Yes,Electronic Check,117.69,4200.45,1,Yes
CUST-100729,Female,0,No,Yes,36-45,Hyderabad,6,Yes,Yes,Fiber Optic,No,Yes,Yes,No,No,No,Month-to-Month,Yes,Electronic Check,89.67,496.44,3,Yes
CUST-100730,Male,0,Yes,Yes,36-45,Bangalore,5,Yes,No,Fiber Optic,Yes,No,No,Yes,No,No,One Year,No,Electronic Check,104.86,536.8,0,No
CUST-100731,Male,0,Yes,No,26-35,Mumbai,21,Yes,No,DSL,No,Yes,Yes,No,Yes,No,Month-to-Month,Yes,Bank Transfer (Auto),86.76,1796.77,2,No
CUST-100732,Male,0,No,No,18-25,Mumbai,32,Yes,Yes,Fiber Optic,Yes,Yes,No,No,Yes,Yes,Month-to-Month,Yes,Mailed Check,115.76,3723.78,1,No
CUST-100733,Female,0,No,Yes,26-35,Chennai,9,No,No Phone Service,No,No Internet Service,No Internet Service,No Internet Service,No Internet Service,No Internet Service,No Internet Service,Month-to-Month,Yes,Electronic Check,43.54,368.17,2,No
CUST-100734,Female,0,Yes,No,18-25,Kolkata,2,Yes,No,DSL,No,No,No,Yes,Yes,No,Two Year,No,Credit Card (Auto),68.09,121.91,3,No
CUST-100735,Male,0,No,No,26-35,Chennai,30,Yes,No,Fiber Optic,No,Yes,No,No,No,Yes,Month-to-Month,No,Electronic Check,98.59,2979.18,4,Yes
CUST-100736,Female,0,No,Yes,26-35,Bangalore,8,Yes,No,Fiber Optic,No,No,Yes,Yes,No,Yes,Month-to-Month,No,Credit Card (Auto),87.86,674.53,1,No
CUST-100737,Male,1,No,No,18-25,Mumbai,4,Yes,No,Fiber Optic,Yes,Yes,No,No,No,Yes,One Year,Yes,Electronic Check,99.73,380.89,2,Yes
CUST-100738,Male,0,No,No,26-35,Pune,3,Yes,Yes,DSL,Yes,No,No,Yes,Yes,Yes,Month-to-Month,Yes,Credit Card (Auto),84.73,280.62,2,No
CUST-100739,Female,0,Yes,No,18-25,Pune,9,Yes,Yes,DSL,No,Yes,No,No,Yes,No,One Year,Yes,Mailed Check,73.0,659.33,6,No
CUST-100740,Male,0,No,Yes,36-45,Kolkata,21,Yes,Yes,No,No Internet Service,No Internet Service,No Internet Service,No Internet Service,No Internet Service,No Internet Service,One Year,No,Credit Card (Auto),44.15,895.16,0,No
CUST-100741,Female,0,No,Yes,56-65,Ahmedabad,10,Yes,No,Fiber Optic,Yes,Yes,Yes,No,No,No,Month-to-Month,No,Electronic Check,97.66,952.5,2,Yes
CUST-100742,Female,0,Yes,Yes,26-35,Mumbai,0,Yes,No,Fiber Optic,Yes,No,No,No,No,No,Month-to-Month,Yes,Mailed Check,75.54,52.12,1,No
CUST-100743,Male,0,Yes,No,26-35,Delhi,2,Yes,Yes,Fiber Optic,No,Yes,No,No,Yes,Yes,Two Year,Yes,Electronic Check,100.55,216.62,1,No
CUST-100744,Male,0,Yes,No,18-25,Bangalore,8,Yes,Yes,Fiber Optic,No,No,Yes,No,No,No,One Year,Yes,Credit Card (Auto),74.15,575.13,1,No
CUST-100745,Female,0,No,No,18-25,Hyderabad,25,Yes,No,Fiber Optic,No,Yes,Yes,No,No,No,Two Year,No,Credit Card (Auto),85.19,2173.04,0,No
CUST-100746,Male,0,Yes,No,18-25,Mumbai,2,Yes,Yes,No,No Internet Service,No Internet Service,No Internet Service,No Internet Service,No Internet Service,No Internet Service,Month-to-Month,No,Electronic Check,24.86,71.53,1,No
CUST-100747,Male,0,No,Yes,36-45,Delhi,19,No,No Phone Service,DSL,Yes,No,No,No,Yes,Yes,Month-to-Month,Yes,Bank Transfer (Auto),70.55,1408.19,2,No
CUST-100748,Male,1,No,No,56-65,Pune,3,Yes,Yes,No,No Internet Service,No Internet Service,No Internet Service,No Internet Service,No Internet Service,No Internet Service,Two Year,No,Bank Transfer (Auto),44.68,178.33,1,No
CUST-100749,Female,0,No,No,36-45,Mumbai,5,Yes,Yes,Fiber Optic,No,No,No,Yes,Yes,No,Month-to-Month,Yes,Electronic Check,95.06,533.62,0,No
CUST-100750,Female,0,No,No,18-25,Kolkata,4,Yes,No,Fiber Optic,No,No,Yes,Yes,No,Yes,Two Year,Yes,Electronic Check,94.56,361.23,1,No
CUST-100751,Male,0,No,No,26-35,Delhi,1,No,No Phone Service,Fiber Optic,No,Yes,No,No,No,No,Month-to-Month,Yes,Credit Card (Auto),96.26,51.82,1,No
CUST-100752,Female,0,Yes,No,,Delhi,26,Yes,Yes,Fiber Optic,Yes,Yes,Yes,Yes,Yes,Yes,Two Year,Yes,Mailed Check,130.28,3425.87,0,No
CUST-100753,Female,0,No,Yes,18-25,Pune,14,Yes,No,DSL,Yes,No,Yes,No,Yes,Yes,Month-to-Month,Yes,Electronic Check,108.5,1558.07,0,Yes
CUST-100754,Female,0,Yes,Yes,18-25,Pune,42,Yes,Yes,Fiber Optic,Yes,No,No,No,No,Yes,Month-to-Month,Yes,Electronic Check,103.05,4322.87,3,Yes
CUST-100755,Female,0,No,Yes,18-25,Delhi,2,No,No Phone Service,No,No Internet Service,No Internet Service,No Internet Service,No Internet Service,No Internet Service,No Internet Service,Two Year,No,Electronic Check,44.69,37.21,2,No
CUST-100756,Female,0,Yes,Yes,26-35,Bangalore,3,Yes,Yes,No,No Internet Service,No Internet Service,No Internet Service,No Internet Service,No Internet Service,No Internet Service,Month-to-Month,Yes,Mailed Check,49.79,164.72,2,No
CUST-100757,Male,0,No,No,36-45,Delhi,8,Yes,No,Fiber Optic,Yes,Yes,No,Yes,No,No,Month-to-Month,Yes,Electronic Check,109.44,894.94,1,Yes
CUST-100758,Male,0,No,Yes,18-25,Hyderabad,34,No,No Phone Service,DSL,No,No,Yes,Yes,No,No,Month-to-Month,Yes,Mailed Check,79.46,2633.75,0,No
CUST-100759,Male,1,No,Yes,18-25,Chennai,8,No,No Phone Service,DSL,No,Yes,No,No,Yes,No,One Year,No,Electronic Check,78.11,643.59,1,No
CUST-100760,Female,0,Yes,No,18-25,Delhi,12,Yes,No,Fiber Optic,Yes,No,No,Yes,No,No,Two Year,Yes,Electronic Check,106.61,1336.85,2,No
CUST-100761,Female,0,Yes,No,26-35,Bangalore,8,Yes,Yes,No,No Internet Service,No Internet Service,No Internet Service,No Internet Service,No Internet Service,No Internet Service,Month-to-Month,Yes,Electronic Check,45.43,297.75,3,Yes
CUST-100762,Male,0,No,No,18-25,Hyderabad,2,Yes,No,Fiber Optic,No,No,No,No,No,No,Month-to-Month,No,Credit Card (Auto),77.01,180.48,0,No
CUST-100763,Female,0,Yes,No,18-25,Bangalore,67,Yes,Yes,DSL,Yes,No,No,No,Yes,No,Month-to-Month,No,Electronic Check,59.1,4025.22,2,No
CUST-100764,Male,0,No,No,18-25,Hyderabad,19,Yes,Yes,Fiber Optic,No,Yes,Yes,No,Yes,No,One Year,Yes,Bank Transfer (Auto),91.52,1807.52,2,Yes
CUST-100765,Male,0,Yes,No,18-25,Mumbai,37,Yes,No,Fiber Optic,No,No,No,No,No,No,Month-to-Month,Yes,Mailed Check,78.55,2812.63,2,No
CUST-100766,Male,0,No,Yes,36-45,Mumbai,25,Yes,No,DSL,Yes,No,No,No,No,Yes,Month-to-Month,Yes,Mailed Check,73.61,1894.63,1,No
CUST-100767,Female,0,Yes,No,18-25,Mumbai,17,No,No Phone Service,No,No Internet Service,No Internet Service,No Internet Service,No Internet Service,No Internet Service,No Internet Service,Month-to-Month,Yes,Electronic Check,51.59,861.35,1,No
CUST-100768,Female,0,No,No,26-35,Ahmedabad,2,Yes,Yes,Fiber Optic,Yes,No,No,Yes,Yes,Yes,One Year,No,Bank Transfer (Auto),98.95,176.42,2,No
CUST-100769,Male,0,No,No,36-45,Mumbai,24,Yes,No,Fiber Optic,No,Yes,No,No,Yes,No,Two Year,Yes,Credit Card (Auto),101.64,2564.98,1,No
CUST-100770,Male,0,Yes,Yes,18-25,Bangalore,4,No,No Phone Service,Fiber Optic,No,Yes,No,No,No,Yes,Month-to-Month,No,Electronic Check,76.1,315.4,2,Yes
CUST-100771,Male,0,Yes,No,26-35,Pune,12,No,No Phone Service,Fiber Optic,No,No,No,No,Yes,No,Month-to-Month,Yes,Electronic Check,91.25,1075.86,2,No
CUST-100772,Male,0,Yes,Yes,18-25,Kolkata,23,Yes,No,DSL,No,Yes,No,No,No,Yes,One Year,Yes,Bank Transfer (Auto),76.78,,0,No
CUST-100773,Female,0,No,No,46-55,Delhi,36,No,No Phone Service,DSL,Yes,No,No,Yes,No,Yes,One Year,Yes,Electronic Check,85.59,3165.52,4,No
CUST-100774,Female,0,No,No,18-25,Chennai,27,Yes,No,No,No Internet Service,No Internet Service,No Internet Service,No Internet Service,No Internet Service,No Internet Service,Month-to-Month,Yes,Bank Transfer (Auto),55.33,1502.58,1,No
CUST-100775,Male,0,No,No,26-35,Pune,26,Yes,No,DSL,No,No,Yes,No,Yes,No,Month-to-Month,Yes,Electronic Check,77.1,1977.92,1,Yes
CUST-100776,Male,1,No,No,46-55,Ahmedabad,3,Yes,Yes,No,No Internet Service,No Internet Service,No Internet Service,No Internet Service,No Internet Service,No Internet Service,Month-to-Month,No,Bank Transfer (Auto),51.79,159.93,1,No
CUST-100777,Female,0,Yes,No,36-45,Kolkata,10,Yes,Yes,DSL,Yes,No,No,Yes,No,Yes,One Year,Yes,Mailed Check,78.97,844.24,1,No
CUST-100778,Female,0,Yes,No,18-25,Bangalore,1,Yes,No,No,No Internet Service,No Internet Service,No Internet Service,No Internet Service,No Internet Service,No Internet Service,One Year,Yes,Electronic Check,37.69,22.15,3,Yes
CUST-100779,Male,0,Yes,No,26-35,Hyderabad,30,Yes,Yes,Fiber Optic,No,Yes,No,No,No,No,Month-to-Month,Yes,Bank Transfer (Auto),99.54,3040.79,3,No
CUST-100780,Male,0,Yes,No,18-25,Pune,72,Yes,Yes,DSL,Yes,No,Yes,Yes,No,No,Month-to-Month,Yes,Mailed Check,91.56,6585.3,1,No
CUST-100781,Male,0,No,Yes,18-25,Chennai,7,No,No Phone Service,No,No Internet Service,No Internet Service,No Internet Service,No Internet Service,No Internet Service,No Internet Service,Month-to-Month,No,Electronic Check,50.95,263.92,3,No
CUST-100782,Female,1,No,No,18-25,Bangalore,2,Yes,No,DSL,No,No,No,Yes,No,No,Two Year,Yes,Mailed Check,67.57,211.14,2,Yes
CUST-100783,Female,1,Yes,Yes,18-25,Ahmedabad,15,Yes,No,No,No Internet Service,No Internet Service,No Internet Service,No Internet Service,No Internet Service,No Internet Service,Month-to-Month,Yes,Mailed Check,49.03,752.21,0,No
CUST-100784,Female,0,No,No,18-25,Ahmedabad,46,Yes,No,Fiber Optic,No,No,No,No,No,Yes,Two Year,No,Electronic Check,69.39,3244.64,3,No
CUST-100785,Male,0,No,No,36-45,Ahmedabad,19,Yes,No,No,No Internet Service,No Internet Service,No Internet Service,No Internet Service,No Internet Service,No Internet Service,One Year,Yes,Credit Card (Auto),51.66,996.66,2,No
CUST-100786,Male,0,Yes,No,26-35,Bangalore,1,Yes,No,DSL,Yes,Yes,No,Yes,No,No,Month-to-Month,Yes,Bank Transfer (Auto),81.19,83.05,3,No
CUST-100787,Female,0,Yes,No,56-65,Delhi,72,Yes,No,Fiber Optic,No,No,No,No,No,No,Month-to-Month,No,Electronic Check,89.3,6466.44,3,Yes
CUST-100788,Female,1,Yes,Yes,18-25,Hyderabad,42,Yes,No,Fiber Optic,No,Yes,No,No,No,No,Two Year,Yes,Credit Card (Auto),84.39,,0,No
CUST-100789,Male,0,No,Yes,26-35,Pune,3,No,No Phone Service,Fiber Optic,Yes,No,No,No,Yes,No,Month-to-Month,Yes,Electronic Check,100.21,391.3,6,Yes
CUST-100790,Female,0,No,No,36-45,Delhi,61,Yes,No,No,No Internet Service,No Internet Service,No Internet Service,No Internet Service,No Internet Service,No Internet Service,Two Year,Yes,Bank Transfer (Auto),36.51,2225.59,0,No
CUST-100791,Female,1,No,Yes,36-45,Bangalore,14,Yes,No,DSL,Yes,Yes,No,No,No,No,Month-to-Month,No,Electronic Check,72.13,1100.76,0,No
CUST-100792,Male,0,Yes,No,36-45,Mumbai,11,Yes,Yes,No,No Internet Service,No Internet Service,No Internet Service,No Internet Service,No Internet Service,No Internet Service,One Year,Yes,Bank Transfer (Auto),33.27,396.2,0,No
CUST-100793,Female,0,Yes,Yes,18-25,Pune,14,Yes,Yes,DSL,No,No,No,Yes,Yes,Yes,Two Year,No,Bank Transfer (Auto),74.26,920.58,0,No
CUST-100794,Male,1,No,No,26-35,Pune,43,Yes,No,No,No Internet Service,No Internet Service,No Internet Service,No Internet Service,No Internet Service,No Internet Service,Two Year,No,Bank Transfer (Auto),45.64,1913.03,1,No
CUST-100795,Male,0,No,Yes,46-55,Hyderabad,25,Yes,No,DSL,No,No,Yes,No,No,No,Month-to-Month,No,Electronic Check,79.31,2025.23,2,No
CUST-100796,Male,0,No,No,26-35,Pune,1,Yes,No,Fiber Optic,No,Yes,No,No,No,No,One Year,No,Electronic Check,86.88,40.96,3,Yes
CUST-100797,Male,0,No,No,18-25,Chennai,72,Yes,Yes,Fiber Optic,No,Yes,No,No,Yes,Yes,Month-to-Month,No,Mailed Check,88.14,6278.26,0,No
CUST-100798,Male,0,Yes,No,18-25,Ahmedabad,3,Yes,Yes,No,No Internet Service,No Internet Service,No Internet Service,No Internet Service,No Internet Service,No Internet Service,Month-to-Month,Yes,Electronic Check,37.44,176.53,2,Yes
CUST-100799,Male,0,No,Yes,26-35,Hyderabad,32,Yes,Yes,Fiber Optic,No,No,No,No,No,No,Month-to-Month,No,Electronic Check,87.81,2730.51,4,No
CUST-100800,Male,0,No,No,46-55,Bangalore,24,Yes,No,Fiber Optic,Yes,Yes,No,No,No,No,Month-to-Month,No,Bank Transfer (Auto),87.75,2144.9,2,No
CUST-100801,Female,1,Yes,Yes,18-25,Pune,4,Yes,No,Fiber Optic,No,No,Yes,No,No,No,Month-to-Month,Yes,Credit Card (Auto),80.96,305.68,0,No
CUST-100802,Male,0,No,No,65+,Mumbai,4,Yes,No,Fiber Optic,Yes,No,Yes,No,No,No,Month-to-Month,No,Electronic Check,105.53,457.24,0,Yes
CUST-100803,Male,0,Yes,No,18-25,Hyderabad,49,Yes,No,No,No Internet Service,No Internet Service,No Internet Service,No Internet Service,No Internet Service,No Internet Service,Two Year,Yes,Electronic Check,40.66,2005.67,4,No
CUST-100804,Female,0,Yes,No,26-35,Ahmedabad,13,Yes,No,DSL,No,No,No,Yes,No,No,One Year,No,Credit Card (Auto),61.98,702.08,4,No
CUST-100805,Female,0,Yes,No,26-35,Pune,25,Yes,Yes,DSL,No,Yes,Yes,No,No,No,Month-to-Month,No,Credit Card (Auto),71.86,1780.75,0,No
CUST-100806,Female,0,Yes,No,36-45,Ahmedabad,16,Yes,Yes,No,No Internet Service,No Internet Service,No Internet Service,No Internet Service,No Internet Service,No Internet Service,Two Year,No,Mailed Check,62.05,980.59,3,No
CUST-100807,Male,0,Yes,No,26-35,Bangalore,31,Yes,Yes,DSL,No,No,Yes,No,No,No,Month-to-Month,No,Electronic Check,76.51,2392.26,3,No
CUST-100808,Female,0,Yes,No,18-25,Bangalore,15,Yes,No,No,No Internet Service,No Internet Service,No Internet Service,No Internet Service,No Internet Service,No Internet Service,Month-to-Month,No,Bank Transfer (Auto),28.36,441.33,0,No
CUST-100809,Male,0,No,No,65+,Mumbai,8,Yes,Yes,Fiber Optic,No,No,No,No,No,No,One Year,Yes,Credit Card (Auto),71.22,557.5,1,No
CUST-100810,Male,0,Yes,No,26-35,Bangalore,10,Yes,No,No,No Internet Service,No Internet Service,No Internet Service,No Internet Service,No Internet Service,No Internet Service,Month-to-Month,No,Electronic Check,40.53,348.59,3,No
CUST-100811,Male,0,Yes,No,18-25,Mumbai,47,Yes,Yes,Fiber Optic,Yes,No,Yes,Yes,No,No,One Year,No,Bank Transfer (Auto),114.58,5409.32,2,No
CUST-100812,Male,0,Yes,Yes,26-35,Bangalore,15,Yes,Yes,DSL,Yes,Yes,No,No,Yes,No,Month-to-Month,No,Bank Transfer (Auto),72.2,1126.56,1,No
CUST-100813,Female,0,No,No,26-35,Mumbai,5,Yes,No,DSL,Yes,No,No,No,No,Yes,Month-to-Month,No,Mailed Check,78.56,409.34,0,No
CUST-100814,Female,0,Yes,No,18-25,Bangalore,65,Yes,Yes,Fiber Optic,No,No,No,No,Yes,Yes,Month-to-Month,No,Bank Transfer (Auto),90.59,5877.38,2,No
CUST-100815,Male,0,Yes,Yes,26-35,Ahmedabad,38,Yes,No,Fiber Optic,No,No,No,No,No,No,Two Year,Yes,Mailed Check,88.49,3344.1,1,No
CUST-100816,Male,0,No,Yes,26-35,Pune,1,Yes,No,Fiber Optic,No,Yes,No,No,No,No,One Year,Yes,Bank Transfer (Auto),80.04,34.15,1,No
CUST-100817,Male,0,No,No,18-25,Delhi,72,Yes,Yes,Fiber Optic,No,Yes,No,No,Yes,Yes,One Year,No,Mailed Check,108.06,7792.74,2,No
CUST-100818,Female,0,No,No,18-25,Delhi,28,Yes,No,DSL,Yes,No,No,No,Yes,Yes,One Year,No,Electronic Check,94.42,2653.35,0,No
CUST-100819,Male,0,No,No,26-35,Delhi,4,Yes,No,No,No Internet Service,No Internet Service,No Internet Service,No Internet Service,No Internet Service,No Internet Service,Month-to-Month,Yes,Bank Transfer (Auto),54.26,258.85,2,No
CUST-100820,Male,0,Yes,No,46-55,Mumbai,6,Yes,No,DSL,Yes,Yes,Yes,No,Yes,No,One Year,Yes,Bank Transfer (Auto),92.37,523.07,1,No
CUST-100821,Female,0,No,No,26-35,Ahmedabad,28,Yes,Yes,DSL,Yes,No,No,No,No,No,Month-to-Month,No,Credit Card (Auto),67.76,1903.24,2,No
CUST-100822,Female,0,Yes,No,46-55,Chennai,36,Yes,No,Fiber Optic,Yes,No,Yes,No,Yes,Yes,Month-to-Month,No,Mailed Check,108.58,3843.08,0,No
CUST-100823,Male,0,Yes,No,36-45,Pune,6,Yes,Yes,Fiber Optic,Yes,Yes,No,No,No,Yes,One Year,Yes,Electronic Check,97.78,569.71,1,No
CUST-100824,Female,0,Yes,No,26-35,Chennai,7,Yes,Yes,DSL,No,No,Yes,Yes,No,No,Month-to-Month,Yes,Credit Card (Auto),83.8,558.51,1,No
CUST-100825,Female,0,No,Yes,26-35,Bangalore,8,Yes,Yes,No,No Internet Service,No Internet Service,No Internet Service,No Internet Service,No Internet Service,No Internet Service,Month-to-Month,No,Bank Transfer (Auto),46.37,423.84,2,No
CUST-100826,Male,0,Yes,No,36-45,Kolkata,21,Yes,No,No,No Internet Service,No Internet Service,No Internet Service,No Internet Service,No Internet Service,No Internet Service,Two Year,No,Credit Card (Auto),41.99,967.11,1,No
CUST-100827,Female,0,No,Yes,26-35,Delhi,4,Yes,No,Fiber Optic,No,Yes,No,No,No,Yes,One Year,No,Electronic Check,107.19,369.94,1,No
CUST-100828,Male,0,No,No,26-35,Bangalore,2,Yes,No,DSL,Yes,Yes,No,No,Yes,No,One Year,No,Mailed Check,89.93,225.24,2,No
CUST-100829,Female,0,Yes,No,18-25,Bangalore,27,No,No Phone Service,DSL,No,No,Yes,No,Yes,No,Month-to-Month,Yes,Electronic Check,68.6,1886.23,1,Yes
CUST-100830,Male,0,No,Yes,26-35,Ahmedabad,36,No,No Phone Service,DSL,No,No,No,No,Yes,No,Month-to-Month,Yes,Credit Card (Auto),71.98,2563.83,0,No
CUST-100831,Male,0,No,No,26-35,Mumbai,16,Yes,No,DSL,No,No,No,No,Yes,Yes,One Year,Yes,Credit Card (Auto),74.31,1151.37,3,No
CUST-100832,Male,0,No,No,18-25,Mumbai,10,No,No Phone Service,No,No Internet Service,No Internet Service,No Internet Service,No Internet Service,No Internet Service,No Internet Service,One Year,Yes,Mailed Check,53.24,494.18,4,No
CUST-100833,Female,0,Yes,No,18-25,Ahmedabad,13,Yes,No,Fiber Optic,No,No,No,No,No,No,Month-to-Month,Yes,Electronic Check,75.23,959.12,0,No
CUST-100834,Male,1,No,No,18-25,Chennai,11,Yes,No,No,No Internet Service,No Internet Service,No Internet Service,No Internet Service,No Internet Service,No Internet Service,Two Year,Yes,Electronic Check,41.97,443.73,0,No
CUST-100835,Female,0,Yes,No,18-25,Chennai,72,Yes,No,Fiber Optic,Yes,Yes,No,Yes,Yes,No,Two Year,Yes,Bank Transfer (Auto),108.61,7812.28,2,No
CUST-100836,Male,1,No,No,46-55,Kolkata,35,No,No Phone Service,DSL,Yes,Yes,No,Yes,No,No,Month-to-Month,No,Mailed Check,82.83,2873.55,4,No
CUST-100837,Male,0,No,No,46-55,Ahmedabad,5,Yes,No,No,No Internet Service,No Internet Service,No Internet Service,No Internet Service,No Internet Service,No Internet Service,Two Year,Yes,Bank Transfer (Auto),26.42,172.4,1,No
CUST-100838,Female,0,Yes,No,18-25,Kolkata,11,Yes,Yes,DSL,No,No,No,Yes,Yes,No,Month-to-Month,Yes,Electronic Check,83.69,946.03,4,Yes
CUST-100839,Male,0,No,No,36-45,Kolkata,18,Yes,No,Fiber Optic,No,No,Yes,No,No,Yes,Month-to-Month,Yes,Mailed Check,82.25,1471.84,1,Yes
CUST-100840,Male,1,No,No,18-25,Kolkata,22,Yes,Yes,Fiber Optic,No,Yes,Yes,Yes,Yes,No,Month-to-Month,Yes,Electronic Check,101.77,2211.97,1,Yes
CUST-100841,Female,0,No,Yes,26-35,Mumbai,15,No,No Phone Service,DSL,No,No,No,No,Yes,Yes,One Year,No,Bank Transfer (Auto),72.6,1060.69,1,No
CUST-100842,Male,0,Yes,No,26-35,Chennai,39,Yes,No,Fiber Optic,No,Yes,No,No,No,Yes,Two Year,Yes,Mailed Check,83.95,3295.99,1,No
CUST-100843,Male,0,Yes,No,26-35,Hyderabad,35,Yes,No,Fiber Optic,Yes,No,No,No,No,No,One Year,No,Credit Card (Auto),78.9,2764.31,1,No
CUST-100844,Male,0,No,No,26-35,Pune,16,Yes,Yes,Fiber Optic,No,Yes,No,No,No,No,One Year,No,Bank Transfer (Auto),79.04,1274.58,1,No
CUST-100845,Male,0,No,No,18-25,Ahmedabad,46,No,No Phone Service,No,No Internet Service,No Internet Service,No Internet Service,No Internet Service,No Internet Service,No Internet Service,Month-to-Month,No,Mailed Check,48.42,2270.24,3,No
CUST-100846,Female,0,No,No,18-25,Bangalore,33,Yes,No,Fiber Optic,Yes,No,No,Yes,No,No,Month-to-Month,Yes,Electronic Check,80.81,2664.01,2,Yes
CUST-100847,Female,0,Yes,Yes,18-25,Pune,36,Yes,Yes,DSL,No,No,Yes,Yes,No,No,Month-to-Month,No,Credit Card (Auto),65.52,2427.23,3,No
CUST-100848,Male,0,Yes,No,56-65,Delhi,72,Yes,No,Fiber Optic,No,Yes,No,No,Yes,No,Month-to-Month,Yes,Electronic Check,99.28,7048.04,1,Yes
CUST-100849,Female,0,No,No,18-25,Bangalore,7,Yes,Yes,DSL,No,No,No,No,Yes,No,One Year,No,Electronic Check,64.33,384.55,1,No
CUST-100850,Male,0,No,No,36-45,Pune,7,Yes,No,Fiber Optic,No,No,No,No,No,Yes,Month-to-Month,No,Credit Card (Auto),70.21,581.97,1,No
CUST-100851,Female,0,Yes,Yes,26-35,Mumbai,52,Yes,Yes,DSL,No,Yes,No,No,No,No,One Year,No,Bank Transfer (Auto),50.18,2589.47,1,No
CUST-100852,Male,1,No,No,36-45,Kolkata,35,Yes,No,DSL,Yes,No,No,Yes,No,No,Month-to-Month,Yes,Bank Transfer (Auto),59.92,2112.01,2,No
CUST-100853,Male,0,No,No,18-25,Ahmedabad,62,Yes,No,Fiber Optic,No,No,No,No,No,No,Month-to-Month,Yes,Electronic Check,59.37,3743.6,0,No
CUST-100854,Male,0,Yes,Yes,18-25,Kolkata,1,Yes,No,No,No Internet Service,No Internet Service,No Internet Service,No Internet Service,No Internet Service,No Internet Service,Month-to-Month,Yes,Credit Card (Auto),46.84,64.0,3,No
CUST-100855,Male,0,Yes,No,36-45,Mumbai,23,Yes,No,No,No Internet Service,No Internet Service,No Internet Service,No Internet Service,No Internet Service,No Internet Service,Two Year,Yes,Electronic Check,45.99,1103.42,0,No
CUST-100856,Male,0,Yes,Yes,18-25,Pune,3,No,No Phone Service,Fiber Optic,No,Yes,No,No,No,No,Month-to-Month,No,Electronic Check,81.3,274.68,1,No
CUST-100857,Male,0,No,No,36-45,Kolkata,16,Yes,Yes,DSL,Yes,No,No,No,No,Yes,Month-to-Month,Yes,Electronic Check,77.46,1288.51,1,No
CUST-100858,Female,0,Yes,No,26-35,Ahmedabad,4,Yes,No,DSL,Yes,Yes,No,No,No,No,Two Year,No,Electronic Check,82.51,354.69,1,No
CUST-100859,Male,0,Yes,Yes,26-35,Mumbai,3,Yes,Yes,Fiber Optic,Yes,Yes,Yes,Yes,Yes,No,Two Year,Yes,Credit Card (Auto),113.33,376.55,0,No
CUST-100860,Female,0,No,Yes,18-25,Hyderabad,0,Yes,No,Fiber Optic,Yes,No,Yes,No,Yes,Yes,One Year,No,Bank Transfer (Auto),100.17,0.0,1,Yes
CUST-100861,Male,0,Yes,No,26-35,Kolkata,23,Yes,Yes,No,No Internet Service,No Internet Service,No Internet Service,No Internet Service,No Internet Service,No Internet Service,Month-to-Month,Yes,Bank Transfer (Auto),41.55,981.8,0,No
CUST-100862,Female,0,Yes,No,46-55,Pune,10,Yes,Yes,DSL,No,Yes,No,Yes,No,No,Month-to-Month,No,Credit Card (Auto),72.02,718.18,4,No
CUST-100863,Female,0,Yes,No,18-25,Kolkata,2,Yes,No,No,No Internet Service,No Internet Service,No Internet Service,No Internet Service,No Internet Service,No Internet Service,Two Year,No,Electronic Check,44.02,83.69,1,No
CUST-100864,Female,1,No,No,36-45,Chennai,9,Yes,No,DSL,No,No,No,Yes,No,No,Two Year,Yes,Electronic Check,74.63,587.71,0,No
CUST-100865,Male,0,No,No,26-35,Mumbai,4,Yes,Yes,Fiber Optic,No,Yes,No,No,No,No,One Year,No,Bank Transfer (Auto),84.79,318.08,2,No
CUST-100866,Male,0,Yes,Yes,18-25,Kolkata,68,No,No Phone Service,Fiber Optic,No,Yes,No,No,No,No,Month-to-Month,No,Mailed Check,80.58,5472.72,3,No
CUST-100867,Female,0,No,No,36-45,Chennai,9,Yes,No,DSL,Yes,Yes,Yes,Yes,No,No,Month-to-Month,No,Mailed Check,87.59,866.09,1,No
CUST-100868,Male,0,No,No,18-25,Delhi,9,Yes,No,DSL,Yes,Yes,No,No,No,Yes,Month-to-Month,No,Electronic Check,55.87,488.86,1,No
CUST-100869,Female,0,Yes,No,46-55,Chennai,43,Yes,No,Fiber Optic,No,No,No,No,No,No,One Year,No,Mailed Check,75.47,3259.35,4,Yes
CUST-100870,Male,0,Yes,No,18-25,Hyderabad,25,Yes,No,DSL,Yes,No,No,No,Yes,Yes,Month-to-Month,Yes,Electronic Check,91.3,2351.27,2,No
CUST-100871,Female,0,Yes,Yes,36-45,Pune,29,Yes,Yes,No,No Internet Service,No Internet Service,No Internet Service,No Internet Service,No Internet Service,No Internet Service,Two Year,Yes,Electronic Check,62.7,1756.42,0,No
CUST-100872,Female,0,Yes,Yes,36-45,Hyderabad,24,Yes,No,DSL,Yes,No,No,No,Yes,No,Month-to-Month,No,Electronic Check,72.05,1710.05,1,Yes
CUST-100873,Male,0,No,No,26-35,Mumbai,70,No,No Phone Service,Fiber Optic,Yes,No,No,No,Yes,Yes,One Year,No,Electronic Check,105.85,7453.48,3,No
CUST-100874,Female,0,No,No,36-45,Ahmedabad,5,Yes,No,Fiber Optic,No,Yes,Yes,Yes,Yes,No,Month-to-Month,No,Mailed Check,103.2,639.47,1,Yes
CUST-100875,Male,0,Yes,No,18-25,Chennai,72,Yes,Yes,No,No Internet Service,No Internet Service,No Internet Service,No Internet Service,No Internet Service,No Internet Service,Month-to-Month,Yes,Electronic Check,55.39,3888.83,4,No
CUST-100876,Female,0,Yes,No,46-55,Pune,42,Yes,No,No,No Internet Service,No Internet Service,No Internet Service,No Internet Service,No Internet Service,No Internet Service,Month-to-Month,No,Credit Card (Auto),40.92,1712.78,1,No
CUST-100877,Female,0,Yes,No,26-35,Pune,21,Yes,Yes,Fiber Optic,Yes,No,Yes,Yes,No,Yes,One Year,No,Credit Card (Auto),104.57,2227.38,2,No
CUST-100878,Male,0,No,No,18-25,Hyderabad,26,Yes,Yes,No,No Internet Service,No Internet Service,No Internet Service,No Internet Service,No Internet Service,No Internet Service,One Year,No,Bank Transfer (Auto),44.29,1193.59,2,No
CUST-100879,Male,0,Yes,No,26-35,Pune,25,Yes,Yes,Fiber Optic,Yes,Yes,No,No,No,No,Month-to-Month,Yes,Credit Card (Auto),90.69,2379.56,1,No
CUST-100880,Male,0,No,Yes,36-45,Delhi,1,Yes,Yes,Fiber Optic,No,No,Yes,No,No,No,Two Year,Yes,Credit Card (Auto),78.71,46.45,1,No
CUST-100881,Female,0,Yes,Yes,18-25,Bangalore,5,Yes,No,Fiber Optic,No,No,No,No,No,No,Month-to-Month,Yes,Mailed Check,62.68,301.65,2,No
CUST-100882,Male,0,No,No,36-45,Chennai,72,Yes,Yes,Fiber Optic,Yes,No,No,No,No,No,Two Year,No,Mailed Check,103.43,7365.56,2,No
CUST-100883,Female,0,No,No,26-35,Pune,18,Yes,Yes,No,No Internet Service,No Internet Service,No Internet Service,No Internet Service,No Internet Service,No Internet Service,Two Year,No,Credit Card (Auto),50.74,919.73,0,No
CUST-100884,Female,0,Yes,No,18-25,Ahmedabad,11,Yes,Yes,DSL,No,No,No,No,No,No,Two Year,Yes,Bank Transfer (Auto),66.48,756.84,0,No
CUST-100885,Male,1,No,No,46-55,Kolkata,34,Yes,No,Fiber Optic,Yes,Yes,No,Yes,Yes,Yes,Month-to-Month,Yes,Electronic Check,116.09,,2,Yes
CUST-100886,Male,0,No,No,26-35,Mumbai,17,Yes,No,No,No Internet Service,No Internet Service,No Internet Service,No Internet Service,No Internet Service,No Internet Service,Month-to-Month,Yes,Bank Transfer (Auto),48.37,907.49,1,No
CUST-100887,Female,0,Yes,Yes,36-45,Delhi,0,No,No Phone Service,No,No Internet Service,No Internet Service,No Internet Service,No Internet Service,No Internet Service,No Internet Service,Two Year,No,Electronic Check,42.2,75.81,0,No
CUST-100888,Female,0,No,No,26-35,Chennai,31,Yes,No,Fiber Optic,Yes,Yes,Yes,No,No,No,Month-to-Month,Yes,Electronic Check,111.94,3435.37,1,Yes
CUST-100889,Male,0,Yes,Yes,18-25,Mumbai,31,Yes,No,DSL,No,No,No,No,No,No,Month-to-Month,No,Electronic Check,64.17,2010.59,2,Yes
CUST-100890,Male,0,No,Yes,46-55,Ahmedabad,4,Yes,No,DSL,Yes,Yes,No,No,No,Yes,One Year,Yes,Electronic Check,89.46,377.3,0,No
CUST-100891,Male,1,Yes,No,18-25,Hyderabad,72,Yes,Yes,DSL,No,No,Yes,No,No,No,Month-to-Month,Yes,Electronic Check,56.46,4088.48,6,No
CUST-100892,Male,1,No,Yes,26-35,Chennai,6,Yes,No,DSL,No,No,No,No,Yes,Yes,One Year,No,Credit Card (Auto),74.61,445.53,0,No
CUST-100893,Male,0,No,No,18-25,Mumbai,14,Yes,Yes,Fiber Optic,No,No,No,No,No,No,Two Year,Yes,Electronic Check,88.0,1288.55,0,No
CUST-100894,Female,1,No,Yes,18-25,Bangalore,2,Yes,No,Fiber Optic,No,Yes,No,Yes,No,Yes,One Year,Yes,Electronic Check,100.14,182.48,2,Yes
CUST-100895,Female,1,No,Yes,18-25,Delhi,22,Yes,Yes,No,No Internet Service,No Internet Service,No Internet Service,No Internet Service,No Internet Service,No Internet Service,Month-to-Month,No,Electronic Check,48.71,1088.09,1,Yes
CUST-100896,Female,0,No,No,36-45,Mumbai,11,Yes,Yes,No,No Internet Service,No Internet Service,No Internet Service,No Internet Service,No Internet Service,No Internet Service,Month-to-Month,Yes,Bank Transfer (Auto),42.96,545.22,0,Yes
CUST-100897,Female,1,Yes,No,18-25,Chennai,10,No,No Phone Service,Fiber Optic,No,No,Yes,No,Yes,No,Month-to-Month,No,Credit Card (Auto),82.81,935.78,3,No
CUST-100898,Male,0,No,Yes,26-35,Ahmedabad,42,Yes,No,Fiber Optic,No,No,No,No,Yes,Yes,Month-to-Month,Yes,Electronic Check,103.9,4322.36,1,Yes
CUST-100899,Male,0,No,Yes,26-35,Delhi,0,Yes,No,No,No Internet Service,No Internet Service,No Internet Service,No Internet Service,No Internet Service,No Internet Service,Month-to-Month,Yes,Electronic Check,44.11,27.53,1,Yes
CUST-100900,Male,0,No,No,46-55,Ahmedabad,38,Yes,No,Fiber Optic,No,No,No,Yes,No,No,Month-to-Month,Yes,Mailed Check,71.21,2728.7,4,No
CUST-100901,Female,0,No,No,36-45,Mumbai,20,Yes,Yes,Fiber Optic,Yes,No,No,No,Yes,Yes,Month-to-Month,Yes,Bank Transfer (Auto),106.27,2186.39,0,No
CUST-100902,Female,1,No,No,26-35,Chennai,72,Yes,No,Fiber Optic,No,Yes,Yes,No,No,Yes,Month-to-Month,Yes,Electronic Check,109.87,7992.32,0,No
CUST-100903,Male,0,No,No,46-55,Hyderabad,21,Yes,No,Fiber Optic,Yes,No,Yes,No,No,No,Two Year,No,Electronic Check,86.67,1803.4,2,No
CUST-100904,Male,0,Yes,Yes,26-35,Bangalore,1,Yes,Yes,Fiber Optic,No,Yes,Yes,No,Yes,No,Month-to-Month,Yes,Mailed Check,105.84,102.06,0,Yes
CUST-100905,Female,0,Yes,No,36-45,Bangalore,1,Yes,No,DSL,No,No,Yes,Yes,No,No,Month-to-Month,Yes,Electronic Check,75.99,79.65,3,Yes
CUST-100906,Female,1,Yes,No,46-55,Chennai,51,Yes,Yes,Fiber Optic,No,No,No,No,No,No,One Year,Yes,Credit Card (Auto),78.46,4025.39,1,No
CUST-100907,Male,1,Yes,No,36-45,Hyderabad,44,Yes,No,No,No Internet Service,No Internet Service,No Internet Service,No Internet Service,No Internet Service,No Internet Service,One Year,No,Electronic Check,35.27,1593.22,2,No
CUST-100908,Male,0,No,Yes,18-25,Hyderabad,10,Yes,No,No,No Internet Service,No Internet Service,No Internet Service,No Internet Service,No Internet Service,No Internet Service,Month-to-Month,No,Electronic Check,47.71,458.33,1,No
CUST-100909,Female,0,Yes,No,36-45,Ahmedabad,23,Yes,No,No,No Internet Service,No Internet Service,No Internet Service,No Internet Service,No Internet Service,No Internet Service,One Year,No,Credit Card (Auto),50.82,1261.71,1,No
CUST-100910,Male,0,Yes,Yes,26-35,Pune,16,Yes,Yes,No,No Internet Service,No Internet Service,No Internet Service,No Internet Service,No Internet Service,No Internet Service,Month-to-Month,Yes,Credit Card (Auto),50.64,718.78,0,No
CUST-100911,Male,0,No,Yes,18-25,Delhi,72,Yes,No,DSL,No,Yes,No,No,No,No,Month-to-Month,Yes,Electronic Check,57.86,4106.21,0,No
CUST-100912,Male,0,Yes,Yes,18-25,Ahmedabad,71,Yes,No,Fiber Optic,No,No,No,No,No,No,Two Year,Yes,Credit Card (Auto),87.54,6245.72,0,No
CUST-100913,Female,0,Yes,Yes,26-35,Hyderabad,72,Yes,No,Fiber Optic,Yes,No,No,Yes,Yes,Yes,Two Year,Yes,Bank Transfer (Auto),116.39,8371.87,3,No
CUST-100914,Female,0,Yes,No,18-25,Mumbai,48,Yes,Yes,Fiber Optic,No,No,No,Yes,No,No,One Year,No,Electronic Check,87.05,4150.1,1,No
CUST-100915,Female,0,Yes,No,18-25,Pune,57,Yes,Yes,Fiber Optic,Yes,No,No,Yes,No,No,One Year,Yes,Mailed Check,86.84,4997.85,0,No
CUST-100916,Female,0,No,Yes,26-35,Bangalore,5,Yes,No,DSL,Yes,No,No,No,No,Yes,Two Year,Yes,Electronic Check,61.04,345.83,2,Yes
CUST-100917,Female,0,No,No,18-25,Ahmedabad,42,Yes,No,No,No Internet Service,No Internet Service,No Internet Service,No Internet Service,No Internet Service,No Internet Service,Two Year,Yes,Electronic Check,56.64,2441.34,1,No
CUST-100918,Female,0,No,No,18-25,Hyderabad,29,Yes,No,Fiber Optic,Yes,Yes,Yes,Yes,Yes,No,Month-to-Month,Yes,Electronic Check,111.2,3173.02,2,Yes
CUST-100919,Female,0,Yes,No,36-45,Delhi,72,No,No Phone Service,DSL,No,No,No,No,Yes,Yes,One Year,No,Bank Transfer (Auto),77.13,5593.99,1,No
CUST-100920,Male,0,No,No,26-35,Pune,20,Yes,No,DSL,Yes,No,No,No,Yes,No,Month-to-Month,No,Credit Card (Auto),66.86,1377.31,1,No
CUST-100921,Male,0,Yes,Yes,56-65,Delhi,2,Yes,No,Fiber Optic,Yes,No,Yes,No,No,No,Month-to-Month,Yes,Mailed Check,106.16,161.95,2,Yes
CUST-100922,Male,0,Yes,No,36-45,Mumbai,21,Yes,Yes,No,No Internet Service,No Internet Service,No Internet Service,No Internet Service,No Internet Service,No Internet Service,Month-to-Month,No,Mailed Check,48.16,1013.33,1,No
CUST-100923,Male,0,Yes,No,18-25,Mumbai,27,Yes,Yes,DSL,No,No,No,No,No,Yes,One Year,Yes,Mailed Check,76.84,2123.12,1,No
CUST-100924,Male,0,Yes,No,26-35,Chennai,5,Yes,Yes,Fiber Optic,Yes,No,No,No,Yes,No,Two Year,No,Bank Transfer (Auto),93.79,536.06,0,No
CUST-100925,Male,0,Yes,No,26-35,Delhi,12,Yes,No,No,No Internet Service,No Internet Service,No Internet Service,No Internet Service,No Internet Service,No Internet Service,Two Year,Yes,Bank Transfer (Auto),47.05,557.26,2,No
CUST-100926,Male,0,Yes,No,18-25,Delhi,21,No,No Phone Service,DSL,Yes,No,Yes,No,No,No,Month-to-Month,Yes,Electronic Check,63.25,,2,No
CUST-100927,Female,0,No,No,65+,Mumbai,11,No,No Phone Service,DSL,No,No,Yes,No,Yes,No,Month-to-Month,Yes,Bank Transfer (Auto),73.67,886.98,1,Yes
CUST-100928,Female,1,Yes,Yes,18-25,Delhi,11,Yes,No,DSL,No,No,Yes,Yes,No,No,Month-to-Month,No,Mailed Check,83.47,920.16,2,No
CUST-100929,Male,0,Yes,No,26-35,Pune,3,Yes,Yes,DSL,No,Yes,No,No,No,No,Month-to-Month,Yes,Bank Transfer (Auto),55.11,70.88,0,No
CUST-100930,Male,0,Yes,Yes,26-35,Hyderabad,67,Yes,No,Fiber Optic,Yes,Yes,Yes,No,No,No,Two Year,No,Electronic Check,114.12,7634.06,0,No
CUST-100931,Female,1,No,No,56-65,Delhi,33,Yes,No,No,No Internet Service,No Internet Service,No Internet Service,No Internet Service,No Internet Service,No Internet Service,Month-to-Month,Yes,Electronic Check,43.55,1493.79,1,No
CUST-100932,Male,0,Yes,Yes,46-55,Delhi,0,Yes,No,No,No Internet Service,No Internet Service,No Internet Service,No Internet Service,No Internet Service,No Internet Service,One Year,No,Mailed Check,45.51,0.0,3,Yes
CUST-100933,Male,0,No,No,46-55,Bangalore,34,Yes,Yes,DSL,No,Yes,Yes,No,No,Yes,Month-to-Month,Yes,Credit Card (Auto),77.24,2632.02,2,No
CUST-100934,Female,0,No,No,65+,Ahmedabad,32,Yes,No,DSL,No,No,Yes,Yes,No,No,Month-to-Month,No,Bank Transfer (Auto),83.94,2669.72,2,No
CUST-100935,Male,0,Yes,No,18-25,Delhi,0,Yes,No,No,No Internet Service,No Internet Service,No Internet Service,No Internet Service,No Internet Service,No Internet Service,One Year,Yes,Credit Card (Auto),35.11,0.0,3,No
CUST-100936,Female,0,Yes,No,26-35,Pune,11,Yes,No,Fiber Optic,No,No,No,No,No,Yes,Month-to-Month,No,Electronic Check,87.38,939.37,2,No
CUST-100937,Male,0,Yes,No,18-25,Kolkata,22,Yes,No,No,No Internet Service,No Internet Service,No Internet Service,No Internet Service,No Internet Service,No Internet Service,Month-to-Month,Yes,Mailed Check,51.23,1152.22,0,No
CUST-100938,Female,1,No,No,36-45,Ahmedabad,14,Yes,Yes,DSL,No,Yes,Yes,No,No,Yes,Month-to-Month,Yes,Mailed Check,96.58,,1,No
CUST-100939,Female,1,Yes,No,26-35,Chennai,36,Yes,No,Fiber Optic,No,No,No,Yes,No,No,One Year,Yes,Bank Transfer (Auto),82.07,2987.36,3,No
CUST-100940,Female,0,Yes,No,26-35,Mumbai,13,Yes,No,DSL,No,No,Yes,No,No,No,Two Year,No,Credit Card (Auto),68.41,870.95,2,No
CUST-100941,Male,0,Yes,No,18-25,Mumbai,4,Yes,Yes,DSL,No,No,No,Yes,Yes,Yes,Two Year,Yes,Credit Card (Auto),80.43,377.65,1,No
CUST-100942,Female,0,No,No,18-25,Bangalore,72,Yes,No,Fiber Optic,No,No,Yes,Yes,Yes,Yes,Two Year,No,Bank Transfer (Auto),103.89,7480.73,0,No
CUST-100943,Male,1,Yes,No,18-25,Bangalore,6,Yes,No,No,No Internet Service,No Internet Service,No Internet Service,No Internet Service,No Internet Service,No Internet Service,Two Year,Yes,Bank Transfer (Auto),53.71,261.89,0,No
CUST-100944,Male,1,Yes,Yes,36-45,Kolkata,30,Yes,Yes,DSL,No,Yes,No,No,No,No,Two Year,Yes,Credit Card (Auto),61.98,1816.6,4,No
CUST-100945,Male,0,No,No,18-25,Chennai,3,No,No Phone Service,No,No Internet Service,No Internet Service,No Internet Service,No Internet Service,No Internet Service,No Internet Service,One Year,Yes,Mailed Check,30.84,34.62,2,No
CUST-100946,Male,0,No,No,36-45,Kolkata,9,Yes,Yes,Fiber Optic,No,No,Yes,No,Yes,No,Month-to-Month,No,Credit Card (Auto),92.38,776.37,1,Yes
CUST-100947,Female,0,No,No,26-35,Hyderabad,14,No,No Phone Service,DSL,No,Yes,No,No,No,No,Month-to-Month,No,Credit Card (Auto),65.59,852.6,2,No
CUST-100948,Female,0,Yes,No,18-25,Delhi,5,Yes,Yes,DSL,No,No,No,Yes,No,Yes,Two Year,Yes,Mailed Check,74.29,317.15,1,No
CUST-100949,Male,0,No,Yes,18-25,Delhi,14,Yes,Yes,No,No Internet Service,No Internet Service,No Internet Service,No Internet Service,No Internet Service,No Internet Service,Month-to-Month,Yes,Bank Transfer (Auto),52.15,729.83,2,No
CUST-100950,Male,0,No,No,56-65,Bangalore,4,Yes,Yes,No,No Internet Service,No Internet Service,No Internet Service,No Internet Service,No Internet Service,No Internet Service,Month-to-Month,Yes,Mailed Check,47.41,226.56,2,No
CUST-100951,Female,0,Yes,No,26-35,Mumbai,19,Yes,No,No,No Internet Service,No Internet Service,No Internet Service,No Internet Service,No Internet Service,No Internet Service,Two Year,Yes,Electronic Check,50.5,891.87,4,No
CUST-100952,Male,0,No,No,26-35,Hyderabad,26,Yes,Yes,Fiber Optic,Yes,No,Yes,No,Yes,No,Month-to-Month,No,Bank Transfer (Auto),75.97,1934.99,2,No
CUST-100953,Female,0,Yes,Yes,26-35,Delhi,1,Yes,No,No,No Internet Service,No Internet Service,No Internet Service,No Internet Service,No Internet Service,No Internet Service,Two Year,Yes,Electronic Check,53.55,93.7,3,No
CUST-100954,Male,1,No,No,18-25,Mumbai,49,Yes,No,Fiber Optic,Yes,Yes,No,No,No,No,One Year,Yes,Mailed Check,93.36,4566.74,1,No
CUST-100955,Male,0,Yes,No,18-25,Hyderabad,4,Yes,No,Fiber Optic,No,No,Yes,No,No,No,Month-to-Month,Yes,Credit Card (Auto),94.34,291.81,1,No
CUST-100956,Female,0,No,Yes,46-55,Chennai,6,Yes,Yes,Fiber Optic,Yes,Yes,No,No,No,No,One Year,No,Electronic Check,99.46,598.65,1,Yes
CUST-100957,Male,0,Yes,Yes,56-65,Mumbai,25,Yes,No,No,No Internet Service,No Internet Service,No Internet Service,No Internet Service,No Internet Service,No Internet Service,Two Year,Yes,Electronic Check,35.19,897.85,0,No
CUST-100958,Female,0,No,No,26-35,Chennai,15,Yes,No,Fiber Optic,Yes,Yes,Yes,No,No,No,Month-to-Month,No,Bank Transfer (Auto),107.64,1630.31,2,No
CUST-100959,Male,0,Yes,Yes,26-35,Ahmedabad,16,Yes,Yes,Fiber Optic,Yes,Yes,Yes,No,Yes,No,One Year,No,Electronic Check,100.99,1728.14,2,No
CUST-100960,Male,0,No,No,18-25,Bangalore,3,Yes,Yes,Fiber Optic,No,No,No,Yes,No,No,Two Year,Yes,Mailed Check,91.82,237.8,3,Yes
CUST-100961,Male,0,No,Yes,18-25,Ahmedabad,39,Yes,No,DSL,Yes,No,Yes,No,Yes,Yes,Month-to-Month,No,Mailed Check,100.49,3974.12,1,No
CUST-100962,Female,0,Yes,No,36-45,Pune,23,Yes,No,No,No Internet Service,No Internet Service,No Internet Service,No Internet Service,No Internet Service,No Internet Service,Month-to-Month,No,Electronic Check,59.2,1360.38,2,No
CUST-100963,Male,0,No,No,26-35,Mumbai,3,No,No Phone Service,Fiber Optic,No,No,No,Yes,No,Yes,Month-to-Month,No,Electronic Check,85.75,280.67,1,Yes
CUST-100964,Male,0,No,No,56-65,Ahmedabad,11,Yes,Yes,DSL,Yes,No,Yes,No,Yes,Yes,Month-to-Month,Yes,Credit Card (Auto),94.53,1007.26,0,No
CUST-100965,Male,0,Yes,No,18-25,Hyderabad,39,Yes,No,Fiber Optic,No,No,No,Yes,No,No,Month-to-Month,No,Electronic Check,93.7,3620.66,0,No
CUST-100966,Male,0,Yes,No,18-25,Chennai,20,Yes,No,Fiber Optic,Yes,No,Yes,No,Yes,No,One Year,Yes,Mailed Check,103.62,2009.86,2,No
CUST-100967,Female,0,No,No,65+,Chennai,2,Yes,Yes,Fiber Optic,No,No,Yes,No,No,No,Month-to-Month,Yes,Credit Card (Auto),73.37,73.34,1,No
CUST-100968,Female,0,Yes,Yes,26-35,Bangalore,11,No,No Phone Service,Fiber Optic,No,No,Yes,No,Yes,No,Two Year,Yes,Credit Card (Auto),94.24,1070.2,1,No
CUST-100969,Male,0,Yes,No,18-25,Bangalore,6,Yes,Yes,DSL,No,Yes,No,No,Yes,No,Month-to-Month,Yes,Electronic Check,80.94,458.82,0,No
CUST-100970,Female,0,Yes,Yes,18-25,Hyderabad,17,Yes,Yes,Fiber Optic,No,No,Yes,No,Yes,No,Month-to-Month,Yes,Mailed Check,97.39,1782.88,1,Yes
CUST-100971,Male,0,Yes,No,18-25,Ahmedabad,44,Yes,Yes,No,No Internet Service,No Internet Service,No Internet Service,No Internet Service,No Internet Service,No Internet Service,One Year,No,Bank Transfer (Auto),34.22,1482.0,1,No
CUST-100972,Male,0,Yes,Yes,56-65,Delhi,13,Yes,Yes,No,No Internet Service,No Internet Service,No Internet Service,No Internet Service,No Internet Service,No Internet Service,Two Year,Yes,Bank Transfer (Auto),40.5,560.14,0,No
CUST-100973,Male,0,Yes,No,18-25,Ahmedabad,13,Yes,No,Fiber Optic,No,No,No,No,Yes,No,Month-to-Month,No,Bank Transfer (Auto),99.38,1294.7,1,No
CUST-100974,Female,0,No,No,56-65,Ahmedabad,56,No,No Phone Service,Fiber Optic,Yes,No,No,No,Yes,Yes,Month-to-Month,Yes,Mailed Check,107.73,5941.62,1,No
CUST-100975,Female,0,No,Yes,18-25,Bangalore,20,Yes,Yes,No,No Internet Service,No Internet Service,No Internet Service,No Internet Service,No Internet Service,No Internet Service,Two Year,Yes,Electronic Check,49.76,927.9,2,No
CUST-100976,Female,1,Yes,Yes,56-65,Delhi,20,Yes,No,Fiber Optic,No,No,No,No,No,Yes,Month-to-Month,Yes,Mailed Check,92.61,1776.67,2,No
CUST-100977,Female,0,No,No,36-45,Bangalore,7,Yes,Yes,Fiber Optic,No,No,Yes,Yes,No,Yes,Month-to-Month,No,Bank Transfer (Auto),104.87,807.54,2,Yes
CUST-100978,Female,0,No,No,18-25,Mumbai,22,Yes,Yes,Fiber Optic,No,No,Yes,No,No,No,Month-to-Month,Yes,Bank Transfer (Auto),77.14,1762.01,0,Yes
CUST-100979,Female,0,No,No,26-35,Kolkata,20,Yes,Yes,No,No Internet Service,No Internet Service,No Internet Service,No Internet Service,No Internet Service,No Internet Service,One Year,No,Electronic Check,50.49,1106.19,0,No
CUST-100980,Female,0,Yes,No,56-65,Bangalore,12,Yes,No,DSL,No,No,Yes,No,Yes,No,Month-to-Month,No,Electronic Check,79.46,842.5,2,Yes
CUST-100981,Female,0,Yes,Yes,36-45,Delhi,72,Yes,No,Fiber Optic,No,No,No,No,Yes,No,One Year,Yes,Credit Card (Auto),82.12,5844.17,0,No
CUST-100982,Female,0,No,No,36-45,Chennai,51,Yes,No,Fiber Optic,No,Yes,Yes,Yes,No,Yes,One Year,Yes,Electronic Check,99.29,5094.03,3,No
CUST-100983,Male,1,No,Yes,26-35,Hyderabad,33,Yes,No,Fiber Optic,Yes,No,No,No,No,Yes,Two Year,Yes,Electronic Check,95.63,3117.41,0,Yes
CUST-100984,Female,0,No,No,18-25,Hyderabad,18,Yes,No,Fiber Optic,No,Yes,Yes,No,No,Yes,Month-to-Month,Yes,Bank Transfer (Auto),109.53,2006.25,1,No
CUST-100985,Female,0,No,No,46-55,Hyderabad,14,No,No Phone Service,DSL,No,No,No,No,No,No,Month-to-Month,Yes,Mailed Check,68.99,943.59,3,No
CUST-100986,Female,0,Yes,No,36-45,Bangalore,4,Yes,Yes,No,No Internet Service,No Internet Service,No Internet Service,No Internet Service,No Internet Service,No Internet Service,Month-to-Month,Yes,Electronic Check,50.15,173.21,3,No
CUST-100987,Female,0,No,No,26-35,Bangalore,8,Yes,Yes,Fiber Optic,No,No,Yes,No,No,No,Month-to-Month,No,Mailed Check,105.98,757.04,0,No
CUST-100988,Female,0,Yes,Yes,26-35,Delhi,35,Yes,No,Fiber Optic,No,No,No,No,Yes,Yes,One Year,Yes,Bank Transfer (Auto),82.95,2874.41,1,No
CUST-100989,Female,0,Yes,No,18-25,Ahmedabad,14,No,No Phone Service,Fiber Optic,Yes,No,Yes,Yes,Yes,Yes,One Year,No,Mailed Check,116.69,1652.19,1,No
CUST-100990,Female,0,No,No,56-65,Bangalore,51,Yes,Yes,Fiber Optic,Yes,No,No,No,No,Yes,One Year,No,Credit Card (Auto),98.39,4968.49,2,No
CUST-100991,Female,0,Yes,Yes,18-25,Hyderabad,3,Yes,Yes,No,No Internet Service,No Internet Service,No Internet Service,No Internet Service,No Internet Service,No Internet Service,Two Year,No,Electronic Check,36.49,112.9,1,No
CUST-100992,Female,1,Yes,Yes,26-35,Bangalore,17,Yes,No,Fiber Optic,Yes,No,No,No,Yes,No,Two Year,No,Bank Transfer (Auto),98.62,1624.2,3,No
CUST-100993,Female,1,No,No,26-35,Pune,24,No,No Phone Service,Fiber Optic,Yes,Yes,No,No,No,No,Month-to-Month,Yes,Electronic Check,96.8,2284.48,0,Yes
CUST-100994,Female,0,Yes,No,26-35,Delhi,17,Yes,No,Fiber Optic,No,No,Yes,No,No,Yes,Two Year,No,Mailed Check,83.66,1386.97,4,No
CUST-100995,Male,0,No,No,18-25,Mumbai,52,Yes,Yes,DSL,No,No,Yes,No,Yes,No,Month-to-Month,Yes,Bank Transfer (Auto),72.46,3791.15,2,No
CUST-100996,Male,1,No,No,18-25,Ahmedabad,72,Yes,Yes,No,No Internet Service,No Internet Service,No Internet Service,No Internet Service,No Internet Service,No Internet Service,One Year,No,Electronic Check,41.43,3025.87,1,No
CUST-100997,Female,1,No,Yes,18-25,Hyderabad,2,Yes,No,Fiber Optic,No,No,Yes,No,No,Yes,Month-to-Month,Yes,Bank Transfer (Auto),97.67,287.25,3,Yes
CUST-100998,Female,0,Yes,No,18-25,Hyderabad,3,Yes,No,DSL,No,Yes,Yes,No,No,No,Two Year,No,Electronic Check,58.85,215.51,1,No
CUST-100999,Male,0,Yes,No,18-25,Bangalore,3,Yes,Yes,Fiber Optic,Yes,No,No,Yes,No,Yes,Month-to-Month,No,Electronic Check,88.89,284.86,2,No
CUST-101000,Female,0,Yes,Yes,18-25,Mumbai,27,Yes,No,DSL,Yes,Yes,No,No,No,No,One Year,No,Mailed Check,61.74,1755.72,1,No
CUST-101001,Male,0,Yes,No,26-35,Chennai,11,Yes,Yes,DSL,No,No,Yes,Yes,No,No,Two Year,Yes,Bank Transfer (Auto),82.4,920.13,1,No
CUST-101002,Male,1,Yes,Yes,18-25,Hyderabad,31,Yes,No,DSL,No,No,Yes,Yes,No,No,One Year,Yes,Electronic Check,80.83,2536.45,2,No
CUST-101003,Male,0,No,Yes,18-25,Mumbai,12,Yes,Yes,DSL,No,Yes,Yes,Yes,No,No,One Year,Yes,Credit Card (Auto),69.3,879.42,0,No
CUST-101004,Male,1,Yes,Yes,36-45,Hyderabad,23,No,No Phone Service,No,No Internet Service,No Internet Service,No Internet Service,No Internet Service,No Internet Service,No Internet Service,Month-to-Month,No,Electronic Check,46.43,1076.57,2,No
CUST-101005,Male,0,No,No,18-25,Delhi,35,Yes,No,Fiber Optic,No,No,No,No,Yes,No,Month-to-Month,No,Electronic Check,80.18,2802.89,1,No
CUST-101006,Female,1,Yes,No,18-25,Chennai,19,Yes,Yes,DSL,No,No,No,No,No,No,Two Year,Yes,Electronic Check,60.92,1149.15,1,No
CUST-101007,Male,0,No,No,18-25,Chennai,18,No,No Phone Service,DSL,Yes,No,Yes,Yes,No,No,One Year,Yes,Electronic Check,77.76,1371.04,1,Yes
CUST-101008,Female,1,No,No,26-35,Delhi,2,Yes,No,DSL,No,No,No,Yes,No,No,One Year,Yes,Electronic Check,73.97,123.13,0,No
CUST-101009,Female,0,Yes,No,46-55,Mumbai,12,Yes,Yes,Fiber Optic,No,No,No,Yes,Yes,Yes,Month-to-Month,No,Credit Card (Auto),83.56,1055.82,0,No
CUST-101010,Male,0,Yes,No,18-25,Pune,18,Yes,No,Fiber Optic,No,Yes,No,No,No,Yes,Month-to-Month,Yes,Mailed Check,102.66,1793.04,0,Yes
CUST-101011,Male,0,No,No,26-35,Chennai,14,Yes,Yes,Fiber Optic,Yes,No,Yes,No,No,Yes,Month-to-Month,Yes,Mailed Check,113.49,1595.75,1,No
CUST-101012,Female,1,No,No,18-25,Chennai,55,Yes,No,Fiber Optic,No,No,Yes,Yes,No,Yes,Month-to-Month,Yes,Credit Card (Auto),103.76,5705.61,0,No
CUST-101013,Male,0,No,No,18-25,Chennai,56,Yes,No,DSL,No,No,No,No,No,No,Month-to-Month,Yes,Mailed Check,53.95,2949.94,0,No
CUST-101014,Male,1,Yes,Yes,26-35,Pune,41,Yes,Yes,Fiber Optic,No,No,No,No,No,Yes,Month-to-Month,No,Electronic Check,69.81,2904.12,0,No
CUST-101015,Female,1,Yes,No,36-45,Delhi,11,Yes,No,DSL,No,No,No,Yes,Yes,Yes,Month-to-Month,No,Electronic Check,98.77,1019.65,0,No
CUST-101016,Female,0,No,No,26-35,Bangalore,30,Yes,No,No,No Internet Service,No Internet Service,No Internet Service,No Internet Service,No Internet Service,No Internet Service,One Year,No,Electronic Check,61.35,1803.24,1,No
CUST-101017,Male,0,No,No,18-25,Delhi,12,Yes,No,Fiber Optic,No,Yes,Yes,No,No,No,Month-to-Month,No,Mailed Check,91.41,1092.64,1,No
CUST-101018,Female,0,Yes,Yes,65+,Mumbai,6,Yes,No,Fiber Optic,No,No,No,No,Yes,No,One Year,Yes,Electronic Check,74.44,521.14,2,Yes
CUST-101019,Male,0,No,Yes,18-25,Kolkata,10,Yes,Yes,No,No Internet Service,No Internet Service,No Internet Service,No Internet Service,No Internet Service,No Internet Service,Two Year,Yes,Mailed Check,33.02,356.24,1,No
CUST-101020,Male,0,Yes,No,26-35,Mumbai,1,Yes,Yes,DSL,No,Yes,Yes,No,No,No,Month-to-Month,Yes,Bank Transfer (Auto),83.44,98.99,0,Yes
CUST-101021,Male,0,Yes,Yes,26-35,Mumbai,9,Yes,No,Fiber Optic,Yes,No,No,Yes,No,No,Two Year,Yes,Credit Card (Auto),102.06,986.12,0,No
CUST-101022,Female,0,Yes,Yes,26-35,Bangalore,14,Yes,No,Fiber Optic,No,No,No,No,No,No,Two Year,No,Bank Transfer (Auto),69.22,955.87,2,No
CUST-101023,Female,0,Yes,No,18-25,Bangalore,72,Yes,No,DSL,No,No,No,Yes,No,Yes,Month-to-Month,No,Electronic Check,100.5,7335.91,3,Yes
CUST-101024,Female,0,No,No,18-25,Mumbai,9,Yes,Yes,DSL,Yes,No,No,No,Yes,No,Month-to-Month,No,Electronic Check,83.54,777.04,1,Yes
CUST-101025,Female,0,Yes,No,56-65,Pune,55,Yes,No,DSL,No,Yes,No,No,Yes,No,Month-to-Month,Yes,Bank Transfer (Auto),84.56,4657.48,2,No
CUST-101026,Female,1,Yes,No,46-55,Mumbai,6,Yes,No,DSL,Yes,No,Yes,No,No,Yes,One Year,Yes,Electronic Check,73.72,352.48,0,No
CUST-101027,Male,0,No,Yes,18-25,Mumbai,5,No,No Phone Service,No,No Internet Service,No Internet Service,No Internet Service,No Internet Service,No Internet Service,No Internet Service,Month-to-Month,No,Electronic Check,54.84,323.0,1,No
CUST-101028,Male,1,No,No,18-25,Mumbai,17,Yes,No,Fiber Optic,Yes,Yes,No,No,No,Yes,Month-to-Month,Yes,Mailed Check,100.09,1728.4,0,Yes
CUST-101029,Male,0,No,Yes,18-25,Chennai,26,Yes,Yes,DSL,No,No,No,No,No,Yes,One Year,Yes,Electronic Check,68.74,1776.11,3,No
CUST-101030,Male,0,No,No,46-55,Delhi,1,Yes,No,No,No Internet Service,No Internet Service,No Internet Service,No Internet Service,No Internet Service,No Internet Service,Month-to-Month,Yes,Bank Transfer (Auto),56.85,31.6,3,No
CUST-101031,Female,0,Yes,No,18-25,Hyderabad,5,Yes,No,Fiber Optic,No,Yes,No,No,Yes,No,Two Year,Yes,Electronic Check,105.23,626.82,0,No
CUST-101032,Male,0,No,No,18-25,Delhi,14,Yes,Yes,No,No Internet Service,No Internet Service,No Internet Service,No Internet Service,No Internet Service,No Internet Service,Month-to-Month,No,Credit Card (Auto),47.17,620.54,0,No
CUST-101033,Female,0,No,No,36-45,Kolkata,9,Yes,Yes,Fiber Optic,Yes,No,No,No,No,No,Two Year,No,Bank Transfer (Auto),75.89,700.45,2,No
CUST-101034,Male,0,No,No,36-45,Delhi,29,No,No Phone Service,Fiber Optic,No,No,Yes,No,Yes,No,Month-to-Month,No,Electronic Check,85.18,2471.95,1,Yes
CUST-101035,Female,0,Yes,Yes,26-35,Bangalore,17,No,No Phone Service,No,No Internet Service,No Internet Service,No Internet Service,No Internet Service,No Internet Service,No Internet Service,Month-to-Month,Yes,Mailed Check,30.03,544.93,0,No
CUST-101036,Female,0,Yes,No,18-25,Hyderabad,4,Yes,No,Fiber Optic,No,Yes,Yes,Yes,No,Yes,Month-to-Month,No,Bank Transfer (Auto),114.3,361.08,1,No
CUST-101037,Male,0,No,No,36-45,Kolkata,53,Yes,No,Fiber Optic,No,Yes,Yes,Yes,Yes,No,Two Year,Yes,Bank Transfer (Auto),92.68,4945.67,3,No
CUST-101038,Male,0,Yes,No,18-25,Delhi,8,Yes,Yes,DSL,Yes,No,No,No,No,No,Month-to-Month,No,Mailed Check,70.68,645.43,1,No
CUST-101039,Male,0,No,No,26-35,Chennai,31,Yes,No,Fiber Optic,Yes,Yes,Yes,No,Yes,Yes,One Year,Yes,Mailed Check,105.52,3176.01,3,No
CUST-101040,Male,0,No,No,18-25,Mumbai,36,Yes,Yes,DSL,Yes,Yes,Yes,No,No,No,Two Year,Yes,Mailed Check,101.17,3594.7,1,No
CUST-101041,Female,0,No,No,26-35,Pune,72,Yes,No,Fiber Optic,No,No,No,No,No,No,One Year,Yes,Electronic Check,69.43,5027.22,4,No
CUST-101042,Male,0,No,Yes,18-25,Hyderabad,16,Yes,No,Fiber Optic,No,No,No,No,Yes,Yes,Month-to-Month,No,Credit Card (Auto),92.32,1470.43,3,Yes
CUST-101043,Male,0,No,No,18-25,Ahmedabad,22,Yes,Yes,Fiber Optic,No,No,No,No,Yes,Yes,Two Year,No,Electronic Check,77.53,1739.64,0,Yes
CUST-101044,Female,1,Yes,Yes,36-45,Pune,9,Yes,No,DSL,No,No,No,No,No,Yes,Two Year,Yes,Electronic Check,70.55,672.17,2,No
CUST-101045,Male,0,No,No,46-55,Bangalore,27,Yes,Yes,DSL,No,No,No,No,No,No,Month-to-Month,Yes,Electronic Check,74.59,2025.19,1,Yes
CUST-101046,Male,0,No,No,46-55,Bangalore,14,Yes,Yes,DSL,No,No,No,Yes,Yes,No,One Year,Yes,Credit Card (Auto),70.57,1076.12,1,No
CUST-101047,Male,0,Yes,No,26-35,Mumbai,13,Yes,No,DSL,No,No,Yes,No,Yes,Yes,Two Year,Yes,Bank Transfer (Auto),72.94,985.84,1,No
CUST-101048,Male,0,Yes,No,46-55,Kolkata,46,No,No Phone Service,Fiber Optic,No,Yes,No,No,No,No,Two Year,Yes,Credit Card (Auto),95.9,4345.12,1,No
CUST-101049,Male,0,Yes,Yes,26-35,Pune,1,Yes,No,DSL,No,No,No,No,Yes,No,Month-to-Month,Yes,Credit Card (Auto),67.37,102.41,2,No
CUST-101050,Female,0,No,No,18-25,Hyderabad,51,Yes,Yes,Fiber Optic,Yes,Yes,No,Yes,Yes,Yes,Two Year,No,Credit Card (Auto),116.89,5959.76,2,No
CUST-101051,Male,0,Yes,No,36-45,Bangalore,45,Yes,No,Fiber Optic,No,Yes,Yes,No,Yes,Yes,Month-to-Month,Yes,Bank Transfer (Auto),109.58,4958.48,2,No
CUST-101052,Male,0,No,No,18-25,Pune,16,Yes,Yes,DSL,Yes,Yes,No,No,No,Yes,Month-to-Month,Yes,Electronic Check,64.64,1092.65,1,Yes
CUST-101053,Male,0,Yes,Yes,18-25,Chennai,16,Yes,No,Fiber Optic,No,No,No,No,No,No,Month-to-Month,No,Electronic Check,94.38,1590.85,0,Yes
CUST-101054,Male,0,Yes,No,36-45,Delhi,10,Yes,Yes,DSL,No,No,Yes,Yes,No,No,Month-to-Month,Yes,Bank Transfer (Auto),78.91,793.31,1,No
CUST-101055,Male,0,No,No,26-35,Delhi,72,Yes,No,Fiber Optic,Yes,No,No,No,Yes,No,One Year,No,Mailed Check,93.07,6742.96,1,No
CUST-101056,Female,0,Yes,Yes,18-25,Chennai,2,Yes,No,DSL,Yes,Yes,No,No,No,No,Month-to-Month,Yes,Bank Transfer (Auto),78.91,103.81,0,No
CUST-101057,Male,0,No,No,56-65,Chennai,21,Yes,Yes,Fiber Optic,No,Yes,No,Yes,Yes,No,Month-to-Month,No,Mailed Check,86.18,1786.6,2,Yes
CUST-101058,Female,0,No,Yes,18-25,Mumbai,27,Yes,No,No,No Internet Service,No Internet Service,No Internet Service,No Internet Service,No Internet Service,No Internet Service,Month-to-Month,Yes,Bank Transfer (Auto),44.99,1186.6,2,No
CUST-101059,Female,0,No,No,18-25,Kolkata,65,Yes,Yes,Fiber Optic,No,No,No,No,No,No,Month-to-Month,Yes,Electronic Check,95.04,6229.31,0,No
CUST-101060,Male,0,Yes,Yes,36-45,Hyderabad,36,Yes,Yes,DSL,No,No,No,No,No,Yes,Two Year,Yes,Electronic Check,76.57,2842.88,1,No
CUST-101061,Male,0,No,No,46-55,Delhi,24,Yes,Yes,No,No Internet Service,No Internet Service,No Internet Service,No Internet Service,No Internet Service,No Internet Service,Two Year,Yes,Bank Transfer (Auto),44.42,1225.54,1,No
CUST-101062,Male,0,No,No,26-35,Hyderabad,2,No,No Phone Service,DSL,No,No,No,No,No,No,Month-to-Month,No,Electronic Check,55.35,153.76,1,Yes
CUST-101063,Male,0,No,No,26-35,Kolkata,11,Yes,No,DSL,Yes,No,No,No,No,No,Two Year,No,Bank Transfer (Auto),60.57,722.48,2,No
CUST-101064,Female,0,No,No,36-45,Mumbai,3,Yes,Yes,DSL,No,Yes,No,No,Yes,No,Month-to-Month,Yes,Bank Transfer (Auto),69.78,122.82,1,No
CUST-101065,Male,0,No,No,36-45,Delhi,51,Yes,No,DSL,Yes,No,No,No,No,Yes,One Year,No,Credit Card (Auto),82.57,4121.67,1,No
CUST-101066,Male,0,No,Yes,65+,Hyderabad,33,Yes,No,No,No Internet Service,No Internet Service,No Internet Service,No Internet Service,No Internet Service,No Internet Service,Two Year,No,Credit Card (Auto),37.74,1201.98,1,Yes
CUST-101067,Male,0,No,No,26-35,Mumbai,34,Yes,Yes,Fiber Optic,No,Yes,No,No,No,No,Month-to-Month,No,Mailed Check,83.46,2774.93,1,Yes
CUST-101068,Male,0,Yes,No,18-25,Delhi,25,Yes,No,No,No Internet Service,No Internet Service,No Internet Service,No Internet Service,No Internet Service,No Internet Service,One Year,Yes,Bank Transfer (Auto),47.64,1216.59,1,No
CUST-101069,Male,1,Yes,No,18-25,Delhi,16,Yes,No,DSL,No,No,Yes,No,Yes,No,Month-to-Month,Yes,Electronic Check,72.35,1244.4,1,No
CUST-101070,Male,0,Yes,Yes,18-25,Kolkata,3,Yes,No,No,No Internet Service,No Internet Service,No Internet Service,No Internet Service,No Internet Service,No Internet Service,Month-to-Month,No,Mailed Check,57.68,173.64,0,No
CUST-101071,Female,0,Yes,Yes,36-45,Hyderabad,9,Yes,No,Fiber Optic,Yes,No,Yes,No,No,Yes,One Year,No,Bank Transfer (Auto),89.77,775.14,4,No
CUST-101072,Female,1,Yes,No,18-25,Chennai,3,Yes,Yes,No,No Internet Service,No Internet Service,No Internet Service,No Internet Service,No Internet Service,No Internet Service,Two Year,Yes,Bank Transfer (Auto),31.24,108.99,1,No
CUST-101073,Male,1,Yes,No,26-35,Mumbai,30,Yes,Yes,Fiber Optic,No,Yes,Yes,No,No,No,Month-to-Month,Yes,Mailed Check,103.55,3070.54,7,No
CUST-101074,Male,1,No,No,18-25,Bangalore,4,No,No Phone Service,DSL,No,Yes,No,No,Yes,Yes,Two Year,No,Electronic Check,88.86,328.28,2,Yes
CUST-101075,Male,0,Yes,No,26-35,Bangalore,29,Yes,Yes,Fiber Optic,Yes,No,No,No,No,No,Two Year,Yes,Credit Card (Auto),83.4,2408.85,0,No
CUST-101076,Female,0,No,No,26-35,Kolkata,28,Yes,No,DSL,Yes,No,No,No,Yes,Yes,Month-to-Month,Yes,Electronic Check,79.14,2235.32,2,No
CUST-101077,Male,0,Yes,No,56-65,Delhi,14,Yes,No,DSL,No,No,Yes,No,Yes,No,Month-to-Month,No,Credit Card (Auto),79.07,1023.64,1,No
CUST-101078,Female,0,Yes,No,18-25,Mumbai,3,Yes,Yes,Fiber Optic,No,No,No,Yes,Yes,No,One Year,Yes,Bank Transfer (Auto),92.17,175.03,0,No
CUST-101079,Male,0,Yes,No,26-35,Kolkata,9,Yes,Yes,DSL,Yes,Yes,Yes,Yes,No,No,Month-to-Month,No,Mailed Check,85.97,730.75,2,No
CUST-101080,Male,0,Yes,Yes,26-35,Delhi,9,Yes,No,Fiber Optic,Yes,No,No,No,Yes,No,Month-to-Month,Yes,Electronic Check,89.99,836.03,0,Yes
CUST-101081,Male,0,No,Yes,18-25,Chennai,28,Yes,Yes,DSL,Yes,No,No,No,Yes,Yes,Two Year,Yes,Electronic Check,91.85,2508.54,3,No
CUST-101082,Male,0,No,Yes,18-25,Mumbai,2,Yes,Yes,DSL,Yes,Yes,No,Yes,No,Yes,One Year,Yes,Credit Card (Auto),93.75,279.21,4,No
CUST-101083,Female,1,Yes,No,18-25,Chennai,42,Yes,Yes,Fiber Optic,No,No,No,No,No,No,Month-to-Month,Yes,Credit Card (Auto),90.83,3857.46,2,No
CUST-101084,Female,0,Yes,Yes,18-25,Bangalore,34,Yes,Yes,DSL,No,Yes,Yes,No,No,No,One Year,Yes,Bank Transfer (Auto),79.52,2737.14,1,No
CUST-101085,Male,0,Yes,Yes,18-25,Ahmedabad,4,No,No Phone Service,DSL,No,Yes,No,No,No,Yes,Month-to-Month,No,Mailed Check,76.64,349.32,1,No
CUST-101086,Male,0,No,No,26-35,Delhi,30,Yes,Yes,Fiber Optic,No,Yes,Yes,Yes,No,No,Month-to-Month,Yes,Bank Transfer (Auto),98.16,2966.13,3,No
CUST-101087,Female,0,No,Yes,18-25,Mumbai,26,Yes,Yes,No,No Internet Service,No Internet Service,No Internet Service,No Internet Service,No Internet Service,No Internet Service,Two Year,No,Mailed Check,59.22,1565.07,1,No
CUST-101088,Female,0,No,Yes,18-25,Hyderabad,33,Yes,No,DSL,No,Yes,No,Yes,Yes,No,Two Year,Yes,Bank Transfer (Auto),89.5,3015.6,1,No
CUST-101089,Female,0,No,Yes,18-25,Ahmedabad,5,Yes,Yes,Fiber Optic,No,Yes,No,No,No,Yes,Month-to-Month,Yes,Electronic Check,88.03,490.15,1,No
CUST-101090,Female,1,No,Yes,18-25,Delhi,4,Yes,Yes,Fiber Optic,No,Yes,No,Yes,No,No,Month-to-Month,No,Credit Card (Auto),102.16,423.66,2,Yes
CUST-101091,Male,0,Yes,No,18-25,Kolkata,6,Yes,No,DSL,Yes,Yes,No,Yes,Yes,No,One Year,No,Bank Transfer (Auto),89.83,635.16,2,No
CUST-101092,Female,0,Yes,No,36-45,Bangalore,10,Yes,No,Fiber Optic,Yes,Yes,No,Yes,Yes,No,Month-to-Month,Yes,Electronic Check,104.98,1053.67,0,No
CUST-101093,Male,0,No,No,18-25,Mumbai,37,Yes,Yes,Fiber Optic,Yes,Yes,Yes,No,No,No,Month-to-Month,Yes,Credit Card (Auto),98.41,3618.42,0,No
CUST-101094,Female,0,No,No,18-25,Hyderabad,32,Yes,No,Fiber Optic,Yes,No,No,No,No,No,Month-to-Month,Yes,Mailed Check,81.29,2527.12,1,No
CUST-101095,Female,0,No,No,18-25,Hyderabad,62,Yes,Yes,DSL,No,No,Yes,No,No,Yes,One Year,No,Electronic Check,75.1,4620.08,2,No
CUST-101096,Female,0,No,No,36-45,Kolkata,1,Yes,Yes,DSL,Yes,Yes,Yes,No,Yes,Yes,Month-to-Month,Yes,Electronic Check,107.72,167.84,2,Yes
CUST-101097,Female,0,Yes,Yes,18-25,Mumbai,0,Yes,No,Fiber Optic,Yes,Yes,No,No,No,Yes,Month-to-Month,Yes,Bank Transfer (Auto),109.61,0.0,1,No
CUST-101098,Female,0,No,Yes,18-25,Chennai,28,No,No Phone Service,DSL,No,No,No,No,No,No,Month-to-Month,Yes,Credit Card (Auto),62.8,1782.37,1,No
CUST-101099,Male,0,No,No,,Chennai,7,Yes,No,No,No Internet Service,No Internet Service,No Internet Service,No Internet Service,No Internet Service,No Internet Service,Month-to-Month,Yes,Credit Card (Auto),40.21,285.51,0,No
CUST-101100,Male,0,Yes,Yes,26-35,Ahmedabad,9,Yes,No,No,No Internet Service,No Internet Service,No Internet Service,No Internet Service,No Internet Service,No Internet Service,Month-to-Month,No,Bank Transfer (Auto),39.48,295.18,1,Yes
CUST-101101,Female,0,No,Yes,26-35,Bangalore,18,Yes,Yes,No,No Internet Service,No Internet Service,No Internet Service,No Internet Service,No Internet Service,No Internet Service,Month-to-Month,Yes,Electronic Check,62.59,1112.22,1,Yes
CUST-101102,Female,0,No,No,46-55,Mumbai,2,Yes,Yes,No,No Internet Service,No Internet Service,No Internet Service,No Internet Service,No Internet Service,No Internet Service,Month-to-Month,Yes,Electronic Check,41.48,41.26,0,No
CUST-101103,Male,0,Yes,No,18-25,Bangalore,24,No,No Phone Service,Fiber Optic,Yes,No,Yes,Yes,Yes,Yes,Two Year,Yes,Mailed Check,92.86,2206.89,3,No
CUST-101104,Female,0,Yes,Yes,36-45,Bangalore,9,Yes,Yes,Fiber Optic,No,No,Yes,Yes,Yes,No,Month-to-Month,No,Credit Card (Auto),89.57,761.75,1,Yes
CUST-101105,Female,0,Yes,Yes,26-35,Bangalore,24,Yes,No,DSL,No,No,Yes,No,Yes,No,Month-to-Month,No,Credit Card (Auto),75.29,1831.06,0,No
CUST-101106,Male,0,No,No,18-25,Chennai,43,Yes,Yes,DSL,No,No,No,No,No,Yes,Two Year,No,Electronic Check,73.1,3183.92,1,No
CUST-101107,Female,0,Yes,No,18-25,Delhi,4,Yes,Yes,No,No Internet Service,No Internet Service,No Internet Service,No Internet Service,No Internet Service,No Internet Service,One Year,Yes,Bank Transfer (Auto),47.63,192.27,1,No
CUST-101108,Female,1,No,Yes,26-35,Delhi,64,Yes,No,Fiber Optic,Yes,No,No,No,Yes,Yes,One Year,Yes,Bank Transfer (Auto),101.9,6422.12,2,No
CUST-101109,Male,1,No,No,18-25,Bangalore,18,Yes,Yes,DSL,No,Yes,No,Yes,No,No,Month-to-Month,Yes,Electronic Check,73.02,1246.73,3,Yes
CUST-101110,Male,0,Yes,No,18-25,Pune,61,Yes,Yes,DSL,No,Yes,No,Yes,No,Yes,Month-to-Month,No,Bank Transfer (Auto),76.23,4682.33,1,No
CUST-101111,Male,0,No,No,56-65,Kolkata,5,Yes,Yes,DSL,No,Yes,No,No,Yes,No,One Year,Yes,Credit Card (Auto),91.54,419.92,1,No
CUST-101112,Female,0,No,No,18-25,Chennai,22,Yes,No,DSL,No,Yes,No,No,No,No,One Year,Yes,Electronic Check,71.8,1541.87,1,No
CUST-101113,Male,0,Yes,Yes,26-35,Bangalore,12,Yes,Yes,Fiber Optic,No,No,Yes,No,No,Yes,Month-to-Month,Yes,Credit Card (Auto),74.65,899.25,3,No
CUST-101114,Male,0,Yes,No,36-45,Pune,35,No,No Phone Service,No,No Internet Service,No Internet Service,No Internet Service,No Internet Service,No Internet Service,No Internet Service,Month-to-Month,Yes,Electronic Check,32.22,1088.35,1,No
CUST-101115,Male,0,No,No,26-35,Delhi,22,Yes,Yes,DSL,Yes,No,No,Yes,No,No,Two Year,Yes,Electronic Check,54.91,1101.95,1,No
CUST-101116,Male,0,No,Yes,65+,Pune,16,Yes,No,DSL,No,No,Yes,Yes,No,No,Month-to-Month,No,Electronic Check,74.73,1149.46,1,Yes
CUST-101117,Male,1,Yes,No,26-35,Hyderabad,58,Yes,Yes,Fiber Optic,No,No,Yes,No,Yes,No,Month-to-Month,No,Credit Card (Auto),98.04,5666.13,1,No
CUST-101118,Male,0,Yes,Yes,26-35,Delhi,11,Yes,Yes,DSL,No,Yes,No,Yes,No,No,Month-to-Month,No,Mailed Check,75.17,799.13,1,No
CUST-101119,Female,0,Yes,Yes,26-35,Chennai,5,Yes,No,Fiber Optic,No,Yes,Yes,Yes,No,No,Two Year,Yes,Credit Card (Auto),89.85,484.31,1,No
CUST-101120,Female,0,No,No,65+,Bangalore,22,Yes,No,Fiber Optic,Yes,No,No,Yes,No,Yes,Two Year,Yes,Bank Transfer (Auto),114.02,2512.88,2,No
CUST-101121,Male,0,Yes,Yes,18-25,Chennai,23,Yes,Yes,Fiber Optic,No,No,No,Yes,Yes,Yes,One Year,Yes,Mailed Check,97.31,2239.03,2,No
CUST-101122,Male,0,No,No,36-45,Chennai,13,Yes,No,Fiber Optic,No,Yes,No,No,Yes,No,Month-to-Month,Yes,Credit Card (Auto),82.61,1131.77,1,Yes
CUST-101123,Male,1,No,No,18-25,Bangalore,16,Yes,Yes,DSL,No,No,No,No,Yes,No,Month-to-Month,No,Mailed Check,58.22,853.52,2,Yes
CUST-101124,Female,0,Yes,No,26-35,Ahmedabad,72,Yes,No,Fiber Optic,No,Yes,Yes,No,Yes,No,Month-to-Month,Yes,Credit Card (Auto),89.26,6504.95,2,Yes
CUST-101125,Female,0,No,No,26-35,Bangalore,31,Yes,No,No,No Internet Service,No Internet Service,No Internet Service,No Internet Service,No Internet Service,No Internet Service,One Year,Yes,Electronic Check,42.4,1396.97,2,No
CUST-101126,Female,0,Yes,No,26-35,Ahmedabad,2,Yes,No,Fiber Optic,No,No,Yes,No,No,No,One Year,Yes,Bank Transfer (Auto),89.23,172.68,2,Yes
CUST-101127,Female,1,No,Yes,26-35,Delhi,5,Yes,No,Fiber Optic,No,Yes,No,No,Yes,Yes,Two Year,Yes,Bank Transfer (Auto),100.46,482.66,2,No
CUST-101128,Female,0,Yes,No,36-45,Delhi,72,Yes,Yes,No,No Internet Service,No Internet Service,No Internet Service,No Internet Service,No Internet Service,No Internet Service,Month-to-Month,Yes,Credit Card (Auto),40.67,2995.38,1,No
CUST-101129,Female,0,No,No,26-35,Chennai,31,Yes,No,Fiber Optic,No,No,No,No,Yes,No,One Year,Yes,Electronic Check,78.73,2427.44,1,No
CUST-101130,Female,0,No,Yes,46-55,Hyderabad,59,Yes,No,Fiber Optic,Yes,Yes,No,No,Yes,Yes,Month-to-Month,No,Bank Transfer (Auto),107.83,6379.64,0,No
CUST-101131,Female,0,Yes,Yes,46-55,Hyderabad,8,No,No Phone Service,Fiber Optic,No,No,No,Yes,Yes,No,Month-to-Month,No,Mailed Check,93.58,762.55,2,No
CUST-101132,Female,0,Yes,Yes,18-25,Ahmedabad,32,Yes,Yes,No,No Internet Service,No Internet Service,No Internet Service,No Internet Service,No Internet Service,No Internet Service,Month-to-Month,No,Mailed Check,64.74,2096.14,0,No
CUST-101133,Male,0,Yes,No,36-45,Mumbai,30,Yes,No,No,No Internet Service,No Internet Service,No Internet Service,No Internet Service,No Internet Service,No Internet Service,Month-to-Month,Yes,Electronic Check,45.56,1311.8,3,No
CUST-101134,Male,0,Yes,No,26-35,Bangalore,8,Yes,No,Fiber Optic,No,Yes,Yes,No,Yes,No,Two Year,No,Electronic Check,84.82,700.55,1,Yes
CUST-101135,Male,0,No,No,18-25,Delhi,19,Yes,No,DSL,No,No,No,No,No,Yes,Month-to-Month,Yes,Credit Card (Auto),72.83,1339.66,1,No
CUST-101136,Male,1,No,No,18-25,Bangalore,23,Yes,No,DSL,No,No,No,No,Yes,No,Two Year,Yes,Bank Transfer (Auto),70.63,1594.54,1,No
CUST-101137,Female,0,Yes,No,18-25,Ahmedabad,15,Yes,No,No,No Internet Service,No Internet Service,No Internet Service,No Internet Service,No Internet Service,No Internet Service,Month-to-Month,No,Mailed Check,37.17,603.98,2,No
CUST-101138,Female,0,No,No,18-25,Pune,42,Yes,No,Fiber Optic,No,No,No,No,No,Yes,Month-to-Month,Yes,Credit Card (Auto),81.56,3400.35,2,No
CUST-101139,Male,0,No,No,26-35,Delhi,42,Yes,Yes,No,No Internet Service,No Internet Service,No Internet Service,No Internet Service,No Internet Service,No Internet Service,Month-to-Month,Yes,Electronic Check,39.87,1642.64,2,No
CUST-101140,Female,0,No,No,18-25,Pune,45,Yes,Yes,Fiber Optic,No,Yes,No,No,No,Yes,Month-to-Month,Yes,Bank Transfer (Auto),105.69,4766.24,1,No
CUST-101141,Male,1,Yes,No,18-25,Hyderabad,39,Yes,Yes,Fiber Optic,No,Yes,No,Yes,No,No,Month-to-Month,No,Credit Card (Auto),95.64,3797.29,1,No
CUST-101142,Female,0,Yes,No,46-55,Bangalore,16,Yes,Yes,Fiber Optic,No,Yes,No,Yes,No,No,Month-to-Month,Yes,Credit Card (Auto),90.95,1575.45,2,Yes
CUST-101143,Male,0,Yes,No,18-25,Bangalore,11,Yes,Yes,DSL,Yes,No,No,No,Yes,Yes,Month-to-Month,Yes,Mailed Check,71.42,842.74,0,No
CUST-101144,Female,0,No,No,18-25,Chennai,42,Yes,Yes,DSL,Yes,No,No,Yes,No,No,Two Year,Yes,Bank Transfer (Auto),66.75,2859.96,1,No
CUST-101145,Female,0,Yes,No,36-45,Bangalore,16,Yes,No,DSL,No,No,Yes,No,No,No,One Year,Yes,Mailed Check,58.06,927.77,1,Yes
CUST-101146,Male,0,Yes,No,18-25,Hyderabad,6,Yes,No,DSL,No,No,No,No,Yes,Yes,One Year,Yes,Credit Card (Auto),87.4,652.38,3,No
CUST-101147,Female,0,Yes,No,18-25,Pune,16,Yes,No,DSL,No,No,No,No,Yes,No,Month-to-Month,Yes,Bank Transfer (Auto),67.0,1081.93,0,No
CUST-101148,Male,0,No,No,56-65,Ahmedabad,3,Yes,No,DSL,No,Yes,No,Yes,No,No,Month-to-Month,No,Bank Transfer (Auto),71.62,213.08,3,No
CUST-101149,Male,1,Yes,No,18-25,Bangalore,28,Yes,No,Fiber Optic,Yes,No,No,Yes,No,No,Month-to-Month,No,Electronic Check,106.13,2990.77,1,Yes
CUST-101150,Male,0,Yes,No,26-35,Bangalore,9,Yes,Yes,Fiber Optic,No,Yes,No,Yes,Yes,No,Two Year,No,Bank Transfer (Auto),108.43,989.09,2,No
CUST-101151,Male,0,Yes,Yes,26-35,Kolkata,7,No,No Phone Service,Fiber Optic,Yes,Yes,No,Yes,No,Yes,Month-to-Month,No,Bank Transfer (Auto),98.32,622.55,1,Yes
CUST-101152,Female,0,Yes,Yes,18-25,Mumbai,72,Yes,Yes,Fiber Optic,No,No,No,No,Yes,No,Month-to-Month,No,Bank Transfer (Auto),94.39,6761.22,1,No
CUST-101153,Female,0,No,No,36-45,Pune,36,No,No Phone Service,DSL,No,Yes,Yes,No,Yes,Yes,One Year,No,Bank Transfer (Auto),91.78,3323.11,2,No
CUST-101154,Female,0,Yes,No,26-35,Bangalore,37,Yes,No,DSL,No,Yes,No,Yes,No,No,Month-to-Month,Yes,Credit Card (Auto),82.92,3028.57,3,No
CUST-101155,Male,0,Yes,No,18-25,Bangalore,23,Yes,Yes,DSL,No,No,No,Yes,No,No,Two Year,Yes,Credit Card (Auto),60.21,1417.21,1,No
CUST-101156,Female,0,No,No,26-35,Delhi,43,Yes,Yes,Fiber Optic,No,No,Yes,No,No,Yes,Month-to-Month,Yes,Electronic Check,99.47,4279.01,2,No
CUST-101157,Male,0,Yes,No,56-65,Mumbai,34,Yes,Yes,DSL,No,No,No,Yes,No,No,Month-to-Month,Yes,Credit Card (Auto),84.24,2911.0,0,No
CUST-101158,Female,0,Yes,Yes,26-35,Pune,21,Yes,Yes,Fiber Optic,Yes,No,Yes,Yes,No,No,One Year,Yes,Electronic Check,106.85,2237.66,0,No
CUST-101159,Female,1,No,Yes,18-25,Kolkata,72,Yes,Yes,No,No Internet Service,No Internet Service,No Internet Service,No Internet Service,No Internet Service,No Internet Service,Month-to-Month,No,Bank Transfer (Auto),46.79,3392.97,0,No
CUST-101160,Female,0,Yes,No,18-25,Hyderabad,5,No,No Phone Service,Fiber Optic,No,No,Yes,Yes,No,No,Month-to-Month,No,Credit Card (Auto),119.54,507.11,1,Yes
CUST-101161,Male,0,Yes,Yes,18-25,Delhi,68,Yes,Yes,DSL,No,No,No,No,No,No,Month-to-Month,Yes,Electronic Check,64.51,4306.21,0,No
CUST-101162,Female,0,Yes,No,26-35,Bangalore,12,Yes,No,DSL,No,No,No,No,No,No,One Year,Yes,Credit Card (Auto),51.75,580.83,2,No
CUST-101163,Female,0,No,No,18-25,Mumbai,18,Yes,No,No,No Internet Service,No Internet Service,No Internet Service,No Internet Service,No Internet Service,No Internet Service,Two Year,Yes,Credit Card (Auto),49.69,909.97,2,No
CUST-101164,Male,0,No,No,26-35,Kolkata,3,Yes,No,Fiber Optic,Yes,No,No,Yes,No,No,One Year,No,Mailed Check,82.79,209.31,2,Yes
CUST-101165,Female,0,No,No,46-55,Hyderabad,18,Yes,Yes,Fiber Optic,Yes,Yes,No,Yes,No,Yes,Two Year,No,Electronic Check,90.36,1662.88,1,Yes
CUST-101166,Male,0,No,No,26-35,Ahmedabad,22,Yes,Yes,Fiber Optic,No,Yes,No,Yes,Yes,No,Month-to-Month,Yes,Mailed Check,98.36,2183.26,2,No
CUST-101167,Female,0,Yes,Yes,36-45,Pune,72,Yes,Yes,Fiber Optic,Yes,No,No,Yes,Yes,Yes,Month-to-Month,No,Credit Card (Auto),127.65,9167.86,2,No
CUST-101168,Male,0,Yes,No,18-25,Pune,72,Yes,No,DSL,No,No,No,No,No,Yes,Month-to-Month,Yes,Electronic Check,76.3,5504.79,0,No
CUST-101169,Male,0,No,No,36-45,Bangalore,72,Yes,No,No,No Internet Service,No Internet Service,No Internet Service,No Internet Service,No Internet Service,No Internet Service,One Year,Yes,Bank Transfer (Auto),48.75,3487.8,2,No
CUST-101170,Female,0,No,Yes,36-45,Bangalore,10,Yes,No,Fiber Optic,No,No,Yes,No,Yes,Yes,Month-to-Month,No,Electronic Check,80.79,823.66,1,No
CUST-101171,Male,0,Yes,Yes,18-25,Delhi,72,Yes,Yes,DSL,No,No,No,No,No,Yes,One Year,No,Electronic Check,67.03,4800.64,1,No
CUST-101172,Male,0,No,Yes,36-45,Ahmedabad,14,Yes,Yes,No,No Internet Service,No Internet Service,No Internet Service,No Internet Service,No Internet Service,No Internet Service,One Year,Yes,Bank Transfer (Auto),54.25,779.32,0,No
CUST-101173,Male,0,Yes,Yes,26-35,Delhi,45,Yes,No,Fiber Optic,Yes,Yes,Yes,No,Yes,Yes,Two Year,Yes,Electronic Check,107.23,4893.38,0,No
CUST-101174,Male,0,Yes,No,36-45,Mumbai,5,Yes,No,DSL,No,No,No,Yes,No,Yes,Month-to-Month,Yes,Credit Card (Auto),97.09,423.66,0,No
CUST-101175,Male,0,Yes,No,26-35,Hyderabad,16,Yes,No,No,No Internet Service,No Internet Service,No Internet Service,No Internet Service,No Internet Service,No Internet Service,Month-to-Month,Yes,Mailed Check,43.72,664.8,0,No
CUST-101176,Male,0,Yes,No,18-25,Hyderabad,72,Yes,No,No,No Internet Service,No Internet Service,No Internet Service,No Internet Service,No Internet Service,No Internet Service,Month-to-Month,No,Mailed Check,42.95,3059.75,2,No
CUST-101177,Female,0,No,No,18-25,Delhi,70,Yes,No,DSL,No,No,Yes,No,No,No,Month-to-Month,No,Electronic Check,62.4,4383.56,0,Yes
CUST-101178,Male,0,No,No,36-45,Bangalore,27,Yes,Yes,Fiber Optic,No,Yes,Yes,No,No,Yes,Two Year,No,Credit Card (Auto),97.78,2681.94,0,No
CUST-101179,Male,0,Yes,No,18-25,Delhi,38,Yes,Yes,Fiber Optic,Yes,No,Yes,No,Yes,Yes,Month-to-Month,Yes,Electronic Check,85.62,3166.58,0,No
CUST-101180,Female,0,Yes,No,26-35,Pune,4,No,No Phone Service,DSL,No,No,No,No,No,No,Two Year,No,Bank Transfer (Auto),72.95,282.63,1,No
CUST-101181,Female,0,No,No,26-35,Hyderabad,30,No,No Phone Service,Fiber Optic,Yes,No,No,Yes,Yes,Yes,Two Year,Yes,Mailed Check,111.09,3334.11,4,No
CUST-101182,Female,0,Yes,No,46-55,Pune,23,Yes,Yes,Fiber Optic,No,No,No,No,No,Yes,One Year,No,Mailed Check,93.16,2186.78,0,No
CUST-101183,Female,0,No,No,18-25,Mumbai,2,Yes,No,DSL,No,No,No,No,Yes,No,Month-to-Month,Yes,Bank Transfer (Auto),69.58,94.37,0,Yes
CUST-101184,Female,0,Yes,No,26-35,Bangalore,2,Yes,No,DSL,No,No,Yes,Yes,No,No,Month-to-Month,Yes,Bank Transfer (Auto),78.87,194.23,1,No
CUST-101185,Female,0,No,Yes,26-35,Delhi,2,Yes,No,No,No Internet Service,No Internet Service,No Internet Service,No Internet Service,No Internet Service,No Internet Service,Month-to-Month,Yes,Electronic Check,65.2,145.05,1,No
CUST-101186,Female,1,Yes,No,26-35,Bangalore,30,Yes,No,Fiber Optic,No,No,No,No,Yes,No,Month-to-Month,Yes,Mailed Check,102.63,3167.6,1,Yes
CUST-101187,Male,0,Yes,No,36-45,Bangalore,3,Yes,Yes,Fiber Optic,Yes,No,Yes,No,No,No,Month-to-Month,No,Credit Card (Auto),99.71,408.83,2,No
CUST-101188,Male,0,Yes,Yes,18-25,Delhi,15,Yes,Yes,No,No Internet Service,No Internet Service,No Internet Service,No Internet Service,No Internet Service,No Internet Service,Month-to-Month,No,Mailed Check,30.58,498.49,0,No
CUST-101189,Female,0,Yes,No,18-25,Kolkata,10,Yes,No,DSL,Yes,Yes,No,No,No,Yes,One Year,No,Electronic Check,67.43,661.28,1,Yes
CUST-101190,Male,0,Yes,No,26-35,Kolkata,19,Yes,No,No,No Internet Service,No Internet Service,No Internet Service,No Internet Service,No Internet Service,No Internet Service,Month-to-Month,Yes,Electronic Check,42.35,829.18,0,Yes
CUST-101191,Male,0,No,Yes,18-25,Pune,29,Yes,No,No,No Internet Service,No Internet Service,No Internet Service,No Internet Service,No Internet Service,No Internet Service,Month-to-Month,No,Electronic Check,44.85,1329.72,0,No
CUST-101192,Male,0,Yes,No,18-25,Pune,27,No,No Phone Service,No,No Internet Service,No Internet Service,No Internet Service,No Internet Service,No Internet Service,No Internet Service,Month-to-Month,Yes,Electronic Check,49.46,1361.76,1,No
CUST-101193,Female,0,Yes,Yes,18-25,Hyderabad,17,Yes,Yes,DSL,No,Yes,No,No,No,No,Two Year,Yes,Mailed Check,76.35,1318.97,1,No
CUST-101194,Female,0,No,No,46-55,Bangalore,14,Yes,No,Fiber Optic,No,No,Yes,No,No,No,One Year,Yes,Bank Transfer (Auto),87.9,1257.31,3,No
CUST-101195,Male,0,No,Yes,18-25,Ahmedabad,12,No,No Phone Service,DSL,No,No,No,No,Yes,Yes,Month-to-Month,No,Electronic Check,67.16,858.4,1,Yes
CUST-101196,Female,1,No,No,36-45,Chennai,47,Yes,Yes,DSL,Yes,No,Yes,No,Yes,No,One Year,Yes,Bank Transfer (Auto),68.89,3347.73,0,No
CUST-101197,Male,0,No,Yes,18-25,Kolkata,9,Yes,Yes,Fiber Optic,No,No,No,No,Yes,No,One Year,No,Credit Card (Auto),79.58,625.75,1,No
CUST-101198,Male,1,Yes,Yes,26-35,Bangalore,7,Yes,No,DSL,No,No,No,Yes,No,No,Two Year,No,Credit Card (Auto),72.08,569.55,1,No
CUST-101199,Male,0,No,Yes,18-25,Bangalore,32,Yes,No,Fiber Optic,No,Yes,No,Yes,Yes,No,Month-to-Month,Yes,Credit Card (Auto),102.0,3271.08,1,No
CUST-101200,Male,0,No,No,18-25,Mumbai,10,Yes,No,DSL,No,No,No,No,Yes,Yes,Two Year,No,Electronic Check,98.2,942.51,1,No
CUST-101201,Female,0,No,No,18-25,Bangalore,45,Yes,No,Fiber Optic,No,Yes,Yes,No,Yes,No,Month-to-Month,No,Electronic Check,78.82,3479.36,1,No
CUST-101202,Female,0,Yes,No,36-45,Bangalore,9,Yes,Yes,DSL,No,Yes,No,No,Yes,Yes,Two Year,No,Credit Card (Auto),93.08,853.0,1,No
CUST-101203,Female,1,Yes,No,36-45,Hyderabad,29,Yes,No,No,No Internet Service,No Internet Service,No Internet Service,No Internet Service,No Internet Service,No Internet Service,Month-to-Month,Yes,Electronic Check,53.49,1553.01,2,No
CUST-101204,Male,1,Yes,No,46-55,Hyderabad,1,Yes,Yes,Fiber Optic,Yes,Yes,No,No,No,No,Two Year,Yes,Electronic Check,91.96,38.02,2,No
CUST-101205,Female,1,No,Yes,26-35,Ahmedabad,11,Yes,Yes,DSL,Yes,No,No,Yes,No,No,Two Year,Yes,Bank Transfer (Auto),70.51,774.08,2,No
CUST-101206,Male,0,No,No,26-35,Hyderabad,10,Yes,Yes,Fiber Optic,No,No,Yes,Yes,Yes,No,Month-to-Month,Yes,Electronic Check,106.25,1114.34,0,No
CUST-101207,Female,0,No,Yes,26-35,Kolkata,40,No,No Phone Service,No,No Internet Service,No Internet Service,No Internet Service,No Internet Service,No Internet Service,No Internet Service,Two Year,No,Credit Card (Auto),42.49,1777.18,2,No
CUST-101208,Male,0,Yes,No,18-25,Mumbai,72,No,No Phone Service,No,No Internet Service,No Internet Service,No Internet Service,No Internet Service,No Internet Service,No Internet Service,Month-to-Month,Yes,Credit Card (Auto),41.5,2994.37,1,No
CUST-101209,Male,1,No,No,18-25,Hyderabad,14,Yes,No,No,No Internet Service,No Internet Service,No Internet Service,No Internet Service,No Internet Service,No Internet Service,Month-to-Month,Yes,Bank Transfer (Auto),42.4,599.82,2,No
CUST-101210,Male,0,No,No,26-35,Hyderabad,41,Yes,No,No,No Internet Service,No Internet Service,No Internet Service,No Internet Service,No Internet Service,No Internet Service,Month-to-Month,Yes,Credit Card (Auto),47.79,1990.53,1,No
CUST-101211,Female,0,Yes,Yes,26-35,Mumbai,28,Yes,No,DSL,No,No,No,No,No,Yes,Two Year,Yes,Electronic Check,78.26,2249.53,2,No
CUST-101212,Female,0,No,No,18-25,Delhi,72,No,No Phone Service,Fiber Optic,No,Yes,No,No,No,No,Month-to-Month,No,Bank Transfer (Auto),93.31,6727.49,1,No
CUST-101213,Female,0,Yes,Yes,26-35,Hyderabad,39,Yes,No,Fiber Optic,No,No,No,No,Yes,No,One Year,No,Mailed Check,88.31,3461.6,1,No
CUST-101214,Female,1,No,Yes,46-55,Hyderabad,1,Yes,No,DSL,Yes,No,Yes,No,No,No,One Year,No,Bank Transfer (Auto),59.94,39.98,2,No
CUST-101215,Male,0,No,Yes,36-45,Kolkata,29,Yes,No,DSL,No,No,Yes,No,Yes,Yes,Two Year,Yes,Electronic Check,85.71,2477.7,1,No
CUST-101216,Female,0,No,No,26-35,Delhi,18,Yes,Yes,No,No Internet Service,No Internet Service,No Internet Service,No Internet Service,No Internet Service,No Internet Service,One Year,No,Bank Transfer (Auto),48.87,847.86,1,No
CUST-101217,Female,0,No,No,18-25,Delhi,0,Yes,No,Fiber Optic,Yes,Yes,No,Yes,No,No,Month-to-Month,No,Credit Card (Auto),105.83,0.0,1,Yes
CUST-101218,Male,0,No,No,18-25,Delhi,6,Yes,Yes,Fiber Optic,No,Yes,No,No,Yes,No,Month-to-Month,Yes,Electronic Check,86.59,459.29,3,Yes
CUST-101219,Male,0,No,Yes,36-45,Pune,61,Yes,Yes,DSL,Yes,No,No,No,Yes,No,Month-to-Month,No,Electronic Check,62.88,3792.57,3,Yes
CUST-101220,Male,0,Yes,No,18-25,Delhi,62,Yes,No,Fiber Optic,Yes,Yes,No,Yes,Yes,Yes,One Year,No,Electronic Check,103.34,6360.53,3,No
CUST-101221,Female,0,No,No,26-35,Kolkata,38,Yes,Yes,DSL,No,No,Yes,No,No,No,Month-to-Month,Yes,Mailed Check,71.44,2729.66,2,No
CUST-101222,Male,1,Yes,Yes,46-55,Ahmedabad,72,Yes,No,DSL,No,No,No,No,No,No,Month-to-Month,Yes,Electronic Check,74.09,5356.88,2,No
CUST-101223,Male,0,Yes,Yes,18-25,Mumbai,39,Yes,No,DSL,No,No,Yes,No,No,Yes,Two Year,No,Credit Card (Auto),82.08,3180.09,2,No
CUST-101224,Male,0,No,No,36-45,Delhi,0,Yes,Yes,Fiber Optic,No,No,No,No,No,No,Month-to-Month,No,Mailed Check,74.97,0.0,1,No
CUST-101225,Female,1,No,No,36-45,Bangalore,8,Yes,No,No,No Internet Service,No Internet Service,No Internet Service,No Internet Service,No Internet Service,No Internet Service,One Year,No,Mailed Check,43.5,455.59,3,No
CUST-101226,Male,0,Yes,No,18-25,Kolkata,0,Yes,No,Fiber Optic,No,Yes,Yes,No,No,Yes,Month-to-Month,Yes,Bank Transfer (Auto),87.23,0.0,0,Yes
CUST-101227,Female,0,Yes,No,18-25,Mumbai,2,Yes,Yes,Fiber Optic,Yes,Yes,Yes,Yes,Yes,Yes,Month-to-Month,Yes,Mailed Check,107.05,184.44,3,No
CUST-101228,Female,0,Yes,Yes,36-45,Bangalore,5,Yes,No,DSL,No,No,No,Yes,No,Yes,Month-to-Month,No,Mailed Check,73.73,290.0,1,No
CUST-101229,Male,0,Yes,Yes,46-55,Pune,16,Yes,Yes,Fiber Optic,No,No,No,No,No,No,Month-to-Month,Yes,Bank Transfer (Auto),70.78,1158.33,0,Yes
CUST-101230,Male,0,Yes,No,18-25,Pune,45,Yes,No,Fiber Optic,No,Yes,Yes,No,No,Yes,Two Year,No,Credit Card (Auto),86.01,3961.41,4,No
CUST-101231,Female,1,No,No,26-35,Bangalore,47,Yes,No,Fiber Optic,No,No,No,No,No,Yes,Month-to-Month,No,Electronic Check,106.74,5007.45,0,Yes
CUST-101232,Male,0,Yes,No,36-45,Ahmedabad,22,No,No Phone Service,DSL,Yes,No,Yes,No,No,No,Month-to-Month,Yes,Electronic Check,62.84,1365.13,0,No
CUST-101233,Male,0,Yes,No,18-25,Bangalore,63,Yes,No,No,No Internet Service,No Internet Service,No Internet Service,No Internet Service,No Internet Service,No Internet Service,One Year,Yes,Electronic Check,41.61,2635.26,2,No
CUST-101234,Female,0,Yes,No,18-25,Chennai,16,Yes,No,DSL,No,No,Yes,No,No,Yes,One Year,Yes,Mailed Check,75.42,1222.1,1,No
CUST-101235,Female,0,No,Yes,46-55,Chennai,52,Yes,Yes,DSL,No,Yes,No,No,Yes,No,One Year,No,Electronic Check,92.3,4674.82,0,No
CUST-101236,Male,0,Yes,No,26-35,Pune,14,Yes,Yes,Fiber Optic,No,Yes,No,No,No,No,Two Year,Yes,Bank Transfer (Auto),88.19,1267.04,1,No
CUST-101237,Female,0,Yes,No,26-35,Bangalore,7,Yes,Yes,Fiber Optic,No,No,Yes,No,Yes,No,One Year,Yes,Credit Card (Auto),93.22,746.29,2,No
CUST-101238,Male,0,Yes,Yes,26-35,Bangalore,59,Yes,Yes,Fiber Optic,No,No,No,No,Yes,No,Month-to-Month,No,Electronic Check,84.18,4969.42,2,No
CUST-101239,Male,0,No,No,26-35,Bangalore,11,Yes,Yes,No,No Internet Service,No Internet Service,No Internet Service,No Internet Service,No Internet Service,No Internet Service,Two Year,Yes,Bank Transfer (Auto),61.61,672.28,0,No
CUST-101240,Male,1,No,Yes,65+,Mumbai,16,No,No Phone Service,Fiber Optic,No,No,No,Yes,No,Yes,Month-to-Month,Yes,Mailed Check,86.54,1424.37,1,No
CUST-101241,Female,0,Yes,Yes,26-35,Pune,9,Yes,Yes,No,No Internet Service,No Internet Service,No Internet Service,No Internet Service,No Internet Service,No Internet Service,Month-to-Month,Yes,Mailed Check,51.63,498.47,1,No
CUST-101242,Male,0,Yes,No,18-25,Pune,26,Yes,Yes,Fiber Optic,No,No,No,No,No,Yes,Month-to-Month,No,Bank Transfer (Auto),77.83,2032.23,1,No
CUST-101243,Male,0,Yes,No,18-25,Kolkata,72,No,No Phone Service,DSL,Yes,No,No,Yes,No,Yes,Month-to-Month,Yes,Credit Card (Auto),94.81,6864.97,0,No
CUST-101244,Male,0,No,Yes,18-25,Pune,0,Yes,No,No,No Internet Service,No Internet Service,No Internet Service,No Internet Service,No Internet Service,No Internet Service,Month-to-Month,Yes,Electronic Check,59.26,41.02,2,Yes
CUST-101245,Female,0,No,No,18-25,Chennai,55,Yes,No,Fiber Optic,Yes,Yes,No,No,No,Yes,Month-to-Month,No,Electronic Check,108.17,5890.69,1,Yes
CUST-101246,Female,0,Yes,No,46-55,Hyderabad,0,Yes,Yes,DSL,No,No,No,No,Yes,No,Month-to-Month,Yes,Bank Transfer (Auto),63.33,0.0,0,No
CUST-101247,Female,0,Yes,No,26-35,Chennai,10,No,No Phone Service,Fiber Optic,Yes,No,No,No,No,Yes,Two Year,Yes,Mailed Check,101.01,945.53,1,No
CUST-101248,Female,0,Yes,No,26-35,Mumbai,4,Yes,No,Fiber Optic,No,No,No,No,Yes,No,Two Year,No,Electronic Check,96.55,310.52,2,No
CUST-101249,Female,1,Yes,Yes,65+,Bangalore,33,Yes,No,Fiber Optic,No,No,Yes,Yes,No,No,One Year,Yes,Electronic Check,102.2,3413.13,0,No
CUST-101250,Male,1,No,Yes,18-25,Mumbai,1,Yes,No,No,No Internet Service,No Internet Service,No Internet Service,No Internet Service,No Internet Service,No Internet Service,Two Year,Yes,Bank Transfer (Auto),46.24,86.88,1,No
CUST-101251,Female,1,Yes,Yes,26-35,Hyderabad,19,No,No Phone Service,Fiber Optic,No,No,Yes,No,No,Yes,Month-to-Month,Yes,Electronic Check,85.19,1641.0,0,Yes
CUST-101252,Female,0,Yes,Yes,18-25,Mumbai,8,Yes,Yes,Fiber Optic,Yes,No,Yes,No,No,No,Two Year,Yes,Credit Card (Auto),73.28,669.34,0,No
CUST-101253,Female,0,Yes,Yes,26-35,Mumbai,3,Yes,Yes,No,No Internet Service,No Internet Service,No Internet Service,No Internet Service,No Internet Service,No Internet Service,Month-to-Month,No,Mailed Check,37.35,96.63,1,No
CUST-101254,Male,0,No,Yes,18-25,Pune,35,Yes,No,Fiber Optic,No,No,Yes,No,No,Yes,Month-to-Month,Yes,Electronic Check,100.9,3497.0,0,Yes
CUST-101255,Female,0,No,No,18-25,Pune,5,Yes,Yes,Fiber Optic,No,No,No,Yes,Yes,No,Month-to-Month,Yes,Bank Transfer (Auto),81.62,414.23,1,No
CUST-101256,Female,0,Yes,No,18-25,Bangalore,6,Yes,No,No,No Internet Service,No Internet Service,No Internet Service,No Internet Service,No Internet Service,No Internet Service,Month-to-Month,Yes,Electronic Check,52.13,369.89,2,Yes
CUST-101257,Male,0,Yes,No,18-25,Mumbai,7,Yes,Yes,Fiber Optic,No,No,Yes,No,No,No,Month-to-Month,Yes,Mailed Check,81.03,537.67,2,Yes
CUST-101258,Female,0,Yes,Yes,56-65,Ahmedabad,21,Yes,No,Fiber Optic,No,No,Yes,No,No,No,Month-to-Month,Yes,Mailed Check,89.09,1967.99,0,No
CUST-101259,Male,0,No,No,18-25,Mumbai,25,Yes,No,No,No Internet Service,No Internet Service,No Internet Service,No Internet Service,No Internet Service,No Internet Service,Month-to-Month,Yes,Mailed Check,40.7,1013.91,2,No
CUST-101260,Male,0,Yes,Yes,26-35,Hyderabad,0,Yes,Yes,Fiber Optic,Yes,No,No,No,No,Yes,Month-to-Month,Yes,Credit Card (Auto),89.93,25.65,2,No
CUST-101261,Male,0,No,No,36-45,Delhi,6,Yes,Yes,Fiber Optic,No,No,No,No,No,No,Month-to-Month,Yes,Electronic Check,84.11,512.79,0,Yes
CUST-101262,Male,0,No,Yes,36-45,Mumbai,13,Yes,Yes,Fiber Optic,No,No,No,No,No,No,Two Year,No,Credit Card (Auto),70.43,895.74,1,No
CUST-101263,Male,0,No,No,65+,Hyderabad,9,Yes,No,DSL,Yes,No,Yes,No,No,No,Month-to-Month,No,Credit Card (Auto),85.41,814.2,2,No
CUST-101264,Female,0,Yes,No,26-35,Delhi,51,Yes,No,Fiber Optic,No,Yes,No,Yes,No,Yes,Month-to-Month,No,Electronic Check,99.79,4915.54,0,No
CUST-101265,Male,0,No,No,18-25,Bangalore,37,Yes,No,Fiber Optic,No,Yes,No,Yes,No,Yes,One Year,Yes,Electronic Check,89.17,3282.36,1,No
CUST-101266,Male,0,No,Yes,26-35,Chennai,23,Yes,Yes,Fiber Optic,No,No,No,Yes,No,No,Two Year,Yes,Electronic Check,73.89,1739.23,5,No
CUST-101267,Female,0,Yes,No,26-35,Bangalore,9,Yes,Yes,Fiber Optic,No,No,Yes,No,Yes,No,Month-to-Month,Yes,Electronic Check,98.55,814.36,0,No
CUST-101268,Male,0,Yes,No,26-35,Hyderabad,28,Yes,Yes,DSL,No,No,Yes,No,No,No,Two Year,Yes,Bank Transfer (Auto),63.45,,0,No
CUST-101269,Female,0,Yes,Yes,18-25,Delhi,44,No,No Phone Service,Fiber Optic,No,No,Yes,No,Yes,No,Month-to-Month,Yes,Electronic Check,102.16,4470.38,1,Yes
CUST-101270,Female,0,Yes,No,46-55,Chennai,21,Yes,No,DSL,Yes,No,No,No,No,No,Month-to-Month,No,Credit Card (Auto),58.07,1202.97,0,No
CUST-101271,Female,1,Yes,No,26-35,Chennai,36,Yes,Yes,DSL,No,No,No,No,No,No,Month-to-Month,No,Electronic Check,58.49,2075.52,3,No
CUST-101272,Male,0,No,No,26-35,Chennai,33,Yes,No,Fiber Optic,Yes,No,Yes,Yes,Yes,No,One Year,Yes,Electronic Check,102.13,3319.36,1,No
CUST-101273,Male,0,Yes,No,26-35,Bangalore,20,Yes,No,Fiber Optic,No,Yes,Yes,No,No,No,Month-to-Month,Yes,Electronic Check,112.95,2255.45,0,No
CUST-101274,Male,0,No,No,18-25,Ahmedabad,8,Yes,Yes,Fiber Optic,No,Yes,No,No,Yes,No,One Year,Yes,Electronic Check,85.96,727.96,1,No
CUST-101275,Female,1,Yes,No,18-25,Chennai,32,Yes,No,Fiber Optic,No,No,No,Yes,No,Yes,Month-to-Month,Yes,Credit Card (Auto),100.29,3228.4,3,No
CUST-101276,Male,0,No,No,26-35,Mumbai,5,Yes,No,DSL,No,No,No,No,Yes,Yes,One Year,No,Bank Transfer (Auto),69.09,396.79,1,No
CUST-101277,Male,0,Yes,No,18-25,Ahmedabad,36,Yes,Yes,DSL,No,No,No,No,No,No,Month-to-Month,No,Electronic Check,84.96,3048.53,1,Yes
CUST-101278,Male,0,No,No,56-65,Hyderabad,39,Yes,No,Fiber Optic,Yes,Yes,Yes,No,Yes,No,Month-to-Month,Yes,Credit Card (Auto),112.84,4463.72,3,No
CUST-101279,Female,1,Yes,No,26-35,Chennai,41,Yes,Yes,DSL,No,Yes,Yes,Yes,Yes,No,One Year,No,Credit Card (Auto),88.37,3559.38,2,No
CUST-101280,Female,0,Yes,No,46-55,Bangalore,15,Yes,No,No,No Internet Service,No Internet Service,No Internet Service,No Internet Service,No Internet Service,No Internet Service,One Year,Yes,Bank Transfer (Auto),38.61,644.71,0,No
CUST-101281,Male,0,No,Yes,26-35,Bangalore,5,No,No Phone Service,Fiber Optic,No,No,No,Yes,No,No,Month-to-Month,Yes,Credit Card (Auto),78.02,444.71,1,No
CUST-101282,Male,0,Yes,No,18-25,Pune,2,Yes,No,DSL,Yes,No,Yes,Yes,No,No,Two Year,Yes,Bank Transfer (Auto),81.12,83.36,1,No
CUST-101283,Male,0,No,Yes,18-25,Kolkata,32,Yes,Yes,DSL,No,No,No,No,Yes,No,One Year,Yes,Mailed Check,76.25,2463.41,3,Yes
CUST-101284,Male,0,No,Yes,18-25,Ahmedabad,52,Yes,No,Fiber Optic,Yes,No,Yes,No,Yes,Yes,Month-to-Month,Yes,Mailed Check,116.74,6064.17,0,No
CUST-101285,Female,0,Yes,Yes,18-25,Ahmedabad,25,Yes,No,DSL,Yes,Yes,No,No,Yes,Yes,Two Year,Yes,Electronic Check,86.93,2167.94,3,No
CUST-101286,Female,0,No,No,26-35,Chennai,3,No,No Phone Service,No,No Internet Service,No Internet Service,No Internet Service,No Internet Service,No Internet Service,No Internet Service,One Year,No,Bank Transfer (Auto),41.72,128.46,5,No
CUST-101287,Female,0,No,Yes,18-25,Mumbai,65,No,No Phone Service,Fiber Optic,No,No,No,No,Yes,No,Month-to-Month,Yes,Credit Card (Auto),100.2,6482.04,3,No
CUST-101288,Female,0,Yes,No,26-35,Hyderabad,72,Yes,No,No,No Internet Service,No Internet Service,No Internet Service,No Internet Service,No Internet Service,No Internet Service,Month-to-Month,Yes,Bank Transfer (Auto),48.03,3505.1,0,No
CUST-101289,Male,1,No,No,18-25,Delhi,13,Yes,No,Fiber Optic,No,Yes,No,No,Yes,No,Month-to-Month,No,Credit Card (Auto),71.51,929.83,2,No
CUST-101290,Male,0,No,Yes,26-35,Chennai,21,Yes,Yes,Fiber Optic,No,No,Yes,No,No,No,Month-to-Month,Yes,Mailed Check,97.68,1995.05,0,No
CUST-101291,Male,0,Yes,Yes,26-35,Bangalore,36,Yes,No,DSL,No,No,No,Yes,Yes,Yes,Month-to-Month,No,Bank Transfer (Auto),74.13,2666.8,2,No
CUST-101292,Female,0,Yes,No,26-35,Hyderabad,31,Yes,No,Fiber Optic,No,Yes,No,No,No,No,Month-to-Month,No,Bank Transfer (Auto),82.69,2539.68,3,No
CUST-101293,Male,0,No,No,26-35,Chennai,72,Yes,Yes,DSL,No,Yes,Yes,No,No,No,One Year,Yes,Bank Transfer (Auto),82.88,5998.15,3,No
CUST-101294,Female,0,Yes,No,18-25,Kolkata,2,Yes,Yes,Fiber Optic,No,Yes,No,No,No,No,Month-to-Month,Yes,Bank Transfer (Auto),85.97,106.18,1,No
CUST-101295,Female,0,Yes,No,26-35,Pune,20,Yes,Yes,DSL,No,No,No,No,No,No,Two Year,Yes,Electronic Check,69.44,1488.94,3,No
CUST-101296,Male,0,Yes,No,65+,Mumbai,28,Yes,Yes,DSL,No,Yes,No,No,No,No,Month-to-Month,No,Electronic Check,96.6,2710.83,1,No
CUST-101297,Male,0,No,No,65+,Mumbai,52,Yes,Yes,DSL,No,No,No,No,Yes,Yes,Month-to-Month,Yes,Credit Card (Auto),69.59,3556.87,1,Yes
CUST-101298,Male,0,Yes,No,18-25,Kolkata,49,Yes,Yes,Fiber Optic,No,No,Yes,Yes,Yes,No,One Year,No,Electronic Check,104.87,5128.53,0,No
CUST-101299,Female,0,Yes,No,36-45,Pune,72,Yes,No,Fiber Optic,No,No,No,Yes,No,No,One Year,Yes,Mailed Check,87.92,6306.11,1,No
CUST-101300,Male,0,No,No,26-35,Mumbai,17,No,No Phone Service,Fiber Optic,Yes,Yes,No,No,No,No,Month-to-Month,No,Mailed Check,95.66,1586.47,3,No
CUST-101301,Female,1,Yes,Yes,18-25,Hyderabad,42,Yes,Yes,DSL,No,Yes,No,No,No,No,Month-to-Month,No,Mailed Check,64.64,2736.13,1,No
CUST-101302,Male,0,No,No,36-45,Hyderabad,13,Yes,No,Fiber Optic,No,No,Yes,No,No,Yes,Month-to-Month,Yes,Credit Card (Auto),90.5,1288.02,2,No
CUST-101303,Female,1,No,No,18-25,Pune,13,No,No Phone Service,DSL,No,Yes,No,No,No,Yes,One Year,Yes,Bank Transfer (Auto),66.59,959.14,2,No
CUST-101304,Female,0,No,No,36-45,Kolkata,7,Yes,Yes,Fiber Optic,Yes,No,No,Yes,No,No,Month-to-Month,Yes,Credit Card (Auto),90.79,645.59,2,No
CUST-101305,Male,1,No,Yes,18-25,Chennai,40,Yes,Yes,DSL,No,No,No,Yes,Yes,Yes,One Year,Yes,Mailed Check,84.18,3328.17,0,No
CUST-101306,Female,0,Yes,No,18-25,Pune,72,Yes,No,DSL,No,No,No,Yes,No,No,One Year,No,Bank Transfer (Auto),51.5,3722.0,0,No
CUST-101307,Female,0,No,Yes,46-55,Chennai,7,Yes,Yes,Fiber Optic,Yes,Yes,Yes,No,Yes,No,Month-to-Month,Yes,Credit Card (Auto),99.72,734.94,1,Yes
CUST-101308,Male,0,Yes,Yes,18-25,Mumbai,1,Yes,Yes,DSL,No,No,No,No,No,Yes,Month-to-Month,No,Credit Card (Auto),61.56,71.74,4,No
CUST-101309,Female,0,Yes,Yes,18-25,Chennai,40,Yes,No,Fiber Optic,No,No,No,Yes,No,Yes,Month-to-Month,Yes,Credit Card (Auto),87.34,3530.85,0,No
CUST-101310,Male,0,Yes,No,26-35,Hyderabad,23,Yes,Yes,No,No Internet Service,No Internet Service,No Internet Service,No Internet Service,No Internet Service,No Internet Service,Month-to-Month,Yes,Bank Transfer (Auto),42.6,1001.99,1,No
CUST-101311,Female,0,Yes,Yes,46-55,Ahmedabad,72,Yes,No,DSL,No,No,No,No,Yes,No,Month-to-Month,Yes,Electronic Check,73.01,5270.95,0,No
CUST-101312,Male,0,No,No,18-25,Pune,6,Yes,Yes,DSL,No,Yes,No,Yes,Yes,No,Month-to-Month,No,Electronic Check,77.42,403.71,2,No
CUST-101313,Male,0,Yes,Yes,18-25,Bangalore,1,Yes,No,No,No Internet Service,No Internet Service,No Internet Service,No Internet Service,No Internet Service,No Internet Service,One Year,No,Credit Card (Auto),47.28,40.76,3,No
CUST-101314,Female,0,No,No,18-25,Ahmedabad,16,Yes,No,No,No Internet Service,No Internet Service,No Internet Service,No Internet Service,No Internet Service,No Internet Service,Month-to-Month,Yes,Credit Card (Auto),48.1,865.14,3,Yes
CUST-101315,Female,0,No,Yes,18-25,Delhi,2,Yes,No,DSL,No,No,No,No,Yes,Yes,Two Year,No,Bank Transfer (Auto),66.74,157.97,1,No
CUST-101316,Female,0,No,Yes,26-35,Bangalore,7,Yes,No,Fiber Optic,Yes,Yes,Yes,Yes,No,Yes,Month-to-Month,Yes,Electronic Check,124.14,927.4,2,No
CUST-101317,Female,0,Yes,No,18-25,Mumbai,3,Yes,No,DSL,Yes,No,No,Yes,Yes,No,Month-to-Month,Yes,Bank Transfer (Auto),80.12,340.93,1,No
CUST-101318,Female,0,No,No,26-35,Chennai,6,Yes,No,Fiber Optic,No,No,No,No,No,No,One Year,Yes,Electronic Check,83.26,440.6,1,No
CUST-101319,Male,0,Yes,Yes,26-35,Hyderabad,2,Yes,Yes,DSL,Yes,No,No,No,No,No,Two Year,No,Mailed Check,91.27,312.49,0,No
CUST-101320,Female,0,Yes,Yes,36-45,Hyderabad,72,Yes,No,DSL,No,No,No,No,No,No,Month-to-Month,Yes,Mailed Check,65.16,4740.18,0,No
CUST-101321,Male,0,No,Yes,26-35,Delhi,7,Yes,Yes,DSL,No,Yes,Yes,No,Yes,Yes,One Year,Yes,Credit Card (Auto),87.94,673.68,1,No
CUST-101322,Male,0,Yes,No,56-65,Hyderabad,14,Yes,No,DSL,No,No,Yes,No,No,No,Two Year,Yes,Electronic Check,92.11,1256.03,1,No
CUST-101323,Female,0,Yes,No,26-35,Bangalore,54,Yes,Yes,DSL,Yes,No,Yes,No,Yes,No,One Year,Yes,Bank Transfer (Auto),66.88,3647.73,1,No
CUST-101324,Male,0,No,No,18-25,Mumbai,27,Yes,No,Fiber Optic,No,No,No,No,No,No,Month-to-Month,No,Mailed Check,96.19,2557.07,1,Yes
CUST-101325,Male,0,Yes,Yes,56-65,Delhi,23,Yes,No,Fiber Optic,No,No,No,Yes,Yes,No,Two Year,Yes,Bank Transfer (Auto),86.29,1992.15,2,No
CUST-101326,Male,0,No,No,18-25,Kolkata,29,Yes,Yes,DSL,Yes,No,Yes,No,Yes,No,One Year,Yes,Bank Transfer (Auto),87.38,2550.86,2,No
CUST-101327,Male,0,Yes,Yes,18-25,Pune,42,Yes,No,Fiber Optic,No,Yes,Yes,Yes,Yes,Yes,One Year,No,Credit Card (Auto),111.8,4683.66,2,No
CUST-101328,Female,1,Yes,Yes,36-45,Mumbai,50,Yes,Yes,DSL,No,No,No,No,No,No,One Year,Yes,Electronic Check,55.26,2820.53,1,No
CUST-101329,Male,0,Yes,No,26-35,Ahmedabad,24,Yes,Yes,Fiber Optic,No,Yes,No,No,No,No,Two Year,No,Electronic Check,102.74,2439.77,2,No
CUST-101330,Female,0,Yes,No,18-25,Bangalore,52,Yes,No,Fiber Optic,No,Yes,No,No,No,No,Month-to-Month,No,Bank Transfer (Auto),88.42,4497.23,1,No
CUST-101331,Female,0,Yes,Yes,18-25,Pune,18,Yes,Yes,DSL,No,No,No,Yes,No,Yes,Month-to-Month,Yes,Mailed Check,83.4,1489.01,1,Yes
CUST-101332,Male,0,No,No,18-25,Hyderabad,7,Yes,No,DSL,No,Yes,No,No,No,No,Month-to-Month,Yes,Electronic Check,68.99,545.61,2,Yes
CUST-101333,Female,0,No,No,56-65,Pune,50,Yes,Yes,Fiber Optic,No,No,Yes,No,No,No,Month-to-Month,Yes,Mailed Check,88.98,4571.79,2,No
CUST-101334,Female,0,No,No,26-35,Chennai,18,Yes,No,Fiber Optic,No,Yes,No,Yes,No,Yes,Month-to-Month,No,Bank Transfer (Auto),95.27,1780.65,1,Yes
CUST-101335,Female,0,Yes,No,36-45,Mumbai,56,Yes,No,Fiber Optic,No,No,No,Yes,No,Yes,One Year,Yes,Electronic Check,77.0,4365.34,2,No
CUST-101336,Male,1,No,No,18-25,Ahmedabad,0,Yes,No,Fiber Optic,No,No,No,Yes,No,Yes,Month-to-Month,No,Electronic Check,103.01,0.0,3,No
CUST-101337,Female,0,No,No,18-25,Pune,12,Yes,No,Fiber Optic,No,Yes,Yes,No,Yes,No,One Year,Yes,Credit Card (Auto),100.24,1318.05,1,Yes
CUST-101338,Female,1,No,No,26-35,Delhi,70,Yes,Yes,DSL,Yes,No,No,Yes,No,No,Two Year,Yes,Mailed Check,82.14,5784.02,0,No
CUST-101339,Female,0,Yes,No,26-35,Delhi,6,Yes,Yes,No,No Internet Service,No Internet Service,No Internet Service,No Internet Service,No Internet Service,No Internet Service,Month-to-Month,No,Electronic Check,39.62,273.89,2,No
CUST-101340,Male,0,No,Yes,18-25,Chennai,68,Yes,No,Fiber Optic,No,Yes,No,Yes,No,Yes,Two Year,Yes,Electronic Check,115.93,7914.65,0,No
CUST-101341,Female,0,No,No,18-25,Pune,72,Yes,No,Fiber Optic,No,No,No,No,No,No,Month-to-Month,Yes,Bank Transfer (Auto),80.75,5756.09,1,No
CUST-101342,Male,0,Yes,Yes,26-35,Mumbai,51,Yes,No,DSL,Yes,Yes,No,No,No,Yes,Two Year,Yes,Electronic Check,83.14,4259.33,1,Yes
CUST-101343,Male,0,No,Yes,26-35,Kolkata,19,Yes,No,No,No Internet Service,No Internet Service,No Internet Service,No Internet Service,No Internet Service,No Internet Service,Two Year,Yes,Credit Card (Auto),51.49,905.58,2,No
CUST-101344,Male,0,Yes,No,26-35,Pune,24,Yes,Yes,Fiber Optic,No,No,No,No,Yes,No,Month-to-Month,Yes,Bank Transfer (Auto),78.25,1919.35,1,No
CUST-101345,Male,0,No,Yes,56-65,Ahmedabad,48,Yes,No,Fiber Optic,Yes,Yes,No,No,No,Yes,Month-to-Month,No,Mailed Check,121.5,5848.81,1,No
CUST-101346,Male,1,No,No,36-45,Bangalore,35,Yes,No,Fiber Optic,Yes,No,No,No,No,No,Month-to-Month,No,Credit Card (Auto),77.46,2679.5,1,Yes
CUST-101347,Male,0,No,No,18-25,Mumbai,23,Yes,Yes,Fiber Optic,No,Yes,No,No,Yes,No,Two Year,No,Mailed Check,94.74,2235.33,2,Yes
CUST-101348,Female,0,Yes,No,18-25,Kolkata,72,Yes,No,DSL,No,Yes,No,No,No,No,Two Year,Yes,Electronic Check,68.81,4936.4,0,No
CUST-101349,Male,0,Yes,Yes,36-45,Kolkata,27,Yes,Yes,No,No Internet Service,No Internet Service,No Internet Service,No Internet Service,No Internet Service,No Internet Service,Month-to-Month,Yes,Bank Transfer (Auto),30.86,816.51,2,No
CUST-101350,Female,0,No,Yes,26-35,Mumbai,72,Yes,No,DSL,No,Yes,Yes,No,No,No,One Year,No,Bank Transfer (Auto),75.78,5482.86,2,No
CUST-101351,Female,0,Yes,No,26-35,Hyderabad,1,Yes,Yes,No,No Internet Service,No Internet Service,No Internet Service,No Internet Service,No Internet Service,No Internet Service,Month-to-Month,No,Electronic Check,37.56,36.77,1,No
CUST-101352,Male,0,Yes,No,26-35,Mumbai,3,Yes,No,Fiber Optic,No,No,No,No,Yes,No,Month-to-Month,No,Mailed Check,87.7,274.77,2,No
CUST-101353,Female,1,No,Yes,26-35,Bangalore,14,Yes,Yes,No,No Internet Service,No Internet Service,No Internet Service,No Internet Service,No Internet Service,No Internet Service,Two Year,Yes,Mailed Check,42.1,641.02,0,No
CUST-101354,Female,0,No,Yes,26-35,Kolkata,11,Yes,Yes,Fiber Optic,Yes,No,Yes,No,No,No,Month-to-Month,Yes,Electronic Check,96.6,1025.68,1,No
CUST-101355,Female,0,Yes,No,18-25,Chennai,36,Yes,No,Fiber Optic,No,No,No,No,No,No,Two Year,Yes,Bank Transfer (Auto),83.26,2956.21,1,No
CUST-101356,Female,0,Yes,Yes,18-25,Kolkata,4,Yes,No,DSL,Yes,No,No,Yes,Yes,No,Two Year,Yes,Bank Transfer (Auto),79.06,304.6,1,No
CUST-101357,Male,0,Yes,No,18-25,Hyderabad,72,Yes,Yes,Fiber Optic,No,No,No,No,Yes,No,Two Year,No,Mailed Check,93.62,6737.49,4,Yes
CUST-101358,Female,0,No,No,18-25,Pune,9,Yes,No,Fiber Optic,No,No,Yes,No,No,Yes,Month-to-Month,Yes,Mailed Check,85.89,805.12,3,No
CUST-101359,Male,0,No,No,46-55,Hyderabad,13,Yes,Yes,DSL,No,No,Yes,No,No,Yes,Month-to-Month,No,Mailed Check,86.45,1220.94,1,No
CUST-101360,Female,0,No,No,65+,Hyderabad,7,Yes,Yes,Fiber Optic,Yes,No,Yes,Yes,No,Yes,Month-to-Month,No,Electronic Check,104.83,731.67,1,No
CUST-101361,Female,0,No,Yes,18-25,Chennai,20,Yes,Yes,DSL,Yes,No,No,Yes,No,No,One Year,Yes,Electronic Check,61.32,1228.21,2,No
CUST-101362,Male,0,No,No,18-25,Mumbai,1,Yes,No,Fiber Optic,Yes,No,No,No,No,Yes,One Year,Yes,Electronic Check,89.27,56.69,2,Yes
CUST-101363,Female,0,No,No,18-25,Chennai,3,Yes,No,No,No Internet Service,No Internet Service,No Internet Service,No Internet Service,No Internet Service,No Internet Service,Month-to-Month,Yes,Electronic Check,44.45,94.71,3,No
CUST-101364,Female,0,Yes,No,18-25,Kolkata,32,No,No Phone Service,Fiber Optic,No,No,No,Yes,No,No,One Year,Yes,Bank Transfer (Auto),74.98,2433.22,4,No
CUST-101365,Female,0,No,No,26-35,Mumbai,4,Yes,No,DSL,Yes,No,No,No,No,Yes,Month-to-Month,Yes,Credit Card (Auto),79.35,319.35,1,Yes
CUST-101366,Male,0,Yes,No,18-25,Bangalore,6,No,No Phone Service,Fiber Optic,No,No,Yes,Yes,Yes,No,Month-to-Month,Yes,Mailed Check,106.5,701.35,0,Yes
CUST-101367,Female,0,No,Yes,18-25,Ahmedabad,37,Yes,Yes,No,No Internet Service,No Internet Service,No Internet Service,No Internet Service,No Internet Service,No Internet Service,Month-to-Month,Yes,Credit Card (Auto),39.08,1502.87,0,Yes
CUST-101368,Male,0,No,No,46-55,Bangalore,2,Yes,No,DSL,No,Yes,No,Yes,No,No,Month-to-Month,No,Credit Card (Auto),93.42,230.31,0,No
CUST-101369,Female,0,Yes,No,26-35,Kolkata,13,Yes,Yes,Fiber Optic,No,No,No,Yes,Yes,No,Month-to-Month,Yes,Credit Card (Auto),100.05,1227.6,3,No
CUST-101370,Male,0,No,No,18-25,Chennai,0,No,No Phone Service,Fiber Optic,No,Yes,No,No,Yes,Yes,Month-to-Month,No,Credit Card (Auto),101.21,,3,Yes
CUST-101371,Male,0,Yes,No,18-25,Kolkata,10,Yes,Yes,Fiber Optic,No,Yes,No,Yes,No,No,Two Year,No,Bank Transfer (Auto),96.65,919.76,2,No
CUST-101372,Female,0,No,No,26-35,Mumbai,28,Yes,No,DSL,Yes,No,No,No,Yes,Yes,One Year,No,Bank Transfer (Auto),87.74,2362.52,1,No
CUST-101373,Female,0,Yes,No,18-25,Pune,2,Yes,No,DSL,Yes,No,No,No,No,No,Month-to-Month,Yes,Electronic Check,84.19,179.43,2,No
CUST-101374,Male,0,No,No,18-25,Mumbai,52,Yes,Yes,Fiber Optic,No,No,No,No,No,No,One Year,Yes,Bank Transfer (Auto),70.02,3708.94,1,No
CUST-101375,Male,0,Yes,Yes,26-35,Bangalore,57,Yes,Yes,DSL,No,No,No,No,Yes,Yes,One Year,No,Bank Transfer (Auto),79.65,4575.64,0,No
CUST-101376,Female,0,Yes,No,46-55,Delhi,2,No,No Phone Service,No,No Internet Service,No Internet Service,No Internet Service,No Internet Service,No Internet Service,No Internet Service,Month-to-Month,No,Mailed Check,48.91,53.73,1,No
CUST-101377,Male,1,Yes,No,26-35,Chennai,72,Yes,Yes,Fiber Optic,Yes,Yes,Yes,Yes,No,No,One Year,Yes,Bank Transfer (Auto),97.03,7125.98,1,No
CUST-101378,Female,0,Yes,No,26-35,Pune,8,Yes,No,Fiber Optic,Yes,Yes,No,No,Yes,No,One Year,Yes,Mailed Check,96.18,810.27,1,No
CUST-101379,Female,0,Yes,No,46-55,Bangalore,2,No,No Phone Service,DSL,No,No,Yes,No,Yes,No,One Year,No,Mailed Check,60.13,78.17,2,No
CUST-101380,Female,0,No,No,18-25,Kolkata,0,Yes,Yes,DSL,Yes,Yes,No,No,No,No,One Year,Yes,Mailed Check,72.87,0.0,1,No
CUST-101381,Female,0,Yes,No,18-25,Hyderabad,12,Yes,Yes,Fiber Optic,No,Yes,No,No,Yes,Yes,One Year,No,Bank Transfer (Auto),96.0,1141.77,3,No
CUST-101382,Male,1,Yes,No,26-35,Pune,23,Yes,Yes,Fiber Optic,No,Yes,No,No,Yes,Yes,Month-to-Month,Yes,Credit Card (Auto),87.68,1918.44,1,No
CUST-101383,Female,0,Yes,Yes,18-25,Pune,9,Yes,No,Fiber Optic,Yes,No,No,No,Yes,Yes,Two Year,Yes,Credit Card (Auto),97.59,826.82,2,No
CUST-101384,Male,1,No,Yes,18-25,Mumbai,43,Yes,Yes,DSL,No,Yes,Yes,No,No,No,Month-to-Month,Yes,Credit Card (Auto),76.28,3195.09,1,No
CUST-101385,Female,1,No,No,18-25,Pune,30,Yes,No,DSL,No,No,Yes,No,No,Yes,Two Year,No,Electronic Check,61.68,1812.72,2,No
CUST-101386,Male,1,No,No,18-25,Kolkata,10,No,No Phone Service,Fiber Optic,No,No,Yes,Yes,No,No,Month-to-Month,No,Credit Card (Auto),93.34,906.72,0,Yes
CUST-101387,Female,0,No,Yes,26-35,Mumbai,31,Yes,No,Fiber Optic,Yes,Yes,Yes,No,No,No,Month-to-Month,Yes,Electronic Check,100.45,3070.26,2,Yes
CUST-101388,Male,0,Yes,Yes,26-35,Delhi,67,Yes,Yes,Fiber Optic,Yes,No,Yes,No,Yes,No,One Year,No,Credit Card (Auto),87.22,5958.75,0,No
CUST-101389,Male,0,Yes,No,18-25,Hyderabad,2,Yes,No,No,No Internet Service,No Internet Service,No Internet Service,No Internet Service,No Internet Service,No Internet Service,Month-to-Month,Yes,Electronic Check,47.72,86.1,0,No
CUST-101390,Female,0,Yes,No,18-25,Mumbai,8,Yes,No,Fiber Optic,No,No,Yes,No,No,No,Two Year,Yes,Mailed Check,99.0,858.41,1,No
CUST-101391,Female,0,No,No,18-25,Bangalore,14,Yes,No,DSL,No,No,Yes,Yes,Yes,No,Month-to-Month,No,Bank Transfer (Auto),94.64,1353.42,2,Yes
CUST-101392,Female,0,No,Yes,18-25,Kolkata,16,Yes,Yes,No,No Internet Service,No Internet Service,No Internet Service,No Internet Service,No Internet Service,No Internet Service,One Year,No,Bank Transfer (Auto),57.13,903.73,2,No
CUST-101393,Female,0,No,No,26-35,Mumbai,18,Yes,No,No,No Internet Service,No Internet Service,No Internet Service,No Internet Service,No Internet Service,No Internet Service,Month-to-Month,No,Mailed Check,40.1,697.89,0,Yes
CUST-101394,Male,0,Yes,No,26-35,Mumbai,8,Yes,No,DSL,Yes,Yes,No,No,No,Yes,Month-to-Month,Yes,Bank Transfer (Auto),86.95,763.15,3,Yes
CUST-101395,Female,0,Yes,No,36-45,Mumbai,26,Yes,Yes,Fiber Optic,No,Yes,No,No,No,No,Month-to-Month,No,Bank Transfer (Auto),85.17,2162.61,3,Yes
CUST-101396,Male,0,Yes,No,18-25,Hyderabad,24,Yes,No,No,No Internet Service,No Internet Service,No Internet Service,No Internet Service,No Internet Service,No Internet Service,One Year,Yes,Electronic Check,36.28,839.38,2,No
CUST-101397,Male,0,No,Yes,36-45,Delhi,20,Yes,Yes,DSL,No,No,Yes,No,No,No,One Year,Yes,Bank Transfer (Auto),85.44,1676.71,2,No
CUST-101398,Female,0,Yes,No,26-35,Kolkata,2,Yes,No,DSL,No,Yes,Yes,No,Yes,Yes,One Year,Yes,Electronic Check,90.36,184.46,1,Yes
CUST-101399,Male,1,No,Yes,18-25,Hyderabad,15,Yes,No,Fiber Optic,No,No,No,No,No,No,Two Year,Yes,Bank Transfer (Auto),96.94,1408.66,1,No
CUST-101400,Male,0,Yes,Yes,26-35,Chennai,10,Yes,Yes,Fiber Optic,Yes,No,Yes,Yes,No,No,One Year,Yes,Electronic Check,99.9,1045.84,0,No
CUST-101401,Male,0,No,No,36-45,Delhi,16,Yes,Yes,DSL,No,No,No,No,No,Yes,Two Year,Yes,Bank Transfer (Auto),69.65,1168.14,1,No
CUST-101402,Male,1,No,No,26-35,Hyderabad,61,Yes,Yes,No,No Internet Service,No Internet Service,No Internet Service,No Internet Service,No Internet Service,No Internet Service,Month-to-Month,Yes,Mailed Check,35.53,2131.44,3,No
CUST-101403,Female,0,No,No,36-45,Bangalore,15,Yes,Yes,DSL,No,Yes,No,No,Yes,No,Month-to-Month,No,Electronic Check,91.66,1401.27,3,No
CUST-101404,Female,1,No,No,18-25,Hyderabad,0,Yes,Yes,No,No Internet Service,No Internet Service,No Internet Service,No Internet Service,No Internet Service,No Internet Service,Month-to-Month,No,Mailed Check,46.75,0.0,1,No
CUST-101405,Female,0,No,No,26-35,Chennai,13,Yes,No,DSL,Yes,No,Yes,No,Yes,No,Month-to-Month,No,Bank Transfer (Auto),86.66,1135.52,0,No
CUST-101406,Female,0,No,No,36-45,Bangalore,41,Yes,No,Fiber Optic,No,Yes,No,Yes,Yes,Yes,Month-to-Month,Yes,Credit Card (Auto),121.59,5043.69,0,No
CUST-101407,Male,0,No,Yes,26-35,Mumbai,36,Yes,No,DSL,No,No,No,No,No,No,Month-to-Month,Yes,Credit Card (Auto),65.33,2357.04,0,No
CUST-101408,Male,0,No,No,26-35,Bangalore,17,Yes,No,DSL,Yes,Yes,No,No,No,Yes,One Year,Yes,Bank Transfer (Auto),67.49,1142.08,2,No
CUST-101409,Female,0,No,Yes,26-35,Kolkata,6,Yes,Yes,DSL,No,No,Yes,Yes,Yes,Yes,One Year,Yes,Mailed Check,84.38,620.66,2,Yes
CUST-101410,Female,0,No,No,18-25,Kolkata,15,Yes,Yes,No,No Internet Service,No Internet Service,No Internet Service,No Internet Service,No Internet Service,No Internet Service,Two Year,No,Mailed Check,39.13,604.96,1,No
CUST-101411,Female,0,No,Yes,65+,Kolkata,19,Yes,No,Fiber Optic,Yes,No,No,Yes,No,Yes,Two Year,Yes,Electronic Check,90.73,1681.71,1,Yes
CUST-101412,Male,0,No,No,18-25,Delhi,72,Yes,Yes,Fiber Optic,No,No,No,No,No,No,Month-to-Month,No,Mailed Check,96.94,6933.64,0,No
CUST-101413,Female,1,Yes,No,18-25,Mumbai,24,Yes,Yes,No,No Internet Service,No Internet Service,No Internet Service,No Internet Service,No Internet Service,No Internet Service,Month-to-Month,Yes,Credit Card (Auto),41.28,1104.69,1,No
CUST-101414,Female,1,Yes,No,36-45,Kolkata,28,Yes,Yes,Fiber Optic,No,Yes,Yes,Yes,No,Yes,Month-to-Month,No,Mailed Check,113.73,3147.41,2,No
CUST-101415,Female,0,No,No,36-45,Chennai,16,Yes,No,DSL,No,No,No,No,No,No,Month-to-Month,No,Mailed Check,57.67,887.65,1,No
CUST-101416,Male,0,No,No,18-25,Hyderabad,10,Yes,No,No,No Internet Service,No Internet Service,No Internet Service,No Internet Service,No Internet Service,No Internet Service,Month-to-Month,No,Electronic Check,55.72,558.54,0,Yes
CUST-101417,Male,0,No,No,26-35,Chennai,40,Yes,No,Fiber Optic,No,No,No,No,No,No,One Year,No,Electronic Check,76.26,3086.99,2,No
CUST-101418,Male,0,Yes,No,46-55,Ahmedabad,16,Yes,Yes,No,No Internet Service,No Internet Service,No Internet Service,No Internet Service,No Internet Service,No Internet Service,Month-to-Month,Yes,Electronic Check,44.88,656.05,3,Yes
CUST-101419,Male,0,No,No,36-45,Mumbai,72,Yes,No,Fiber Optic,Yes,No,No,Yes,No,Yes,One Year,Yes,Bank Transfer (Auto),111.76,8032.79,1,No
CUST-101420,Male,1,No,Yes,18-25,Delhi,14,Yes,Yes,No,No Internet Service,No Internet Service,No Internet Service,No Internet Service,No Internet Service,No Internet Service,One Year,No,Mailed Check,52.33,665.55,0,No
CUST-101421,Male,0,Yes,Yes,18-25,Hyderabad,1,Yes,No,Fiber Optic,No,Yes,Yes,No,No,Yes,Month-to-Month,Yes,Bank Transfer (Auto),104.09,96.45,0,No
CUST-101422,Male,0,No,Yes,26-35,Pune,27,Yes,Yes,DSL,No,No,No,No,Yes,No,Month-to-Month,Yes,Bank Transfer (Auto),73.48,2025.04,2,Yes
CUST-101423,Male,0,No,Yes,18-25,Chennai,1,Yes,No,DSL,No,No,No,No,Yes,Yes,Two Year,Yes,Credit Card (Auto),67.37,54.81,1,No
CUST-101424,Female,1,Yes,No,18-25,Delhi,6,Yes,No,DSL,No,No,Yes,Yes,No,No,Month-to-Month,Yes,Bank Transfer (Auto),68.88,511.75,1,No
CUST-101425,Female,0,No,Yes,18-25,Chennai,10,Yes,No,DSL,Yes,Yes,No,No,Yes,No,Month-to-Month,No,Credit Card (Auto),74.71,704.76,4,No
CUST-101426,Male,0,No,Yes,56-65,Hyderabad,32,Yes,No,No,No Internet Service,No Internet Service,No Internet Service,No Internet Service,No Internet Service,No Internet Service,Month-to-Month,No,Mailed Check,45.03,1451.85,2,No
CUST-101427,Male,0,Yes,Yes,18-25,Mumbai,16,Yes,No,DSL,Yes,Yes,Yes,No,No,No,Month-to-Month,No,Mailed Check,83.39,1399.61,5,No
CUST-101428,Female,0,Yes,No,18-25,Chennai,0,Yes,Yes,No,No Internet Service,No Internet Service,No Internet Service,No Internet Service,No Internet Service,No Internet Service,Month-to-Month,No,Credit Card (Auto),42.92,50.45,0,No
CUST-101429,Male,0,No,No,18-25,Bangalore,23,Yes,No,DSL,Yes,No,No,No,Yes,Yes,Two Year,Yes,Electronic Check,99.94,2430.75,1,No
CUST-101430,Male,1,Yes,No,26-35,Kolkata,12,No,No Phone Service,DSL,No,No,No,No,No,Yes,Month-to-Month,No,Electronic Check,72.87,890.63,0,No
CUST-101431,Male,0,Yes,No,26-35,Chennai,61,Yes,No,Fiber Optic,Yes,No,No,Yes,No,No,Month-to-Month,Yes,Mailed Check,88.8,5372.06,2,No
CUST-101432,Female,0,Yes,Yes,18-25,Hyderabad,16,Yes,Yes,No,No Internet Service,No Internet Service,No Internet Service,No Internet Service,No Internet Service,No Internet Service,Month-to-Month,No,Bank Transfer (Auto),45.91,738.75,1,No
CUST-101433,Female,0,No,No,18-25,Kolkata,29,Yes,Yes,Fiber Optic,No,Yes,Yes,Yes,Yes,Yes,One Year,No,Electronic Check,105.88,3028.61,3,No
CUST-101434,Female,0,No,No,18-25,Chennai,5,No,No Phone Service,Fiber Optic,No,No,No,No,No,Yes,Month-to-Month,Yes,Bank Transfer (Auto),94.06,476.33,1,No
CUST-101435,Female,0,No,Yes,36-45,Delhi,34,Yes,No,Fiber Optic,No,Yes,Yes,No,No,No,Month-to-Month,No,Bank Transfer (Auto),97.9,3390.28,2,No
CUST-101436,Female,0,Yes,No,36-45,Bangalore,30,Yes,Yes,Fiber Optic,Yes,No,No,No,No,Yes,One Year,No,Mailed Check,81.6,2482.83,4,No
CUST-101437,Male,0,No,No,18-25,Chennai,56,Yes,Yes,No,No Internet Service,No Internet Service,No Internet Service,No Internet Service,No Internet Service,No Internet Service,Month-to-Month,No,Mailed Check,51.07,2854.7,3,No
CUST-101438,Female,0,Yes,No,18-25,Kolkata,0,Yes,No,Fiber Optic,No,No,No,No,No,No,Month-to-Month,Yes,Mailed Check,92.02,0.0,5,Yes
CUST-101439,Male,0,Yes,No,18-25,Delhi,14,Yes,Yes,No,No Internet Service,No Internet Service,No Internet Service,No Internet Service,No Internet Service,No Internet Service,Month-to-Month,Yes,Electronic Check,38.2,551.06,0,No
CUST-101440,Male,0,Yes,Yes,18-25,Pune,27,Yes,No,Fiber Optic,No,Yes,No,No,No,Yes,One Year,No,Electronic Check,104.98,2860.95,1,No
CUST-101441,Female,1,Yes,Yes,56-65,Chennai,2,Yes,No,No,No Internet Service,No Internet Service,No Internet Service,No Internet Service,No Internet Service,No Internet Service,Two Year,Yes,Electronic Check,54.08,45.46,1,No
CUST-101442,Female,0,No,Yes,26-35,Mumbai,12,Yes,Yes,DSL,Yes,Yes,Yes,No,Yes,No,Month-to-Month,No,Bank Transfer (Auto),79.38,901.6,2,No
CUST-101443,Male,0,No,Yes,18-25,Mumbai,68,No,No Phone Service,Fiber Optic,No,No,Yes,Yes,Yes,No,Month-to-Month,Yes,Bank Transfer (Auto),95.81,6500.6,1,Yes
CUST-101444,Male,0,Yes,Yes,65+,Hyderabad,13,Yes,Yes,DSL,No,No,No,No,No,No,Month-to-Month,No,Mailed Check,50.35,587.97,1,No
CUST-101445,Male,0,No,No,26-35,Bangalore,72,Yes,No,Fiber Optic,No,Yes,No,No,No,Yes,One Year,Yes,Bank Transfer (Auto),95.57,6790.49,1,No
CUST-101446,Female,0,No,Yes,26-35,Mumbai,1,Yes,No,Fiber Optic,No,Yes,No,No,Yes,No,One Year,Yes,Bank Transfer (Auto),86.45,34.92,3,No
CUST-101447,Female,0,No,No,56-65,Mumbai,30,Yes,No,Fiber Optic,No,Yes,Yes,No,Yes,Yes,One Year,Yes,Electronic Check,107.51,3244.43,1,No
CUST-101448,Female,0,Yes,No,56-65,Kolkata,20,Yes,No,Fiber Optic,No,No,No,Yes,Yes,No,One Year,Yes,Electronic Check,105.46,2114.3,1,No
CUST-101449,Female,0,No,No,65+,Delhi,16,Yes,No,Fiber Optic,No,No,Yes,Yes,Yes,Yes,Two Year,No,Credit Card (Auto),102.76,1621.92,2,No
CUST-101450,Female,0,Yes,No,36-45,Bangalore,72,Yes,No,DSL,No,No,No,No,Yes,No,Two Year,No,Bank Transfer (Auto),64.92,4627.43,1,No
CUST-101451,Male,0,No,No,36-45,Bangalore,3,No,No Phone Service,Fiber Optic,No,No,Yes,Yes,No,No,One Year,No,Bank Transfer (Auto),103.08,327.68,2,No
CUST-101452,Female,1,Yes,No,18-25,Mumbai,54,Yes,No,DSL,Yes,No,No,No,No,Yes,Month-to-Month,Yes,Mailed Check,74.84,4057.18,3,No
CUST-101453,Male,0,No,No,18-25,Mumbai,28,Yes,No,No,No Internet Service,No Internet Service,No Internet Service,No Internet Service,No Internet Service,No Internet Service,Month-to-Month,Yes,Bank Transfer (Auto),24.08,736.38,3,No
CUST-101454,Male,0,Yes,No,18-25,Hyderabad,7,Yes,Yes,Fiber Optic,No,No,No,Yes,No,Yes,Month-to-Month,No,Bank Transfer (Auto),104.91,608.8,2,No
CUST-101455,Male,1,Yes,No,46-55,Chennai,55,Yes,No,DSL,No,No,No,No,No,Yes,Month-to-Month,Yes,Electronic Check,62.6,3355.7,1,No
CUST-101456,Female,1,No,Yes,18-25,Kolkata,13,Yes,No,Fiber Optic,Yes,Yes,Yes,No,No,No,One Year,Yes,Credit Card (Auto),97.31,1311.94,3,No
CUST-101457,Female,0,No,No,18-25,Kolkata,40,Yes,No,Fiber Optic,Yes,Yes,Yes,Yes,No,No,Month-to-Month,Yes,Electronic Check,101.31,4076.08,1,Yes
CUST-101458,Female,0,No,No,26-35,Hyderabad,11,Yes,No,DSL,No,Yes,No,No,Yes,No,One Year,No,Electronic Check,83.13,961.14,1,No
CUST-101459,Male,0,No,No,18-25,Delhi,45,Yes,No,Fiber Optic,No,No,No,No,Yes,Yes,Month-to-Month,No,Electronic Check,89.06,3963.09,2,No
CUST-101460,Male,0,Yes,Yes,26-35,Hyderabad,24,Yes,Yes,Fiber Optic,No,No,No,No,No,Yes,One Year,No,Bank Transfer (Auto),92.34,2196.7,2,No
CUST-101461,Male,0,No,No,26-35,Chennai,3,Yes,No,Fiber Optic,No,Yes,Yes,No,Yes,No,Month-to-Month,Yes,Bank Transfer (Auto),99.87,235.73,3,No
CUST-101462,Male,0,Yes,No,18-25,Delhi,25,Yes,No,No,No Internet Service,No Internet Service,No Internet Service,No Internet Service,No Internet Service,No Internet Service,Month-to-Month,Yes,Bank Transfer (Auto),41.79,927.99,1,No
CUST-101463,Male,0,Yes,Yes,26-35,Chennai,5,Yes,No,DSL,No,No,No,No,Yes,Yes,Month-to-Month,No,Credit Card (Auto),71.08,362.38,0,No
CUST-101464,Male,0,No,No,26-35,Delhi,12,Yes,No,No,No Internet Service,No Internet Service,No Internet Service,No Internet Service,No Internet Service,No Internet Service,Two Year,No,Mailed Check,45.36,615.1,0,No
CUST-101465,Female,0,No,No,18-25,Delhi,4,No,No Phone Service,No,No Internet Service,No Internet Service,No Internet Service,No Internet Service,No Internet Service,No Internet Service,Month-to-Month,Yes,Bank Transfer (Auto),32.69,122.38,4,Yes
CUST-101466,Female,0,No,No,18-25,Ahmedabad,0,Yes,No,Fiber Optic,No,No,No,No,No,No,Month-to-Month,Yes,Bank Transfer (Auto),73.41,0.0,1,No
CUST-101467,Female,0,No,No,18-25,Hyderabad,5,Yes,Yes,Fiber Optic,No,Yes,No,No,No,No,Month-to-Month,Yes,Credit Card (Auto),89.55,391.77,2,No
CUST-101468,Female,0,No,No,36-45,Mumbai,18,Yes,No,Fiber Optic,Yes,No,Yes,No,Yes,No,One Year,No,Electronic Check,112.91,2088.07,0,No
CUST-101469,Male,0,Yes,No,36-45,Chennai,15,Yes,No,DSL,Yes,Yes,No,No,No,No,Month-to-Month,Yes,Credit Card (Auto),69.53,1047.0,0,No
CUST-101470,Male,1,Yes,Yes,26-35,Delhi,16,Yes,Yes,DSL,No,No,Yes,No,Yes,No,Two Year,Yes,Electronic Check,81.97,1317.58,1,No
CUST-101471,Female,0,No,No,18-25,Mumbai,6,Yes,No,Fiber Optic,No,No,Yes,No,No,Yes,Month-to-Month,No,Bank Transfer (Auto),102.79,544.54,1,No
CUST-101472,Male,0,Yes,No,18-25,Kolkata,27,Yes,Yes,Fiber Optic,No,No,No,No,No,Yes,Month-to-Month,Yes,Bank Transfer (Auto),96.8,2567.76,1,No
CUST-101473,Female,0,Yes,No,56-65,Bangalore,29,No,No Phone Service,Fiber Optic,No,No,No,No,Yes,No,One Year,Yes,Credit Card (Auto),89.65,2636.59,2,No
CUST-101474,Female,0,Yes,No,18-25,Pune,10,Yes,No,No,No Internet Service,No Internet Service,No Internet Service,No Internet Service,No Internet Service,No Internet Service,Month-to-Month,Yes,Electronic Check,52.88,502.49,0,No
CUST-101475,Female,1,No,Yes,18-25,Kolkata,51,Yes,Yes,No,No Internet Service,No Internet Service,No Internet Service,No Internet Service,No Internet Service,No Internet Service,Two Year,No,Electronic Check,61.52,3104.94,1,No
CUST-101476,Male,0,Yes,No,18-25,Hyderabad,24,Yes,No,Fiber Optic,Yes,Yes,No,No,Yes,Yes,Month-to-Month,Yes,Electronic Check,95.36,2414.12,3,No
CUST-101477,Female,0,No,No,36-45,Mumbai,29,Yes,Yes,Fiber Optic,No,No,Yes,Yes,Yes,Yes,Two Year,Yes,Bank Transfer (Auto),109.96,3192.32,4,No
CUST-101478,Female,0,No,Yes,36-45,Bangalore,7,No,No Phone Service,Fiber Optic,Yes,No,Yes,No,Yes,No,One Year,No,Bank Transfer (Auto),99.76,689.7,3,No
CUST-101479,Female,0,Yes,Yes,56-65,Delhi,0,No,No Phone Service,No,No Internet Service,No Internet Service,No Internet Service,No Internet Service,No Internet Service,No Internet Service,Two Year,Yes,Credit Card (Auto),50.79,,1,No
CUST-101480,Male,0,No,Yes,36-45,Chennai,48,Yes,No,No,No Internet Service,No Internet Service,No Internet Service,No Internet Service,No Internet Service,No Internet Service,Month-to-Month,Yes,Mailed Check,29.02,1359.06,2,No
CUST-101481,Male,0,No,No,18-25,Bangalore,41,Yes,No,Fiber Optic,No,Yes,No,Yes,No,No,Month-to-Month,Yes,Electronic Check,87.96,3602.73,0,Yes
CUST-101482,Female,0,No,Yes,36-45,Bangalore,3,Yes,Yes,Fiber Optic,Yes,No,Yes,Yes,No,No,One Year,Yes,Electronic Check,91.6,371.81,0,No
CUST-101483,Male,0,No,Yes,65+,Chennai,11,Yes,Yes,Fiber Optic,No,No,No,No,No,Yes,One Year,Yes,Electronic Check,100.22,1123.07,0,Yes
CUST-101484,Male,0,Yes,No,26-35,Mumbai,25,Yes,No,DSL,No,No,No,No,Yes,No,Month-to-Month,Yes,Credit Card (Auto),69.14,1648.73,1,No
CUST-101485,Male,1,No,No,18-25,Mumbai,25,No,No Phone Service,DSL,No,No,No,Yes,Yes,No,Month-to-Month,No,Credit Card (Auto),67.03,1653.88,3,No
CUST-101486,Male,0,Yes,Yes,18-25,Kolkata,47,Yes,Yes,DSL,No,Yes,No,Yes,Yes,No,Month-to-Month,Yes,Credit Card (Auto),73.36,3453.13,0,No
CUST-101487,Male,0,No,Yes,36-45,Kolkata,3,Yes,Yes,No,No Internet Service,No Internet Service,No Internet Service,No Internet Service,No Internet Service,No Internet Service,One Year,Yes,Mailed Check,37.62,37.54,0,No
CUST-101488,Male,0,No,Yes,65+,Ahmedabad,13,No,No Phone Service,Fiber Optic,No,No,No,No,No,No,Month-to-Month,No,Electronic Check,86.75,1104.36,1,No
CUST-101489,Male,1,No,Yes,56-65,Delhi,2,Yes,Yes,No,No Internet Service,No Internet Service,No Internet Service,No Internet Service,No Internet Service,No Internet Service,Month-to-Month,Yes,Electronic Check,36.07,24.09,1,No
CUST-101490,Male,0,Yes,Yes,26-35,Bangalore,11,Yes,No,Fiber Optic,Yes,No,No,No,Yes,No,Month-to-Month,No,Bank Transfer (Auto),91.55,987.24,0,No
CUST-101491,Male,0,Yes,No,26-35,Mumbai,0,Yes,No,Fiber Optic,Yes,No,No,No,No,Yes,Month-to-Month,Yes,Credit Card (Auto),85.84,3.5,0,No
CUST-101492,Male,0,Yes,Yes,26-35,Chennai,54,Yes,No,DSL,Yes,Yes,No,No,No,No,Month-to-Month,No,Electronic Check,81.58,4440.25,1,No
CUST-101493,Female,0,Yes,No,26-35,Pune,17,Yes,Yes,No,No Internet Service,No Internet Service,No Internet Service,No Internet Service,No Internet Service,No Internet Service,Two Year,Yes,Electronic Check,37.07,572.5,2,No
CUST-101494,Female,0,Yes,No,56-65,Chennai,45,No,No Phone Service,DSL,No,Yes,No,No,No,Yes,Month-to-Month,Yes,Bank Transfer (Auto),68.29,3068.77,2,No
CUST-101495,Male,0,No,No,36-45,Chennai,1,Yes,No,DSL,No,No,No,Yes,Yes,Yes,Two Year,Yes,Bank Transfer (Auto),96.75,80.39,2,No
CUST-101496,Female,0,Yes,No,18-25,Pune,6,No,No Phone Service,DSL,No,No,No,No,No,No,Month-to-Month,Yes,Electronic Check,65.15,379.89,4,Yes
CUST-101497,Female,0,No,No,18-25,Mumbai,7,Yes,Yes,Fiber Optic,No,No,No,Yes,No,Yes,Month-to-Month,No,Credit Card (Auto),94.61,621.3,2,Yes
CUST-101498,Male,0,Yes,No,26-35,Pune,11,Yes,No,DSL,Yes,Yes,Yes,No,Yes,No,Month-to-Month,No,Electronic Check,91.44,1003.47,0,No
CUST-101499,Male,0,No,No,26-35,Kolkata,38,Yes,No,No,No Internet Service,No Internet Service,No Internet Service,No Internet Service,No Internet Service,No Internet Service,One Year,Yes,Credit Card (Auto),58.1,2232.48,2,No
CUST-101500,Male,0,No,Yes,18-25,Chennai,11,Yes,No,DSL,No,Yes,No,Yes,Yes,No,One Year,Yes,Electronic Check,73.1,734.51,1,No
CUST-101501,Female,0,No,Yes,26-35,Chennai,5,Yes,No,DSL,No,No,No,Yes,No,No,Month-to-Month,Yes,Electronic Check,66.21,417.47,2,Yes
CUST-101502,Female,0,No,No,56-65,Chennai,1,No,No Phone Service,DSL,No,No,Yes,No,Yes,Yes,Month-to-Month,Yes,Electronic Check,79.06,126.14,1,Yes
CUST-101503,Male,0,Yes,No,26-35,Kolkata,1,Yes,No,No,No Internet Service,No Internet Service,No Internet Service,No Internet Service,No Internet Service,No Internet Service,Two Year,Yes,Electronic Check,35.15,0.0,1,No
CUST-101504,Male,0,No,No,26-35,Bangalore,34,Yes,Yes,Fiber Optic,No,Yes,No,Yes,Yes,No,Two Year,Yes,Mailed Check,104.23,3616.16,0,No
CUST-101505,Male,0,Yes,No,36-45,Kolkata,14,Yes,Yes,No,No Internet Service,No Internet Service,No Internet Service,No Internet Service,No Internet Service,No Internet Service,Month-to-Month,No,Bank Transfer (Auto),48.85,759.63,0,No
CUST-101506,Female,0,Yes,No,18-25,Delhi,31,Yes,Yes,No,No Internet Service,No Internet Service,No Internet Service,No Internet Service,No Internet Service,No Internet Service,One Year,No,Mailed Check,45.21,1376.37,1,No
CUST-101507,Female,0,No,No,18-25,Mumbai,27,Yes,No,Fiber Optic,Yes,No,No,No,Yes,No,Month-to-Month,Yes,Bank Transfer (Auto),93.29,2529.11,1,No
CUST-101508,Female,0,No,No,56-65,Mumbai,3,No,No Phone Service,DSL,No,Yes,No,No,No,No,Month-to-Month,No,Mailed Check,59.99,184.49,2,No
CUST-101509,Female,0,No,No,26-35,Mumbai,3,Yes,No,Fiber Optic,No,Yes,No,No,Yes,Yes,Month-to-Month,Yes,Electronic Check,88.09,195.4,1,No
CUST-101510,Male,0,Yes,No,65+,Bangalore,33,Yes,Yes,Fiber Optic,No,No,No,No,No,No,Month-to-Month,Yes,Credit Card (Auto),75.93,2557.04,0,No
CUST-101511,Male,0,Yes,No,46-55,Chennai,30,Yes,Yes,DSL,No,No,Yes,Yes,Yes,Yes,Two Year,Yes,Credit Card (Auto),85.18,2461.36,2,No
CUST-101512,Male,0,Yes,Yes,18-25,Chennai,11,Yes,Yes,No,No Internet Service,No Internet Service,No Internet Service,No Internet Service,No Internet Service,No Internet Service,Month-to-Month,Yes,Electronic Check,45.94,519.81,0,No
CUST-101513,Male,0,Yes,No,18-25,Hyderabad,1,Yes,Yes,Fiber Optic,Yes,Yes,No,No,Yes,No,One Year,No,Mailed Check,92.45,170.85,2,No
CUST-101514,Female,0,Yes,Yes,18-25,Delhi,0,Yes,Yes,No,No Internet Service,No Internet Service,No Internet Service,No Internet Service,No Internet Service,No Internet Service,Two Year,No,Bank Transfer (Auto),34.9,0.0,2,No
CUST-101515,Female,0,Yes,Yes,26-35,Kolkata,8,Yes,Yes,DSL,Yes,No,No,No,Yes,No,Month-to-Month,Yes,Electronic Check,77.52,605.51,1,No
CUST-101516,Male,1,Yes,No,46-55,Delhi,0,Yes,Yes,No,No Internet Service,No Internet Service,No Internet Service,No Internet Service,No Internet Service,No Internet Service,Month-to-Month,No,Bank Transfer (Auto),51.36,56.99,2,Yes
CUST-101517,Male,1,No,Yes,26-35,Kolkata,6,No,No Phone Service,No,No Internet Service,No Internet Service,No Internet Service,No Internet Service,No Internet Service,No Internet Service,One Year,No,Bank Transfer (Auto),54.69,348.26,1,No
CUST-101518,Female,0,Yes,No,36-45,Pune,13,Yes,Yes,No,No Internet Service,No Internet Service,No Internet Service,No Internet Service,No Internet Service,No Internet Service,Month-to-Month,Yes,Electronic Check,46.09,640.84,1,No
CUST-101519,Male,0,No,Yes,26-35,Bangalore,3,Yes,Yes,DSL,No,No,No,No,No,No,Month-to-Month,No,Electronic Check,65.28,161.48,2,No
CUST-101520,Female,0,Yes,No,18-25,Bangalore,2,Yes,Yes,No,No Internet Service,No Internet Service,No Internet Service,No Internet Service,No Internet Service,No Internet Service,Month-to-Month,Yes,Bank Transfer (Auto),51.92,56.8,2,No
CUST-101521,Male,0,No,Yes,26-35,Kolkata,54,Yes,No,Fiber Optic,No,No,Yes,No,No,Yes,Month-to-Month,Yes,Electronic Check,102.74,5537.98,0,No
CUST-101522,Male,0,No,No,18-25,Ahmedabad,21,No,No Phone Service,Fiber Optic,No,No,Yes,Yes,No,No,Two Year,No,Electronic Check,78.77,1667.44,0,No
CUST-101523,Male,0,Yes,Yes,65+,Delhi,65,No,No Phone Service,Fiber Optic,No,Yes,No,No,No,No,One Year,Yes,Bank Transfer (Auto),76.81,5022.64,2,No
CUST-101524,Male,0,No,No,26-35,Chennai,10,Yes,No,DSL,Yes,Yes,No,No,No,Yes,Month-to-Month,No,Bank Transfer (Auto),94.99,972.13,3,No
CUST-101525,Male,0,Yes,No,18-25,Mumbai,27,Yes,No,Fiber Optic,Yes,No,Yes,No,Yes,No,Month-to-Month,Yes,Electronic Check,84.57,2332.33,0,No
CUST-101526,Male,0,No,No,26-35,Mumbai,5,Yes,Yes,Fiber Optic,Yes,No,No,Yes,Yes,No,Two Year,No,Credit Card (Auto),101.21,511.84,3,No
CUST-101527,Male,0,Yes,Yes,26-35,Bangalore,23,Yes,Yes,No,No Internet Service,No Internet Service,No Internet Service,No Internet Service,No Internet Service,No Internet Service,Month-to-Month,Yes,Bank Transfer (Auto),53.56,1179.5,1,No
CUST-101528,Female,0,No,Yes,26-35,Mumbai,3,No,No Phone Service,DSL,No,Yes,No,Yes,No,No,Month-to-Month,Yes,Mailed Check,80.31,173.18,0,No
CUST-101529,Female,0,Yes,Yes,18-25,Ahmedabad,0,Yes,No,No,No Internet Service,No Internet Service,No Internet Service,No Internet Service,No Internet Service,No Internet Service,Two Year,Yes,Mailed Check,39.2,37.92,2,No
CUST-101530,Female,0,Yes,No,18-25,Bangalore,64,Yes,No,Fiber Optic,No,No,No,Yes,No,No,Two Year,Yes,Bank Transfer (Auto),79.11,5113.33,4,No
CUST-101531,Female,0,No,No,18-25,Bangalore,19,Yes,No,Fiber Optic,No,No,No,Yes,No,No,Month-to-Month,No,Electronic Check,82.79,1671.58,3,No
CUST-101532,Female,0,Yes,No,18-25,Bangalore,62,Yes,Yes,Fiber Optic,No,No,Yes,Yes,No,Yes,Month-to-Month,No,Mailed Check,112.85,7117.88,3,No
CUST-101533,Male,1,No,Yes,18-25,Delhi,9,No,No Phone Service,Fiber Optic,No,No,Yes,Yes,No,No,Month-to-Month,Yes,Bank Transfer (Auto),105.66,999.56,0,No
CUST-101534,Male,0,Yes,No,36-45,Mumbai,9,Yes,Yes,Fiber Optic,No,Yes,Yes,No,No,No,Month-to-Month,Yes,Bank Transfer (Auto),91.72,843.81,3,No
CUST-101535,Female,1,No,No,26-35,Chennai,12,Yes,Yes,Fiber Optic,No,Yes,Yes,Yes,Yes,Yes,One Year,Yes,Bank Transfer (Auto),105.61,1246.3,2,Yes
CUST-101536,Male,1,Yes,Yes,18-25,Delhi,29,Yes,Yes,Fiber Optic,Yes,No,No,No,No,Yes,Month-to-Month,Yes,Bank Transfer (Auto),93.55,2669.26,2,No
CUST-101537,Female,0,No,No,36-45,Bangalore,20,Yes,Yes,DSL,Yes,No,No,Yes,Yes,No,Month-to-Month,No,Electronic Check,77.67,1556.74,1,No
CUST-101538,Female,0,No,No,18-25,Bangalore,62,Yes,No,Fiber Optic,No,No,Yes,No,Yes,Yes,Month-to-Month,Yes,Mailed Check,93.03,5762.61,1,No
CUST-101539,Male,0,Yes,Yes,36-45,Bangalore,0,Yes,Yes,Fiber Optic,Yes,No,No,No,No,Yes,Two Year,No,Bank Transfer (Auto),80.1,95.26,3,No
CUST-101540,Male,1,Yes,Yes,36-45,Kolkata,29,Yes,Yes,DSL,No,No,No,No,No,No,Month-to-Month,Yes,Credit Card (Auto),67.02,1972.88,0,No
CUST-101541,Male,0,Yes,Yes,26-35,Hyderabad,9,No,No Phone Service,DSL,No,No,No,Yes,No,No,Month-to-Month,No,Bank Transfer (Auto),54.87,482.34,4,No
CUST-101542,Female,0,No,No,36-45,Hyderabad,4,Yes,Yes,No,No Internet Service,No Internet Service,No Internet Service,No Internet Service,No Internet Service,No Internet Service,Two Year,Yes,Mailed Check,25.32,57.19,1,No
CUST-101543,Male,0,Yes,Yes,26-35,Pune,17,Yes,Yes,DSL,No,Yes,No,No,Yes,Yes,Month-to-Month,No,Credit Card (Auto),79.93,1385.52,1,Yes
CUST-101544,Female,0,Yes,Yes,36-45,Delhi,16,No,No Phone Service,No,No Internet Service,No Internet Service,No Internet Service,No Internet Service,No Internet Service,No Internet Service,Month-to-Month,Yes,Electronic Check,59.43,957.78,1,Yes
CUST-101545,Female,0,Yes,No,26-35,Pune,3,Yes,No,No,No Internet Service,No Internet Service,No Internet Service,No Internet Service,No Internet Service,No Internet Service,Month-to-Month,No,Electronic Check,42.65,105.38,0,No
CUST-101546,Female,0,Yes,Yes,18-25,Delhi,5,Yes,No,DSL,No,No,No,No,No,No,Month-to-Month,Yes,Mailed Check,58.28,257.08,0,No
CUST-101547,Male,0,No,Yes,18-25,Pune,12,Yes,Yes,DSL,No,No,Yes,No,Yes,Yes,Month-to-Month,No,Electronic Check,87.09,1072.54,0,No
CUST-101548,Male,1,No,No,26-35,Mumbai,12,Yes,No,Fiber Optic,Yes,No,Yes,No,No,Yes,Month-to-Month,No,Bank Transfer (Auto),114.17,1349.68,2,No
CUST-101549,Female,0,No,Yes,18-25,Chennai,9,No,No Phone Service,DSL,Yes,No,Yes,No,No,No,Month-to-Month,No,Electronic Check,77.64,682.59,2,Yes
CUST-101550,Male,1,No,No,18-25,Bangalore,3,Yes,Yes,DSL,No,Yes,Yes,No,No,No,Month-to-Month,Yes,Electronic Check,68.32,180.73,1,No
CUST-101551,Male,0,No,No,26-35,Mumbai,0,Yes,Yes,No,No Internet Service,No Internet Service,No Internet Service,No Internet Service,No Internet Service,No Internet Service,Month-to-Month,No,Electronic Check,52.15,141.72,3,No
CUST-101552,Male,0,Yes,No,26-35,Chennai,72,Yes,Yes,DSL,Yes,No,No,No,No,No,Month-to-Month,Yes,Bank Transfer (Auto),55.06,3972.21,2,No
CUST-101553,Female,0,Yes,No,46-55,Chennai,68,Yes,No,No,No Internet Service,No Internet Service,No Internet Service,No Internet Service,No Internet Service,No Internet Service,Month-to-Month,Yes,Credit Card (Auto),42.54,2851.56,0,No
CUST-101554,Female,0,No,Yes,18-25,Delhi,15,Yes,No,No,No Internet Service,No Internet Service,No Internet Service,No Internet Service,No Internet Service,No Internet Service,Month-to-Month,Yes,Credit Card (Auto),52.77,662.91,2,No
CUST-101555,Male,0,No,No,18-25,Ahmedabad,72,Yes,Yes,No,No Internet Service,No Internet Service,No Internet Service,No Internet Service,No Internet Service,No Internet Service,Two Year,No,Electronic Check,32.45,2254.37,0,No
CUST-101556,Female,0,No,No,18-25,Delhi,26,Yes,No,Fiber Optic,No,No,No,No,No,Yes,Month-to-Month,Yes,Bank Transfer (Auto),88.81,2294.41,3,No
CUST-101557,Male,0,Yes,No,36-45,Bangalore,1,Yes,Yes,Fiber Optic,No,No,Yes,No,No,No,Month-to-Month,Yes,Electronic Check,97.96,182.71,1,Yes
CUST-101558,Male,1,Yes,No,18-25,Pune,3,Yes,Yes,No,No Internet Service,No Internet Service,No Internet Service,No Internet Service,No Internet Service,No Internet Service,One Year,No,Electronic Check,52.74,272.56,0,No
CUST-101559,Male,1,Yes,No,18-25,Delhi,59,Yes,Yes,No,No Internet Service,No Internet Service,No Internet Service,No Internet Service,No Internet Service,No Internet Service,Month-to-Month,No,Credit Card (Auto),42.18,2476.71,2,No
CUST-101560,Male,0,No,No,18-25,Ahmedabad,23,Yes,No,Fiber Optic,No,No,No,Yes,No,Yes,One Year,No,Mailed Check,89.55,2077.86,1,No
CUST-101561,Female,0,No,No,36-45,Chennai,44,Yes,Yes,DSL,No,Yes,Yes,No,No,No,One Year,Yes,Electronic Check,83.38,3660.45,0,No
CUST-101562,Female,0,No,No,18-25,Pune,54,Yes,No,DSL,No,No,No,Yes,No,Yes,One Year,No,Mailed Check,72.97,3963.15,3,Yes
CUST-101563,Female,0,Yes,No,26-35,Mumbai,14,Yes,No,Fiber Optic,No,Yes,Yes,Yes,Yes,Yes,One Year,Yes,Electronic Check,108.4,1505.58,1,No
CUST-101564,Male,1,No,No,18-25,Kolkata,1,Yes,No,DSL,No,Yes,No,No,No,No,Month-to-Month,Yes,Mailed Check,79.49,51.63,1,No
CUST-101565,Male,0,Yes,No,65+,Hyderabad,5,Yes,Yes,No,No Internet Service,No Internet Service,No Internet Service,No Internet Service,No Internet Service,No Internet Service,One Year,Yes,Mailed Check,43.64,185.36,1,No
CUST-101566,Male,0,Yes,No,26-35,Pune,1,Yes,Yes,DSL,No,No,Yes,Yes,No,No,Month-to-Month,Yes,Mailed Check,58.84,94.34,0,No
CUST-101567,Female,1,No,No,18-25,Mumbai,5,No,No Phone Service,No,No Internet Service,No Internet Service,No Internet Service,No Internet Service,No Internet Service,No Internet Service,Month-to-Month,Yes,Credit Card (Auto),39.1,260.64,3,No
CUST-101568,Male,0,Yes,No,26-35,Chennai,12,Yes,No,Fiber Optic,No,No,No,No,No,Yes,Two Year,Yes,Bank Transfer (Auto),69.3,809.13,3,No
CUST-101569,Female,1,Yes,Yes,18-25,Chennai,3,Yes,No,DSL,No,No,Yes,No,No,Yes,Month-to-Month,No,Credit Card (Auto),63.1,225.67,0,No
CUST-101570,Female,0,No,No,18-25,Hyderabad,4,Yes,No,No,No Internet Service,No Internet Service,No Internet Service,No Internet Service,No Internet Service,No Internet Service,Two Year,No,Bank Transfer (Auto),33.92,143.51,3,No
CUST-101571,Female,0,No,Yes,26-35,Kolkata,14,Yes,No,DSL,No,Yes,No,Yes,No,No,Month-to-Month,No,Bank Transfer (Auto),72.66,998.12,4,No
CUST-101572,Female,0,Yes,No,18-25,Ahmedabad,9,Yes,No,Fiber Optic,Yes,No,Yes,No,Yes,Yes,Month-to-Month,No,Mailed Check,99.82,932.29,0,No
CUST-101573,Female,0,No,No,18-25,Delhi,15,Yes,Yes,DSL,No,No,Yes,No,Yes,Yes,Month-to-Month,No,Electronic Check,68.33,1092.35,1,No
CUST-101574,Female,0,Yes,Yes,26-35,Mumbai,13,Yes,No,No,No Internet Service,No Internet Service,No Internet Service,No Internet Service,No Internet Service,No Internet Service,One Year,Yes,Bank Transfer (Auto),40.67,487.5,1,No
CUST-101575,Male,0,No,No,26-35,Pune,24,Yes,No,Fiber Optic,Yes,No,No,Yes,No,Yes,Month-to-Month,Yes,Mailed Check,90.47,2155.15,5,Yes
CUST-101576,Male,0,No,No,18-25,Hyderabad,66,Yes,Yes,Fiber Optic,Yes,No,Yes,No,No,Yes,Month-to-Month,Yes,Electronic Check,96.18,6421.22,0,No
CUST-101577,Female,0,No,Yes,26-35,Mumbai,2,Yes,Yes,Fiber Optic,No,No,No,No,No,No,Month-to-Month,Yes,Mailed Check,76.08,150.03,1,No
CUST-101578,Female,0,No,No,18-25,Mumbai,2,Yes,No,DSL,No,No,No,Yes,Yes,Yes,One Year,No,Bank Transfer (Auto),100.55,161.37,3,Yes
CUST-101579,Male,0,Yes,No,26-35,Delhi,45,Yes,Yes,DSL,Yes,No,Yes,Yes,No,No,Month-to-Month,No,Credit Card (Auto),82.54,3722.79,3,No
CUST-101580,Female,0,Yes,Yes,26-35,Mumbai,16,Yes,No,No,No Internet Service,No Internet Service,No Internet Service,No Internet Service,No Internet Service,No Internet Service,Two Year,No,Mailed Check,35.52,568.75,0,No
CUST-101581,Female,0,Yes,No,18-25,Hyderabad,34,Yes,No,Fiber Optic,No,No,Yes,No,No,No,Month-to-Month,No,Bank Transfer (Auto),80.99,2806.44,3,No
CUST-101582,Male,0,Yes,No,56-65,Bangalore,5,Yes,No,DSL,No,No,No,No,Yes,Yes,Month-to-Month,Yes,Credit Card (Auto),67.25,334.07,2,No
CUST-101583,Female,0,No,Yes,36-45,Mumbai,42,Yes,No,No,No Internet Service,No Internet Service,No Internet Service,No Internet Service,No Internet Service,No Internet Service,Month-to-Month,Yes,Electronic Check,61.02,2562.33,0,Yes
CUST-101584,Female,0,Yes,Yes,26-35,Delhi,61,Yes,No,Fiber Optic,Yes,Yes,Yes,No,No,No,Two Year,No,Electronic Check,98.4,5999.81,0,No
CUST-101585,Female,0,Yes,No,18-25,Pune,24,Yes,Yes,DSL,No,No,No,No,No,Yes,Month-to-Month,No,Electronic Check,66.85,1612.78,2,No
CUST-101586,Male,0,Yes,No,36-45,Pune,2,Yes,No,DSL,No,Yes,No,No,No,Yes,Month-to-Month,Yes,Credit Card (Auto),87.53,250.89,1,No
CUST-101587,Male,0,No,Yes,36-45,Mumbai,54,Yes,No,Fiber Optic,No,No,No,No,Yes,No,One Year,Yes,Electronic Check,83.48,4544.16,0,No
CUST-101588,Male,1,Yes,Yes,18-25,Mumbai,37,Yes,No,Fiber Optic,No,Yes,No,No,No,Yes,Month-to-Month,No,Electronic Check,79.27,2880.87,1,Yes
CUST-101589,Female,0,No,No,26-35,Ahmedabad,33,No,No Phone Service,DSL,No,No,No,No,Yes,No,One Year,Yes,Mailed Check,71.72,2380.84,0,No
CUST-101590,Female,0,Yes,No,18-25,Chennai,0,Yes,No,Fiber Optic,Yes,No,No,Yes,Yes,Yes,Month-to-Month,No,Credit Card (Auto),110.18,17.29,1,No
CUST-101591,Male,0,Yes,No,36-45,Chennai,38,Yes,No,Fiber Optic,No,No,No,No,Yes,Yes,Month-to-Month,Yes,Credit Card (Auto),84.88,3244.27,1,No
CUST-101592,Female,0,No,No,26-35,Bangalore,3,Yes,No,No,No Internet Service,No Internet Service,No Internet Service,No Internet Service,No Internet Service,No Internet Service,Month-to-Month,Yes,Mailed Check,38.18,40.55,3,No
CUST-101593,Female,1,No,No,18-25,Hyderabad,6,Yes,Yes,DSL,No,No,No,Yes,No,Yes,Month-to-Month,Yes,Credit Card (Auto),79.79,486.05,2,Yes
CUST-101594,Female,0,No,No,46-55,Hyderabad,20,Yes,Yes,No,No Internet Service,No Internet Service,No Internet Service,No Internet Service,No Internet Service,No Internet Service,One Year,Yes,Electronic Check,59.3,1157.6,2,No
CUST-101595,Female,0,No,No,46-55,Bangalore,7,Yes,No,Fiber Optic,No,No,No,No,No,Yes,One Year,Yes,Electronic Check,98.64,615.61,1,No
CUST-101596,Female,0,Yes,No,36-45,Chennai,25,No,No Phone Service,No,No Internet Service,No Internet Service,No Internet Service,No Internet Service,No Internet Service,No Internet Service,Month-to-Month,No,Credit Card (Auto),42.47,1122.21,1,No
CUST-101597,Male,0,Yes,No,18-25,Hyderabad,22,Yes,No,No,No Internet Service,No Internet Service,No Internet Service,No Internet Service,No Internet Service,No Internet Service,Two Year,Yes,Mailed Check,44.82,971.93,0,No
CUST-101598,Female,0,No,No,36-45,Ahmedabad,2,Yes,Yes,No,No Internet Service,No Internet Service,No Internet Service,No Internet Service,No Internet Service,No Internet Service,Month-to-Month,No,Electronic Check,36.0,58.63,2,No
CUST-101599,Male,0,Yes,No,18-25,Mumbai,25,Yes,No,Fiber Optic,Yes,No,Yes,No,No,Yes,Month-to-Month,Yes,Mailed Check,88.17,2248.36,0,No
CUST-101600,Female,0,No,No,18-25,Kolkata,61,Yes,No,DSL,No,No,Yes,No,No,No,One Year,Yes,Credit Card (Auto),54.59,3381.19,2,No
CUST-101601,Male,0,No,No,18-25,Ahmedabad,4,Yes,No,DSL,No,No,No,No,No,No,One Year,Yes,Credit Card (Auto),69.91,267.2,2,No
CUST-101602,Female,0,Yes,Yes,26-35,Mumbai,21,Yes,No,No,No Internet Service,No Internet Service,No Internet Service,No Internet Service,No Internet Service,No Internet Service,Month-to-Month,Yes,Credit Card (Auto),44.4,933.87,2,No
CUST-101603,Male,0,No,No,18-25,Delhi,10,Yes,Yes,No,No Internet Service,No Internet Service,No Internet Service,No Internet Service,No Internet Service,No Internet Service,One Year,Yes,Bank Transfer (Auto),44.98,399.29,0,No
CUST-101604,Female,0,Yes,No,36-45,Mumbai,14,Yes,No,Fiber Optic,No,No,No,No,No,No,Month-to-Month,Yes,Credit Card (Auto),83.36,1119.92,2,Yes
CUST-101605,Male,0,Yes,Yes,36-45,Delhi,8,Yes,No,No,No Internet Service,No Internet Service,No Internet Service,No Internet Service,No Internet Service,No Internet Service,One Year,Yes,Mailed Check,52.94,488.41,1,No
CUST-101606,Female,1,Yes,No,36-45,Chennai,10,Yes,No,No,No Internet Service,No Internet Service,No Internet Service,No Internet Service,No Internet Service,No Internet Service,Two Year,Yes,Bank Transfer (Auto),30.92,311.47,1,No
CUST-101607,Male,0,No,Yes,56-65,Delhi,0,Yes,Yes,DSL,No,No,No,No,No,Yes,One Year,Yes,Bank Transfer (Auto),69.29,48.5,1,No
CUST-101608,Female,1,Yes,No,26-35,Kolkata,72,Yes,No,Fiber Optic,No,Yes,Yes,No,No,Yes,Month-to-Month,No,Mailed Check,100.31,7214.06,0,No
CUST-101609,Male,0,No,Yes,46-55,Ahmedabad,23,No,No Phone Service,No,No Internet Service,No Internet Service,No Internet Service,No Internet Service,No Internet Service,No Internet Service,One Year,Yes,Electronic Check,42.46,997.59,2,No
CUST-101610,Male,0,No,No,18-25,Mumbai,16,Yes,No,DSL,No,No,No,Yes,No,No,One Year,No,Mailed Check,47.79,677.45,2,No
CUST-101611,Female,0,No,No,46-55,Hyderabad,11,Yes,No,No,No Internet Service,No Internet Service,No Internet Service,No Internet Service,No Internet Service,No Internet Service,Month-to-Month,No,Bank Transfer (Auto),41.89,503.83,3,No
CUST-101612,Female,0,No,Yes,56-65,Mumbai,18,Yes,No,No,No Internet Service,No Internet Service,No Internet Service,No Internet Service,No Internet Service,No Internet Service,Month-to-Month,No,Electronic Check,41.97,754.01,1,Yes
CUST-101613,Male,0,Yes,No,18-25,Chennai,11,Yes,Yes,Fiber Optic,No,No,Yes,Yes,No,No,Two Year,Yes,Electronic Check,98.47,1059.67,4,No
CUST-101614,Female,0,Yes,Yes,18-25,Bangalore,10,Yes,Yes,DSL,No,Yes,Yes,No,No,No,Month-to-Month,No,Electronic Check,73.98,771.23,0,No
CUST-101615,Male,0,Yes,No,18-25,Kolkata,14,Yes,Yes,DSL,No,No,No,No,Yes,No,Month-to-Month,Yes,Electronic Check,80.01,1169.83,1,Yes
CUST-101616,Male,1,No,No,26-35,Ahmedabad,7,Yes,No,No,No Internet Service,No Internet Service,No Internet Service,No Internet Service,No Internet Service,No Internet Service,Month-to-Month,Yes,Bank Transfer (Auto),48.73,320.82,0,Yes
CUST-101617,Male,0,No,Yes,26-35,Hyderabad,4,Yes,No,Fiber Optic,Yes,No,No,Yes,No,No,One Year,Yes,Electronic Check,95.62,322.68,3,Yes
CUST-101618,Female,0,No,No,26-35,Ahmedabad,19,Yes,No,Fiber Optic,No,No,Yes,No,No,No,Two Year,No,Electronic Check,85.71,1711.77,2,No
CUST-101619,Male,0,No,Yes,26-35,Kolkata,44,Yes,Yes,No,No Internet Service,No Internet Service,No Internet Service,No Internet Service,No Internet Service,No Internet Service,One Year,No,Bank Transfer (Auto),48.69,2131.58,1,No
CUST-101620,Male,0,No,No,18-25,Mumbai,3,Yes,Yes,Fiber Optic,No,No,No,No,No,No,Month-to-Month,No,Credit Card (Auto),91.19,177.62,0,Yes
CUST-101621,Female,0,Yes,No,46-55,Bangalore,0,Yes,No,DSL,No,No,Yes,No,No,No,One Year,No,Electronic Check,70.89,0.0,1,No
CUST-101622,Female,0,No,No,18-25,Bangalore,6,Yes,No,Fiber Optic,Yes,Yes,No,Yes,Yes,No,One Year,No,Electronic Check,118.69,734.62,1,No
CUST-101623,Female,1,No,No,36-45,Delhi,72,Yes,Yes,DSL,No,No,Yes,Yes,No,Yes,One Year,No,Credit Card (Auto),68.48,4926.47,0,No
CUST-101624,Female,0,Yes,No,18-25,Pune,42,Yes,No,DSL,Yes,No,No,No,Yes,Yes,Month-to-Month,No,Mailed Check,76.23,3195.21,1,No
CUST-101625,Male,0,No,No,26-35,Delhi,21,Yes,No,Fiber Optic,Yes,No,No,No,Yes,Yes,One Year,No,Credit Card (Auto),122.64,2557.85,1,Yes
CUST-101626,Male,0,Yes,No,18-25,Bangalore,63,Yes,No,No,No Internet Service,No Internet Service,No Internet Service,No Internet Service,No Internet Service,No Internet Service,Month-to-Month,No,Electronic Check,46.97,2938.06,0,No
CUST-101627,Male,1,No,Yes,36-45,Mumbai,14,Yes,No,Fiber Optic,No,No,Yes,Yes,No,No,Month-to-Month,No,Electronic Check,89.59,1190.36,0,Yes
CUST-101628,Male,0,No,No,65+,Hyderabad,72,Yes,No,Fiber Optic,Yes,Yes,No,Yes,Yes,Yes,Month-to-Month,No,Electronic Check,116.66,8334.64,1,No
CUST-101629,Female,0,No,Yes,18-25,Mumbai,8,Yes,Yes,Fiber Optic,Yes,Yes,Yes,No,No,No,Two Year,Yes,Electronic Check,96.68,791.64,0,No
CUST-101630,Male,0,Yes,Yes,18-25,Kolkata,6,Yes,No,DSL,Yes,No,No,No,Yes,No,Month-to-Month,Yes,Credit Card (Auto),85.74,575.96,2,No
CUST-101631,Male,0,No,No,18-25,Pune,24,Yes,No,Fiber Optic,Yes,No,Yes,No,Yes,No,Two Year,Yes,Credit Card (Auto),103.83,2478.13,5,Yes
CUST-101632,Female,0,No,No,18-25,Delhi,11,Yes,Yes,Fiber Optic,Yes,Yes,Yes,No,Yes,Yes,Month-to-Month,No,Credit Card (Auto),108.02,1257.51,2,No
CUST-101633,Male,0,Yes,No,26-35,Mumbai,23,Yes,Yes,No,No Internet Service,No Internet Service,No Internet Service,No Internet Service,No Internet Service,No Internet Service,One Year,Yes,Credit Card (Auto),30.73,761.73,5,No
CUST-101634,Male,0,No,No,18-25,Mumbai,8,Yes,Yes,Fiber Optic,No,Yes,No,Yes,Yes,No,Month-to-Month,Yes,Credit Card (Auto),97.8,775.81,1,No
CUST-101635,Male,0,No,No,18-25,Delhi,23,Yes,No,Fiber Optic,No,No,No,Yes,Yes,No,Month-to-Month,Yes,Bank Transfer (Auto),92.33,2155.49,4,No
CUST-101636,Male,0,No,No,26-35,Hyderabad,7,Yes,Yes,DSL,Yes,No,Yes,No,Yes,No,One Year,Yes,Credit Card (Auto),82.5,601.97,0,No
CUST-101637,Male,0,Yes,Yes,26-35,Pune,1,Yes,No,Fiber Optic,No,Yes,No,Yes,No,No,One Year,No,Electronic Check,92.48,67.23,0,No
CUST-101638,Male,0,No,No,18-25,Mumbai,58,Yes,No,Fiber Optic,No,Yes,No,No,No,No,One Year,Yes,Mailed Check,84.98,4820.95,5,Yes
CUST-101639,Female,0,No,No,65+,Pune,51,Yes,Yes,Fiber Optic,No,No,Yes,No,No,No,One Year,No,Bank Transfer (Auto),99.11,5061.55,0,No
CUST-101640,Female,0,Yes,No,18-25,Hyderabad,72,Yes,No,Fiber Optic,No,No,No,Yes,No,Yes,One Year,Yes,Credit Card (Auto),81.62,5911.71,2,No
CUST-101641,Male,0,Yes,No,18-25,Chennai,30,Yes,No,Fiber Optic,Yes,No,No,No,No,No,Two Year,Yes,Bank Transfer (Auto),82.82,2456.92,0,No
CUST-101642,Male,0,No,No,26-35,Ahmedabad,27,Yes,Yes,Fiber Optic,No,Yes,No,Yes,No,No,Month-to-Month,Yes,Credit Card (Auto),99.7,2792.26,0,No
CUST-101643,Female,0,No,No,18-25,Ahmedabad,19,Yes,Yes,DSL,No,No,No,Yes,Yes,No,Month-to-Month,Yes,Mailed Check,98.81,1929.01,3,No
CUST-101644,Male,1,No,No,36-45,Pune,3,Yes,Yes,DSL,No,No,No,Yes,No,No,Month-to-Month,No,Bank Transfer (Auto),73.78,147.71,3,No
CUST-101645,Male,0,Yes,No,18-25,Chennai,5,No,No Phone Service,Fiber Optic,No,Yes,No,No,No,No,Month-to-Month,Yes,Credit Card (Auto),89.04,435.47,2,No
CUST-101646,Male,0,Yes,No,36-45,Pune,8,Yes,No,No,No Internet Service,No Internet Service,No Internet Service,No Internet Service,No Internet Service,No Internet Service,One Year,Yes,Electronic Check,60.5,442.01,1,No
CUST-101647,Female,0,Yes,Yes,18-25,Chennai,53,Yes,No,No,No Internet Service,No Internet Service,No Internet Service,No Internet Service,No Internet Service,No Internet Service,Month-to-Month,Yes,Credit Card (Auto),58.13,3062.52,0,No
CUST-101648,Male,0,Yes,Yes,18-25,Mumbai,4,Yes,No,No,No Internet Service,No Internet Service,No Internet Service,No Internet Service,No Internet Service,No Internet Service,Month-to-Month,Yes,Mailed Check,44.15,209.31,3,No
CUST-101649,Female,0,No,Yes,36-45,Ahmedabad,61,Yes,No,Fiber Optic,No,No,No,Yes,No,No,Month-to-Month,No,Bank Transfer (Auto),83.77,5097.38,2,No
CUST-101650,Male,0,No,No,18-25,Chennai,17,Yes,No,DSL,No,No,Yes,No,No,No,One Year,Yes,Credit Card (Auto),83.76,1395.4,4,No
CUST-101651,Female,0,No,No,46-55,Hyderabad,30,Yes,Yes,Fiber Optic,Yes,Yes,No,No,No,No,Month-to-Month,Yes,Mailed Check,71.25,2142.2,3,No
CUST-101652,Female,0,Yes,No,18-25,Bangalore,2,Yes,No,No,No Internet Service,No Internet Service,No Internet Service,No Internet Service,No Internet Service,No Internet Service,Month-to-Month,Yes,Mailed Check,32.14,102.27,1,Yes
CUST-101653,Male,0,No,Yes,18-25,Delhi,7,Yes,No,Fiber Optic,No,No,No,No,No,No,One Year,No,Mailed Check,92.08,682.05,2,No
CUST-101654,Female,0,Yes,No,18-25,Hyderabad,72,Yes,Yes,Fiber Optic,No,No,No,Yes,No,No,One Year,Yes,Electronic Check,86.81,6281.09,4,No
CUST-101655,Male,0,Yes,No,46-55,Pune,7,Yes,No,DSL,No,No,No,Yes,No,Yes,Month-to-Month,No,Mailed Check,70.27,560.4,1,No
CUST-101656,Female,0,No,No,26-35,Delhi,8,Yes,No,DSL,No,No,No,No,Yes,No,One Year,No,Electronic Check,57.8,457.88,3,No
CUST-101657,Male,1,No,No,18-25,Kolkata,5,Yes,No,DSL,No,No,Yes,No,No,Yes,Month-to-Month,Yes,Credit Card (Auto),65.88,311.34,4,No
CUST-101658,Male,1,No,No,46-55,Delhi,3,Yes,No,Fiber Optic,No,Yes,No,No,No,No,Two Year,Yes,Electronic Check,103.13,301.62,1,Yes
CUST-101659,Female,0,Yes,Yes,56-65,Kolkata,6,Yes,Yes,Fiber Optic,Yes,No,Yes,Yes,Yes,No,Month-to-Month,No,Mailed Check,115.22,650.85,0,No
CUST-101660,Male,0,No,Yes,26-35,Hyderabad,24,Yes,No,No,No Internet Service,No Internet Service,No Internet Service,No Internet Service,No Internet Service,No Internet Service,Two Year,No,Credit Card (Auto),44.85,,1,No
CUST-101661,Male,0,No,Yes,18-25,Kolkata,14,Yes,Yes,No,No Internet Service,No Internet Service,No Internet Service,No Internet Service,No Internet Service,No Internet Service,Two Year,No,Credit Card (Auto),57.96,848.38,1,No
CUST-101662,Female,0,No,No,18-25,Bangalore,19,No,No Phone Service,DSL,No,No,Yes,No,No,No,One Year,Yes,Bank Transfer (Auto),70.45,1380.08,2,No
CUST-101663,Male,0,Yes,Yes,18-25,Bangalore,3,Yes,Yes,DSL,Yes,No,No,No,Yes,No,Month-to-Month,No,Bank Transfer (Auto),70.59,79.48,3,Yes
CUST-101664, Male ,0,No,No,46-55,Chennai,38,Yes,Yes,Fiber Optic,No,No,No,No,No,Yes,Month-to-Month,Yes,Electronic Check,91.09,3508.43,1,No
CUST-101665,Female,0,No,No,18-25,Bangalore,36,Yes,Yes,Fiber Optic,No,No,No,Yes,Yes,No,Month-to-Month,Yes,Mailed Check,92.99,3327.08,4,No
CUST-101666,Female,0,No,No,18-25,Ahmedabad,0,Yes,Yes,Fiber Optic,No,Yes,No,Yes,No,No,Two Year,No,Electronic Check,101.73,,0,Yes
CUST-101667,Male,0,Yes,No,18-25,Pune,11,Yes,Yes,DSL,Yes,Yes,No,Yes,Yes,Yes,One Year,No,Credit Card (Auto),89.76,971.01,4,No
CUST-101668,Male,0,Yes,Yes,18-25,Bangalore,1,Yes,No,DSL,Yes,No,No,Yes,No,No,Two Year,No,Electronic Check,71.41,8.3,0,No
CUST-101669,Female,0,Yes,No,36-45,Delhi,37,Yes,No,DSL,Yes,Yes,No,No,Yes,Yes,One Year,No,Bank Transfer (Auto),78.9,2910.9,0,No
CUST-101670,Female,0,Yes,No,18-25,Hyderabad,32,Yes,Yes,Fiber Optic,No,Yes,Yes,No,No,No,Month-to-Month,Yes,Mailed Check,90.82,3001.99,0,No
CUST-101671,Male,1,No,Yes,18-25,Chennai,55,Yes,No,Fiber Optic,Yes,Yes,No,No,Yes,No,Month-to-Month,Yes,Mailed Check,98.24,5325.82,4,No
CUST-101672,Female,0,Yes,No,18-25,Ahmedabad,6,No,No Phone Service,Fiber Optic,No,Yes,No,No,Yes,Yes,Month-to-Month,No,Bank Transfer (Auto),110.53,694.1,0,No
CUST-101673,Male,0,Yes,No,26-35,Pune,14,No,No Phone Service,DSL,No,No,No,No,Yes,No,Month-to-Month,Yes,Credit Card (Auto),78.25,1144.23,1,No
CUST-101674,Male,1,Yes,No,56-65,Delhi,4,Yes,No,Fiber Optic,No,No,Yes,No,No,No,One Year,Yes,Electronic Check,95.28,410.22,1,Yes
CUST-101675,Male,1,Yes,No,26-35,Delhi,11,Yes,No,DSL,No,Yes,No,No,Yes,Yes,Two Year,Yes,Mailed Check,70.06,847.35,4,No
CUST-101676,Male,0,Yes,No,18-25,Hyderabad,17,Yes,No,DSL,No,Yes,No,No,No,Yes,One Year,No,Electronic Check,83.16,1462.8,0,Yes
CUST-101677,Male,0,No,No,18-25,Mumbai,1,Yes,No,Fiber Optic,Yes,Yes,Yes,No,No,No,Two Year,Yes,Electronic Check,92.83,126.38,0,No
CUST-101678,Female,0,No,Yes,18-25,Chennai,30,Yes,Yes,Fiber Optic,No,No,No,No,No,Yes,Two Year,No,Bank Transfer (Auto),81.94,2510.1,1,No
CUST-101679,Female,0,Yes,Yes,26-35,Mumbai,18,No,No Phone Service,DSL,Yes,No,Yes,No,No,Yes,Month-to-Month,Yes,Electronic Check,77.1,1437.39,0,No
CUST-101680,Female,0,Yes,Yes,46-55,Hyderabad,42,Yes,No,Fiber Optic,Yes,Yes,No,No,Yes,Yes,Month-to-Month,No,Electronic Check,106.13,4440.01,2,Yes
CUST-101681,Female,0,Yes,No,65+,Ahmedabad,7,Yes,Yes,DSL,No,No,No,No,No,Yes,One Year,Yes,Credit Card (Auto),59.98,451.42,3,No
CUST-101682,Male,0,Yes,No,18-25,Kolkata,56,Yes,No,DSL,Yes,Yes,Yes,No,No,Yes,Month-to-Month,No,Bank Transfer (Auto),80.15,4474.75,1,No
CUST-101683,Male,0,No,No,46-55,Kolkata,72,Yes,Yes,Fiber Optic,No,Yes,No,Yes,No,No,Month-to-Month,Yes,Electronic Check,107.57,7678.34,1,No
CUST-101684,Male,0,No,No,18-25,Pune,60,Yes,Yes,DSL,No,No,No,No,No,No,Month-to-Month,Yes,Electronic Check,48.6,3007.84,1,No
CUST-101685,Male,0,No,No,26-35,Ahmedabad,36,Yes,Yes,No,No Internet Service,No Internet Service,No Internet Service,No Internet Service,No Internet Service,No Internet Service,Two Year,Yes,Electronic Check,48.04,1701.77,0,No
CUST-101686,Female,0,No,No,18-25,Ahmedabad,40,Yes,No,DSL,Yes,Yes,No,Yes,Yes,No,Month-to-Month,No,Mailed Check,93.96,3813.17,4,No
CUST-101687,Male,0,Yes,No,18-25,Delhi,20,No,No Phone Service,No,No Internet Service,No Internet Service,No Internet Service,No Internet Service,No Internet Service,No Internet Service,One Year,No,Bank Transfer (Auto),57.64,1179.54,3,No
CUST-101688,Male,0,No,Yes,18-25,Delhi,5,No,No Phone Service,Fiber Optic,Yes,Yes,No,No,Yes,No,Two Year,Yes,Bank Transfer (Auto),91.38,412.1,0,Yes
CUST-101689,Female,0,No,No,18-25,Ahmedabad,27,Yes,No,DSL,Yes,No,No,No,Yes,No,One Year,No,Electronic Check,70.55,1866.06,2,No
CUST-101690,Female,0,No,No,36-45,Delhi,29,Yes,Yes,DSL,No,Yes,Yes,No,No,Yes,One Year,No,Bank Transfer (Auto),70.02,2050.45,1,No
CUST-101691,Female,1,Yes,Yes,65+,Bangalore,72,Yes,Yes,No,No Internet Service,No Internet Service,No Internet Service,No Internet Service,No Internet Service,No Internet Service,One Year,Yes,Mailed Check,42.81,3102.29,1,No
CUST-101692,Female,0,No,No,18-25,Mumbai,18,Yes,Yes,Fiber Optic,No,No,No,No,Yes,No,Month-to-Month,No,Mailed Check,78.53,1394.73,2,Yes
CUST-101693,Male,0,No,No,36-45,Kolkata,7,Yes,No,Fiber Optic,Yes,Yes,Yes,No,Yes,No,Month-to-Month,Yes,Credit Card (Auto),99.59,618.04,1,Yes
CUST-101694,Male,0,No,Yes,26-35,Mumbai,27,Yes,No,Fiber Optic,No,Yes,No,No,No,No,Two Year,Yes,Electronic Check,81.62,2243.9,1,Yes
CUST-101695,Female,0,Yes,Yes,18-25,Hyderabad,72,Yes,No,No,No Internet Service,No Internet Service,No Internet Service,No Internet Service,No Internet Service,No Internet Service,Month-to-Month,Yes,Electronic Check,42.4,2906.55,1,No
CUST-101696,Male,0,No,Yes,18-25,Delhi,4,Yes,Yes,Fiber Optic,No,Yes,Yes,No,No,No,One Year,No,Credit Card (Auto),85.16,358.05,2,No
CUST-101697,Male,0,No,No,26-35,Mumbai,9,Yes,No,No,No Internet Service,No Internet Service,No Internet Service,No Internet Service,No Internet Service,No Internet Service,Month-to-Month,Yes,Electronic Check,40.95,425.19,0,No
CUST-101698,Male,0,No,No,36-45,Delhi,18,Yes,No,Fiber Optic,No,No,No,No,No,Yes,Month-to-Month,Yes,Electronic Check,84.48,1428.18,1,Yes
CUST-101699,Female,0,No,No,18-25,Chennai,4,No,No Phone Service,Fiber Optic,No,No,Yes,No,No,Yes,Two Year,No,Bank Transfer (Auto),99.01,404.04,3,No
CUST-101700,Male,1,No,No,26-35,Mumbai,0,No,No Phone Service,Fiber Optic,No,No,Yes,No,Yes,No,One Year,No,Bank Transfer (Auto),90.87,0.0,0,Yes
CUST-101701,Female,0,Yes,No,18-25,Kolkata,9,Yes,No,DSL,Yes,No,No,No,No,No,Month-to-Month,No,Credit Card (Auto),76.31,696.54,1,No
CUST-101702,Male,0,No,No,36-45,Chennai,48,Yes,Yes,No,No Internet Service,No Internet Service,No Internet Service,No Internet Service,No Internet Service,No Internet Service,Two Year,Yes,Electronic Check,37.05,1827.29,1,No
CUST-101703,Male,1,Yes,No,18-25,Mumbai,1,Yes,No,Fiber Optic,No,No,No,No,No,Yes,One Year,Yes,Mailed Check,88.67,21.35,1,No
CUST-101704,Male,0,No,No,36-45,Bangalore,13,Yes,Yes,No,No Internet Service,No Internet Service,No Internet Service,No Internet Service,No Internet Service,No Internet Service,Month-to-Month,No,Electronic Check,52.86,676.01,4,No
CUST-101705,Female,0,Yes,No,18-25,Pune,34,Yes,No,Fiber Optic,Yes,No,No,Yes,No,No,One Year,No,Bank Transfer (Auto),93.36,3166.02,3,No
CUST-101706,Male,0,No,No,26-35,Ahmedabad,72,Yes,Yes,DSL,No,Yes,Yes,Yes,No,No,Month-to-Month,No,Electronic Check,74.5,5266.56,1,Yes
CUST-101707,Female,0,No,No,36-45,Chennai,72,Yes,Yes,DSL,Yes,Yes,No,No,Yes,No,One Year,No,Bank Transfer (Auto),80.81,5847.0,1,No
CUST-101708,Female,0,No,No,18-25,Chennai,13,Yes,No,Fiber Optic,Yes,No,Yes,Yes,No,Yes,Month-to-Month,No,Electronic Check,124.41,1698.76,3,Yes
CUST-101709,Female,0,No,Yes,18-25,Kolkata,72,Yes,No,Fiber Optic,Yes,Yes,No,Yes,No,Yes,Month-to-Month,No,Electronic Check,112.52,8134.97,1,No
CUST-101710,Male,0,No,Yes,56-65,Bangalore,0,Yes,No,Fiber Optic,Yes,No,No,No,No,No,One Year,Yes,Mailed Check,102.84,6.49,2,No
CUST-101711,Male,0,No,No,18-25,Pune,32,Yes,Yes,Fiber Optic,No,No,No,No,Yes,No,Two Year,Yes,Credit Card (Auto),74.62,2432.14,1,No
CUST-101712,Male,0,Yes,Yes,46-55,Hyderabad,24,Yes,Yes,No,No Internet Service,No Internet Service,No Internet Service,No Internet Service,No Internet Service,No Internet Service,One Year,Yes,Credit Card (Auto),46.91,1096.09,2,Yes
CUST-101713,Male,0,Yes,No,26-35,Chennai,6,Yes,No,No,No Internet Service,No Internet Service,No Internet Service,No Internet Service,No Internet Service,No Internet Service,Month-to-Month,No,Credit Card (Auto),54.0,279.93,3,No
CUST-101714,Female,0,Yes,No,18-25,Kolkata,16,Yes,Yes,DSL,No,Yes,No,No,No,Yes,Two Year,No,Mailed Check,77.19,1260.72,1,No
CUST-101715,Female,0,Yes,Yes,26-35,Pune,3,Yes,No,DSL,No,No,Yes,Yes,No,No,One Year,Yes,Electronic Check,75.65,238.4,2,No
CUST-101716,Female,0,No,Yes,26-35,Mumbai,49,Yes,No,Fiber Optic,No,No,No,Yes,No,Yes,One Year,Yes,Electronic Check,95.32,4686.37,2,No
CUST-101717,Male,0,No,Yes,18-25,Ahmedabad,10,Yes,No,Fiber Optic,No,No,No,Yes,No,No,Month-to-Month,No,Bank Transfer (Auto),99.71,954.16,2,Yes
CUST-101718,Female,0,No,Yes,36-45,Mumbai,23,Yes,No,No,No Internet Service,No Internet Service,No Internet Service,No Internet Service,No Internet Service,No Internet Service,Two Year,Yes,Electronic Check,31.07,639.36,1,No
CUST-101719,Male,0,Yes,No,18-25,Pune,4,Yes,Yes,DSL,No,No,Yes,Yes,No,No,Two Year,Yes,Electronic Check,72.15,236.64,4,No
CUST-101720,Female,0,Yes,No,18-25,Delhi,5,Yes,No,DSL,No,No,No,No,Yes,Yes,One Year,Yes,Electronic Check,86.14,388.06,1,Yes
CUST-101721,Male,0,No,No,26-35,Pune,72,Yes,No,DSL,Yes,No,Yes,Yes,No,Yes,Two Year,No,Mailed Check,80.8,5715.54,2,No
CUST-101722,Male,1,No,No,36-45,Mumbai,33,Yes,No,Fiber Optic,No,No,No,No,No,Yes,Month-to-Month,Yes,Electronic Check,87.63,2915.55,2,Yes
CUST-101723,Female,0,Yes,No,26-35,Delhi,72,Yes,Yes,Fiber Optic,Yes,No,No,No,Yes,Yes,Two Year,Yes,Electronic Check,81.1,5774.73,2,Yes
CUST-101724,Female,0,No,No,18-25,Mumbai,8,Yes,Yes,No,No Internet Service,No Internet Service,No Internet Service,No Internet Service,No Internet Service,No Internet Service,Month-to-Month,No,Mailed Check,32.98,196.61,2,No
CUST-101725,Female,0,No,No,26-35,Pune,4,Yes,No,DSL,No,Yes,No,Yes,No,No,Month-to-Month,Yes,Mailed Check,83.16,319.54,0,Yes
CUST-101726,Female,0,Yes,No,36-45,Delhi,16,Yes,No,No,No Internet Service,No Internet Service,No Internet Service,No Internet Service,No Internet Service,No Internet Service,One Year,Yes,Bank Transfer (Auto),38.29,567.34,0,No
CUST-101727,Male,0,No,Yes,18-25,Ahmedabad,16,Yes,No,Fiber Optic,No,No,No,No,Yes,Yes,One Year,No,Bank Transfer (Auto),91.53,1385.59,3,Yes
CUST-101728,Female,0,Yes,Yes,26-35,Bangalore,4,Yes,No,Fiber Optic,No,No,No,No,No,No,Month-to-Month,No,Electronic Check,90.47,288.52,2,Yes
CUST-101729,Female,0,No,Yes,18-25,Pune,31,Yes,No,Fiber Optic,No,No,No,No,No,No,Month-to-Month,Yes,Credit Card (Auto),88.44,2768.42,0,No
CUST-101730,Female,0,Yes,Yes,65+,Kolkata,10,Yes,Yes,DSL,No,No,Yes,Yes,No,No,Month-to-Month,Yes,Electronic Check,100.9,992.18,0,Yes
CUST-101731,Male,0,Yes,No,26-35,Ahmedabad,4,Yes,Yes,DSL,No,Yes,Yes,No,No,Yes,Month-to-Month,Yes,Mailed Check,68.54,198.48,4,No
CUST-101732,Male,0,No,Yes,46-55,Bangalore,9,Yes,No,Fiber Optic,No,No,Yes,Yes,Yes,Yes,Month-to-Month,Yes,Bank Transfer (Auto),117.73,1132.37,3,No
CUST-101733,Female,1,Yes,No,18-25,Chennai,19,Yes,No,DSL,No,Yes,No,No,No,No,Month-to-Month,Yes,Credit Card (Auto),61.76,1137.88,1,No
CUST-101734,Male,0,No,No,36-45,Bangalore,31,Yes,No,DSL,No,Yes,No,No,Yes,No,Month-to-Month,Yes,Bank Transfer (Auto),76.04,2383.73,0,No
CUST-101735,Female,0,Yes,No,18-25,Delhi,15,Yes,No,Fiber Optic,Yes,No,No,Yes,No,No,Two Year,Yes,Electronic Check,93.98,1404.3,4,Yes
CUST-101736,Male,0,Yes,No,18-25,Chennai,17,Yes,No,Fiber Optic,Yes,No,No,No,No,No,One Year,No,Mailed Check,96.33,1642.51,1,Yes
CUST-101737,Male,0,Yes,Yes,18-25,Bangalore,3,Yes,Yes,Fiber Optic,No,No,No,No,No,No,Month-to-Month,Yes,Mailed Check,81.57,245.75,1,Yes
CUST-101738,Male,0,No,No,26-35,Hyderabad,59,Yes,No,Fiber Optic,No,No,Yes,Yes,No,No,Two Year,No,Mailed Check,97.47,5681.79,1,No
CUST-101739,Male,0,No,Yes,26-35,Delhi,63,Yes,Yes,DSL,No,No,No,No,Yes,No,One Year,Yes,Electronic Check,61.29,3973.47,5,No
CUST-101740,Female,0,Yes,No,18-25,Pune,27,Yes,Yes,Fiber Optic,No,No,No,Yes,No,No,Month-to-Month,No,Mailed Check,75.47,1999.66,1,No
CUST-101741,Female,0,No,No,18-25,Ahmedabad,0,Yes,No,Fiber Optic,Yes,No,No,No,No,Yes,Month-to-Month,Yes,Electronic Check,81.04,41.27,0,No
CUST-101742,Female,0,No,No,26-35,Hyderabad,18,Yes,No,Fiber Optic,No,Yes,No,No,No,No,Month-to-Month,Yes,Bank Transfer (Auto),95.18,1673.7,3,No
CUST-101743,Male,0,No,No,26-35,Hyderabad,23,Yes,No,Fiber Optic,No,Yes,No,No,No,No,Month-to-Month,No,Bank Transfer (Auto),83.91,1874.66,2,No
CUST-101744,Female,0,No,No,18-25,Kolkata,72,Yes,No,No,No Internet Service,No Internet Service,No Internet Service,No Internet Service,No Internet Service,No Internet Service,Month-to-Month,No,Electronic Check,43.02,3165.9,3,No
CUST-101745,Female,1,No,Yes,26-35,Mumbai,72,Yes,Yes,Fiber Optic,No,No,No,No,Yes,No,Month-to-Month,Yes,Credit Card (Auto),78.93,5760.8,2,No
CUST-101746,Female,0,No,Yes,46-55,Bangalore,46,Yes,Yes,DSL,No,No,No,No,Yes,Yes,Month-to-Month,No,Bank Transfer (Auto),78.13,3616.66,2,No
CUST-101747,Male,0,Yes,No,18-25,Delhi,1,Yes,Yes,Fiber Optic,No,No,Yes,No,No,No,One Year,No,Electronic Check,89.67,130.02,3,No
CUST-101748,Male,0,Yes,No,36-45,Hyderabad,72,Yes,Yes,No,No Internet Service,No Internet Service,No Internet Service,No Internet Service,No Internet Service,No Internet Service,Month-to-Month,Yes,Electronic Check,58.29,4134.17,1,No
CUST-101749,Male,1,Yes,No,46-55,Chennai,22,Yes,Yes,No,No Internet Service,No Internet Service,No Internet Service,No Internet Service,No Internet Service,No Internet Service,One Year,Yes,Bank Transfer (Auto),37.61,860.39,1,No
CUST-101750,Female,0,Yes,Yes,26-35,Ahmedabad,38,Yes,Yes,Fiber Optic,Yes,No,No,Yes,No,No,One Year,No,Mailed Check,91.0,3490.45,1,No
CUST-101751,Female,0,No,No,18-25,Kolkata,12,Yes,No,No,No Internet Service,No Internet Service,No Internet Service,No Internet Service,No Internet Service,No Internet Service,Two Year,Yes,Credit Card (Auto),49.62,617.37,0,No
CUST-101752,Female,0,Yes,No,18-25,Chennai,9,Yes,Yes,Fiber Optic,Yes,No,Yes,No,No,No,Month-to-Month,Yes,Electronic Check,77.58,780.55,1,Yes
CUST-101753,Male,0,Yes,No,36-45,Pune,14,Yes,No,Fiber Optic,No,Yes,No,No,Yes,No,Two Year,Yes,Electronic Check,89.11,1133.53,2,No
CUST-101754,Male,0,No,No,26-35,Chennai,3,Yes,No,Fiber Optic,No,Yes,No,Yes,No,Yes,Two Year,No,Credit Card (Auto),84.08,243.28,2,No
CUST-101755,Female,0,Yes,No,18-25,Hyderabad,10,Yes,No,Fiber Optic,No,No,No,No,Yes,No,One Year,No,Credit Card (Auto),85.4,928.11,0,No
CUST-101756,Male,1,Yes,Yes,18-25,Mumbai,46,Yes,No,Fiber Optic,No,No,No,Yes,No,Yes,One Year,No,Electronic Check,90.78,4120.26,1,No
CUST-101757,Male,0,Yes,No,26-35,Mumbai,0,Yes,No,Fiber Optic,No,No,Yes,No,Yes,No,Month-to-Month,Yes,Bank Transfer (Auto),98.04,32.48,1,Yes
CUST-101758,Male,0,No,Yes,26-35,Kolkata,3,Yes,Yes,Fiber Optic,No,No,No,No,No,Yes,Two Year,Yes,Electronic Check,91.8,251.11,1,No
CUST-101759,Male,0,Yes,Yes,65+,Delhi,3,Yes,No,DSL,No,No,No,No,No,No,Month-to-Month,Yes,Bank Transfer (Auto),63.59,195.19,1,No
CUST-101760,Female,0,Yes,No,18-25,Bangalore,12,No,No Phone Service,Fiber Optic,No,Yes,No,No,No,No,One Year,No,Credit Card (Auto),78.27,886.37,0,Yes
CUST-101761,Male,1,No,No,18-25,Bangalore,72,Yes,Yes,Fiber Optic,Yes,No,No,No,No,No,Month-to-Month,Yes,Electronic Check,82.98,6087.71,1,No
CUST-101762,Male,0,No,No,56-65,Mumbai,4,Yes,No,DSL,Yes,Yes,Yes,Yes,Yes,No,Month-to-Month,No,Electronic Check,99.54,340.8,1,Yes
CUST-101763,Male,0,No,No,18-25,Ahmedabad,3,Yes,No,DSL,Yes,Yes,No,No,No,Yes,One Year,No,Electronic Check,71.61,208.32,1,Yes
CUST-101764,Male,0,No,No,36-45,Mumbai,59,Yes,Yes,Fiber Optic,No,Yes,No,No,No,No,Two Year,No,Electronic Check,75.37,4433.86,2,No
CUST-101765,Female,0,Yes,Yes,36-45,Ahmedabad,51,Yes,No,Fiber Optic,No,Yes,No,No,No,Yes,Month-to-Month,No,Electronic Check,72.72,3762.44,3,Yes
CUST-101766,Female,0,Yes,No,18-25,Pune,0,Yes,No,DSL,No,No,No,No,No,No,Two Year,Yes,Credit Card (Auto),55.02,3.49,2,No
CUST-101767,Male,0,Yes,Yes,18-25,Ahmedabad,33,Yes,No,Fiber Optic,No,No,No,No,Yes,No,One Year,Yes,Electronic Check,82.24,2635.09,0,No
CUST-101768,Male,0,Yes,No,46-55,Mumbai,25,Yes,Yes,No,No Internet Service,No Internet Service,No Internet Service,No Internet Service,No Internet Service,No Internet Service,Month-to-Month,No,Mailed Check,33.31,800.58,1,No
CUST-101769,Male,1,Yes,No,26-35,Bangalore,35,Yes,No,Fiber Optic,No,No,No,Yes,No,No,Month-to-Month,Yes,Credit Card (Auto),89.41,3021.24,4,No
CUST-101770,Male,0,Yes,No,36-45,Ahmedabad,16,Yes,Yes,Fiber Optic,No,No,Yes,No,Yes,Yes,One Year,Yes,Mailed Check,102.46,1643.0,0,No
CUST-101771,Male,1,No,No,36-45,Chennai,72,Yes,No,DSL,Yes,No,No,No,No,Yes,Month-to-Month,Yes,Mailed Check,54.6,4020.25,2,No
CUST-101772,Male,0,No,Yes,26-35,Hyderabad,1,Yes,No,No,No Internet Service,No Internet Service,No Internet Service,No Internet Service,No Internet Service,No Internet Service,Month-to-Month,Yes,Electronic Check,42.85,32.89,1,No
CUST-101773,Female,0,Yes,No,18-25,Chennai,6,No,No Phone Service,DSL,No,No,No,No,No,Yes,Month-to-Month,Yes,Bank Transfer (Auto),82.54,512.24,1,No
CUST-101774,Male,0,No,Yes,26-35,Delhi,12,Yes,Yes,Fiber Optic,No,No,Yes,Yes,No,No,Month-to-Month,No,Electronic Check,109.16,1365.03,4,No
CUST-101775,Female,0,Yes,Yes,18-25,Pune,14,Yes,Yes,Fiber Optic,No,No,No,Yes,No,No,One Year,Yes,Bank Transfer (Auto),100.6,1373.86,2,Yes
CUST-101776,Female,0,Yes,Yes,18-25,Delhi,61,Yes,Yes,DSL,Yes,Yes,No,No,No,No,Month-to-Month,Yes,Electronic Check,95.75,5895.74,0,No
CUST-101777,Male,0,No,No,18-25,Delhi,19,Yes,No,Fiber Optic,Yes,No,Yes,Yes,No,No,Month-to-Month,Yes,Bank Transfer (Auto),99.19,1980.23,1,No
CUST-101778,Female,0,Yes,No,26-35,Chennai,1,No,No Phone Service,DSL,No,No,No,No,Yes,Yes,Month-to-Month,No,Bank Transfer (Auto),79.3,0.0,1,No
CUST-101779,Female,0,Yes,No,18-25,Mumbai,12,Yes,No,DSL,No,No,No,No,Yes,No,Month-to-Month,No,Bank Transfer (Auto),67.66,868.77,0,No
CUST-101780,Female,0,Yes,No,18-25,Mumbai,12,Yes,Yes,Fiber Optic,Yes,Yes,No,No,No,No,Month-to-Month,No,Electronic Check,102.26,1152.99,1,No
CUST-101781,Female,0,No,No,18-25,Mumbai,72,Yes,No,Fiber Optic,Yes,Yes,Yes,No,No,No,One Year,Yes,Electronic Check,88.76,6351.98,1,No
CUST-101782,Female,0,No,No,18-25,Pune,21,No,No Phone Service,DSL,Yes,No,No,No,No,Yes,One Year,Yes,Credit Card (Auto),66.45,1452.02,0,No
CUST-101783,Female,0,Yes,No,18-25,Mumbai,24,No,No Phone Service,DSL,No,Yes,Yes,No,No,Yes,Month-to-Month,Yes,Electronic Check,69.3,1679.31,0,No
CUST-101784,Male,0,No,No,18-25,Mumbai,29,Yes,No,No,No Internet Service,No Internet Service,No Internet Service,No Internet Service,No Internet Service,No Internet Service,Month-to-Month,Yes,Electronic Check,58.8,1682.26,0,No
CUST-101785,Female,0,No,No,65+,Chennai,35,Yes,No,Fiber Optic,No,Yes,No,No,No,No,Month-to-Month,Yes,Bank Transfer (Auto),90.52,3279.88,4,Yes
CUST-101786,Female,1,No,Yes,18-25,Hyderabad,24,Yes,No,DSL,No,Yes,No,No,No,Yes,Month-to-Month,Yes,Credit Card (Auto),86.68,2063.83,4,No
CUST-101787,Female,0,No,No,26-35,Bangalore,6,Yes,No,Fiber Optic,Yes,No,No,No,Yes,Yes,One Year,No,Mailed Check,95.87,630.04,1,No
CUST-101788,Male,0,Yes,No,18-25,Bangalore,49,No,No Phone Service,Fiber Optic,Yes,No,Yes,No,Yes,Yes,Month-to-Month,No,Bank Transfer (Auto),92.32,4508.4,0,No
CUST-101789,Female,0,Yes,Yes,36-45,Kolkata,31,Yes,Yes,DSL,No,Yes,No,No,No,No,Month-to-Month,Yes,Bank Transfer (Auto),67.7,2121.59,2,No
CUST-101790,Male,0,No,No,26-35,Mumbai,32,Yes,Yes,No,No Internet Service,No Internet Service,No Internet Service,No Internet Service,No Internet Service,No Internet Service,One Year,No,Electronic Check,53.31,1730.52,2,Yes
CUST-101791,Female,0,No,Yes,36-45,Ahmedabad,72,Yes,No,Fiber Optic,No,No,Yes,No,No,No,Month-to-Month,Yes,Bank Transfer (Auto),96.07,6921.06,4,No
CUST-101792,Male,0,No,Yes,18-25,Delhi,38,Yes,No,No,No Internet Service,No Internet Service,No Internet Service,No Internet Service,No Internet Service,No Internet Service,One Year,No,Credit Card (Auto),45.16,1645.15,2,No
CUST-101793,Male,1,No,Yes,18-25,Hyderabad,42,Yes,No,DSL,Yes,No,No,Yes,No,No,Month-to-Month,No,Credit Card (Auto),81.89,3453.23,4,No
CUST-101794,Female,0,No,No,18-25,Ahmedabad,72,Yes,No,Fiber Optic,No,Yes,Yes,No,No,No,Month-to-Month,Yes,Electronic Check,93.58,6708.78,2,Yes
CUST-101795,Female,0,No,No,36-45,Chennai,3,Yes,Yes,No,No Internet Service,No Internet Service,No Internet Service,No Internet Service,No Internet Service,No Internet Service,One Year,Yes,Bank Transfer (Auto),62.73,165.3,2,No
CUST-101796,Male,0,No,No,26-35,Delhi,16,Yes,No,DSL,Yes,No,No,No,No,Yes,One Year,Yes,Mailed Check,89.53,1462.15,0,No
CUST-101797,Female,0,No,Yes,65+,Ahmedabad,20,Yes,No,DSL,Yes,No,Yes,Yes,No,Yes,Month-to-Month,Yes,Electronic Check,88.12,1788.63,1,No
CUST-101798,Male,0,No,No,46-55,Kolkata,9,Yes,No,DSL,No,Yes,No,Yes,No,Yes,One Year,Yes,Bank Transfer (Auto),85.18,728.83,2,No
CUST-101799,Male,0,Yes,No,56-65,Bangalore,43,Yes,Yes,DSL,Yes,Yes,No,Yes,No,No,Two Year,Yes,Electronic Check,65.06,2808.46,2,No
CUST-101800,Male,0,Yes,Yes,26-35,Chennai,34,Yes,Yes,No,No Internet Service,No Internet Service,No Internet Service,No Internet Service,No Internet Service,No Internet Service,Two Year,No,Mailed Check,49.82,1694.9,0,No
CUST-101801,Male,1,No,No,18-25,Hyderabad,30,Yes,Yes,Fiber Optic,No,Yes,Yes,No,Yes,Yes,One Year,Yes,Electronic Check,99.6,2944.91,4,Yes
CUST-101802,Male,0,No,Yes,56-65,Chennai,72,Yes,Yes,Fiber Optic,Yes,Yes,No,No,Yes,Yes,Two Year,No,Mailed Check,99.37,7114.63,0,No
CUST-101803,Female,0,No,Yes,46-55,Mumbai,7,Yes,No,No,No Internet Service,No Internet Service,No Internet Service,No Internet Service,No Internet Service,No Internet Service,Month-to-Month,Yes,Mailed Check,27.4,152.59,1,No
CUST-101804,Male,0,No,No,26-35,Chennai,31,Yes,Yes,No,No Internet Service,No Internet Service,No Internet Service,No Internet Service,No Internet Service,No Internet Service,Month-to-Month,No,Mailed Check,54.72,1695.77,0,Yes
CUST-101805,Male,0,Yes,No,26-35,Delhi,19,No,No Phone Service,Fiber Optic,Yes,No,No,No,No,Yes,Month-to-Month,Yes,Bank Transfer (Auto),91.86,1730.13,1,No
CUST-101806,Female,0,Yes,Yes,18-25,Bangalore,9,Yes,No,Fiber Optic,No,No,Yes,No,Yes,Yes,Month-to-Month,Yes,Electronic Check,102.37,931.8,1,No
CUST-101807,Male,0,No,Yes,18-25,Hyderabad,4,Yes,Yes,DSL,No,Yes,Yes,Yes,Yes,No,Month-to-Month,Yes,Bank Transfer (Auto),97.13,344.54,2,Yes
CUST-101808,Female,0,Yes,Yes,36-45,Delhi,54,Yes,No,Fiber Optic,Yes,No,Yes,No,No,Yes,One Year,Yes,Credit Card (Auto),93.55,5043.04,0,No
CUST-101809,Female,0,Yes,Yes,65+,Kolkata,21,Yes,No,Fiber Optic,Yes,No,No,No,Yes,No,Month-to-Month,Yes,Electronic Check,79.8,1670.92,3,Yes
CUST-101810,Female,0,Yes,Yes,26-35,Bangalore,41,Yes,No,Fiber Optic,No,Yes,No,No,Yes,No,One Year,No,Mailed Check,100.97,4156.09,2,No
CUST-101811,Male,1,Yes,No,18-25,Delhi,18,Yes,No,DSL,No,Yes,No,No,No,No,Month-to-Month,Yes,Bank Transfer (Auto),81.24,1535.81,1,No
CUST-101812,Male,0,No,No,36-45,Mumbai,5,Yes,No,Fiber Optic,No,Yes,No,No,No,No,Month-to-Month,Yes,Bank Transfer (Auto),89.99,503.66,2,No
CUST-101813,Male,1,Yes,No,46-55,Pune,9,No,No Phone Service,DSL,Yes,No,No,Yes,Yes,No,Month-to-Month,Yes,Mailed Check,88.08,789.0,1,No
CUST-101814,Female,1,No,No,26-35,Kolkata,11,Yes,Yes,DSL,No,Yes,No,No,No,Yes,Month-to-Month,Yes,Bank Transfer (Auto),81.72,819.18,0,Yes
CUST-101815,Male,0,Yes,No,26-35,Mumbai,72,Yes,Yes,DSL,No,Yes,No,Yes,No,No,Month-to-Month,Yes,Electronic Check,77.97,5588.19,4,Yes
CUST-101816,Female,0,No,Yes,46-55,Hyderabad,0,Yes,Yes,Fiber Optic,No,No,No,Yes,Yes,Yes,One Year,Yes,Mailed Check,103.88,46.05,1,No
CUST-101817,Male,0,Yes,Yes,26-35,Chennai,72,Yes,No,Fiber Optic,No,No,Yes,Yes,No,No,Month-to-Month,Yes,Bank Transfer (Auto),90.83,6537.0,4,No
CUST-101818,Female,0,No,No,18-25,Kolkata,72,Yes,Yes,Fiber Optic,No,Yes,Yes,No,No,Yes,Month-to-Month,No,Electronic Check,95.38,6804.48,2,Yes
CUST-101819,Male,0,No,Yes,65+,Mumbai,72,Yes,No,DSL,No,No,Yes,No,Yes,No,One Year,Yes,Mailed Check,76.74,5515.0,1,No
CUST-101820,Male,0,Yes,Yes,36-45,Bangalore,15,Yes,No,DSL,Yes,Yes,Yes,No,No,No,Month-to-Month,Yes,Bank Transfer (Auto),87.77,1293.01,2,No
CUST-101821,Male,1,No,Yes,26-35,Mumbai,72,Yes,No,Fiber Optic,No,No,No,No,Yes,No,Month-to-Month,Yes,Bank Transfer (Auto),77.54,5645.92,0,No
CUST-101822,Female,0,No,No,18-25,Bangalore,12,Yes,No,DSL,No,No,Yes,No,Yes,No,Month-to-Month,No,Electronic Check,64.88,749.44,3,No
CUST-101823,Female,0,Yes,No,18-25,Bangalore,0,Yes,Yes,DSL,No,No,No,No,No,No,Month-to-Month,Yes,Credit Card (Auto),57.19,20.71,2,No
CUST-101824,Male,0,Yes,No,65+,Chennai,6,Yes,No,DSL,No,No,Yes,No,No,No,One Year,Yes,Bank Transfer (Auto),82.59,529.95,1,No
CUST-101825,Male,1,No,No,36-45,Chennai,69,Yes,No,Fiber Optic,No,Yes,No,No,No,Yes,Two Year,Yes,Mailed Check,94.84,6482.03,2,No
CUST-101826,Female,0,No,No,18-25,Ahmedabad,0,Yes,Yes,No,No Internet Service,No Internet Service,No Internet Service,No Internet Service,No Internet Service,No Internet Service,One Year,Yes,Electronic Check,40.74,0.0,1,Yes
CUST-101827,Female,1,Yes,No,36-45,Delhi,18,Yes,Yes,No,No Internet Service,No Internet Service,No Internet Service,No Internet Service,No Internet Service,No Internet Service,Month-to-Month,Yes,Bank Transfer (Auto),35.49,617.47,0,No
CUST-101828,Female,0,Yes,Yes,18-25,Pune,1,No,No Phone Service,No,No Internet Service,No Internet Service,No Internet Service,No Internet Service,No Internet Service,No Internet Service,One Year,No,Credit Card (Auto),46.85,53.74,1,No
CUST-101829,Male,0,No,Yes,18-25,Kolkata,8,No,No Phone Service,Fiber Optic,Yes,Yes,Yes,Yes,Yes,No,Month-to-Month,Yes,Mailed Check,113.9,881.46,0,No
CUST-101830,Female,0,No,Yes,26-35,Hyderabad,2,Yes,Yes,No,No Internet Service,No Internet Service,No Internet Service,No Internet Service,No Internet Service,No Internet Service,Month-to-Month,No,Bank Transfer (Auto),48.61,28.44,0,No
CUST-101831,Male,0,No,Yes,46-55,Pune,47,Yes,No,Fiber Optic,No,No,Yes,Yes,Yes,Yes,Month-to-Month,Yes,Mailed Check,122.07,5686.93,2,No
CUST-101832,Female,0,Yes,Yes,18-25,Bangalore,21,Yes,No,Fiber Optic,No,Yes,No,Yes,No,Yes,One Year,Yes,Mailed Check,103.11,2212.31,2,No
CUST-101833,Male,0,No,Yes,18-25,Mumbai,55,Yes,Yes,DSL,Yes,No,No,No,No,No,One Year,No,Electronic Check,66.68,3771.0,1,Yes
CUST-101834,Female,0,Yes,No,36-45,Mumbai,27,Yes,No,DSL,No,No,Yes,No,Yes,No,One Year,Yes,Bank Transfer (Auto),70.01,1905.54,2,No
CUST-101835,Female,0,Yes,No,,Delhi,72,Yes,Yes,DSL,Yes,Yes,No,No,No,Yes,One Year,Yes,Mailed Check,81.96,5955.06,0,No
CUST-101836,Female,0,No,No,36-45,Kolkata,17,Yes,Yes,Fiber Optic,No,No,Yes,No,Yes,Yes,Month-to-Month,Yes,Electronic Check,95.6,1642.9,1,Yes
CUST-101837,Female,1,No,No,36-45,Ahmedabad,24,Yes,Yes,No,No Internet Service,No Internet Service,No Internet Service,No Internet Service,No Internet Service,No Internet Service,Month-to-Month,Yes,Mailed Check,51.0,1258.92,1,Yes
CUST-101838,Female,0,Yes,No,26-35,Bangalore,20,Yes,No,DSL,No,No,Yes,No,No,No,One Year,No,Credit Card (Auto),69.53,1427.64,1,No
CUST-101839,Male,0,Yes,No,18-25,Chennai,15,Yes,No,No,No Internet Service,No Internet Service,No Internet Service,No Internet Service,No Internet Service,No Internet Service,One Year,Yes,Bank Transfer (Auto),36.63,583.34,1,Yes
CUST-101840,Female,0,No,No,18-25,Delhi,44,Yes,Yes,Fiber Optic,No,No,No,No,No,No,One Year,No,Electronic Check,87.77,3879.65,0,No
CUST-101841,Female,0,No,Yes,18-25,Bangalore,24,Yes,Yes,DSL,Yes,No,No,Yes,No,No,Month-to-Month,Yes,Credit Card (Auto),70.93,1709.45,2,No
CUST-101842,Female,0,No,Yes,26-35,Chennai,38,Yes,No,Fiber Optic,No,Yes,No,Yes,No,No,One Year,Yes,Electronic Check,88.02,3324.47,2,Yes
CUST-101843,Male,0,No,No,65+,Kolkata,37,Yes,No,DSL,No,Yes,Yes,Yes,Yes,No,Month-to-Month,Yes,Electronic Check,84.89,3167.21,0,No
CUST-101844,Female,0,Yes,No,26-35,Bangalore,5,Yes,Yes,DSL,No,Yes,Yes,No,No,Yes,One Year,No,Electronic Check,82.59,428.47,0,No
CUST-101845,Male,0,No,Yes,46-55,Chennai,25,Yes,No,Fiber Optic,No,No,No,No,No,No,Month-to-Month,No,Electronic Check,74.03,1805.39,5,Yes
CUST-101846,Female,0,No,Yes,18-25,Delhi,5,Yes,No,Fiber Optic,No,No,No,No,No,Yes,Two Year,Yes,Electronic Check,85.16,485.23,1,No
CUST-101847,Female,0,No,No,18-25,Bangalore,21,Yes,Yes,DSL,No,Yes,Yes,No,Yes,No,Month-to-Month,Yes,Bank Transfer (Auto),87.43,1885.61,0,No
CUST-101848,Male,0,No,Yes,36-45,Delhi,27,Yes,Yes,DSL,No,Yes,No,Yes,No,No,One Year,No,Bank Transfer (Auto),65.64,1781.94,0,No
CUST-101849,Female,0,No,No,18-25,Kolkata,72,Yes,Yes,Fiber Optic,No,No,No,No,Yes,No,One Year,Yes,Bank Transfer (Auto),74.68,5435.85,1,No
CUST-101850,Male,0,Yes,Yes,18-25,Mumbai,0,Yes,No,DSL,Yes,Yes,No,Yes,No,Yes,Month-to-Month,Yes,Bank Transfer (Auto),88.27,36.37,2,No
CUST-101851,Male,0,Yes,No,26-35,Pune,2,Yes,Yes,DSL,No,No,No,No,Yes,No,Month-to-Month,No,Bank Transfer (Auto),69.12,116.23,3,No
CUST-101852,Female,0,No,Yes,36-45,Chennai,1,Yes,No,DSL,Yes,No,No,No,No,No,One Year,No,Electronic Check,68.12,0.0,3,No
CUST-101853,Male,1,Yes,No,26-35,Chennai,12,Yes,No,Fiber Optic,Yes,No,Yes,Yes,Yes,No,Month-to-Month,Yes,Bank Transfer (Auto),108.76,1212.67,1,No
CUST-101854,Female,0,Yes,Yes,46-55,Kolkata,41,Yes,No,DSL,No,Yes,Yes,Yes,Yes,Yes,Month-to-Month,Yes,Bank Transfer (Auto),86.32,3602.24,1,No
CUST-101855,Female,0,No,No,26-35,Hyderabad,44,Yes,Yes,DSL,Yes,No,Yes,No,No,Yes,Two Year,No,Credit Card (Auto),95.9,4218.19,2,No
CUST-101856,Male,0,No,No,26-35,Mumbai,32,Yes,No,DSL,Yes,Yes,Yes,Yes,Yes,Yes,One Year,Yes,Electronic Check,115.18,3667.24,1,No
CUST-101857,Male,0,Yes,No,18-25,Ahmedabad,54,Yes,No,No,No Internet Service,No Internet Service,No Internet Service,No Internet Service,No Internet Service,No Internet Service,Month-to-Month,Yes,Electronic Check,57.12,3051.5,1,No
CUST-101858,Male,0,No,No,18-25,Bangalore,9,Yes,No,DSL,No,No,No,No,No,No,One Year,Yes,Bank Transfer (Auto),69.57,629.31,0,No
CUST-101859,Male,0,No,No,18-25,Mumbai,2,Yes,No,Fiber Optic,Yes,No,No,Yes,No,No,Month-to-Month,No,Bank Transfer (Auto),98.52,242.77,2,No
CUST-101860,Female,0,No,No,18-25,Hyderabad,1,Yes,No,Fiber Optic,No,No,Yes,No,No,No,Two Year,Yes,Electronic Check,87.31,46.69,1,No
CUST-101861,Female,0,No,No,65+,Bangalore,45,No,No Phone Service,Fiber Optic,No,No,No,No,No,No,One Year,Yes,Bank Transfer (Auto),83.64,3768.53,0,No
CUST-101862,Male,0,Yes,No,26-35,Ahmedabad,31,Yes,Yes,Fiber Optic,No,No,Yes,No,No,Yes,Two Year,Yes,Electronic Check,85.42,2780.92,1,No
CUST-101863,Female,0,Yes,No,18-25,Hyderabad,28,Yes,Yes,No,No Internet Service,No Internet Service,No Internet Service,No Internet Service,No Internet Service,No Internet Service,Month-to-Month,No,Credit Card (Auto),42.77,1288.31,2,No
CUST-101864,Female,0,Yes,Yes,18-25,Mumbai,9,Yes,No,No,No Internet Service,No Internet Service,No Internet Service,No Internet Service,No Internet Service,No Internet Service,One Year,No,Electronic Check,48.15,321.76,1,No
CUST-101865,Female,0,No,No,26-35,Delhi,11,Yes,No,Fiber Optic,No,Yes,No,No,Yes,No,Month-to-Month,No,Electronic Check,95.31,957.68,1,Yes
CUST-101866,Female,0,No,No,46-55,Delhi,72,No,No Phone Service,Fiber Optic,No,No,No,Yes,No,No,Month-to-Month,No,Electronic Check,74.3,5439.9,1,No
CUST-101867,Male,0,No,No,18-25,Pune,1,Yes,No,Fiber Optic,No,No,No,No,No,No,One Year,No,Mailed Check,80.22,125.02,1,No
CUST-101868,Male,0,No,No,26-35,Mumbai,35,Yes,No,No,No Internet Service,No Internet Service,No Internet Service,No Internet Service,No Internet Service,No Internet Service,Month-to-Month,Yes,Electronic Check,49.0,1717.57,1,No
CUST-101869,Female,0,No,No,18-25,Bangalore,8,Yes,Yes,No,No Internet Service,No Internet Service,No Internet Service,No Internet Service,No Internet Service,No Internet Service,One Year,No,Bank Transfer (Auto),41.09,355.14,1,No
CUST-101870,Male,0,No,No,26-35,Chennai,0,No,No Phone Service,Fiber Optic,Yes,Yes,Yes,Yes,No,No,Two Year,No,Credit Card (Auto),108.23,0.0,3,No
CUST-101871,Male,0,Yes,No,36-45,Chennai,32,Yes,Yes,DSL,No,No,No,No,No,No,Month-to-Month,No,Electronic Check,42.83,1337.27,4,No
CUST-101872,Male,0,Yes,No,36-45,Chennai,9,Yes,No,Fiber Optic,Yes,No,No,No,No,Yes,Month-to-Month,No,Bank Transfer (Auto),95.97,900.25,0,Yes
CUST-101873,Female,0,No,No,18-25,Hyderabad,30,Yes,Yes,Fiber Optic,No,No,No,No,Yes,No,One Year,Yes,Electronic Check,70.13,2099.05,2,Yes
CUST-101874,Female,0,Yes,No,18-25,Delhi,29,Yes,No,Fiber Optic,No,No,Yes,No,No,No,Two Year,Yes,Mailed Check,87.5,2580.73,2,No
CUST-101875,Female,0,Yes,No,65+,Chennai,18,Yes,Yes,DSL,No,No,No,No,No,No,One Year,Yes,Electronic Check,64.88,1140.41,0,No
CUST-101876,Male,0,No,No,18-25,Ahmedabad,36,Yes,Yes,Fiber Optic,No,Yes,No,Yes,No,Yes,One Year,Yes,Electronic Check,89.38,3253.32,3,No
CUST-101877,Female,0,Yes,No,26-35,Mumbai,20,Yes,Yes,Fiber Optic,No,No,No,No,Yes,No,Month-to-Month,Yes,Bank Transfer (Auto),88.6,1787.6,1,No
CUST-101878,Female,0,No,No,36-45,Bangalore,8,Yes,No,Fiber Optic,Yes,No,No,No,Yes,Yes,Month-to-Month,No,Electronic Check,100.03,733.51,3,Yes
CUST-101879,Male,0,Yes,Yes,36-45,Delhi,31,Yes,Yes,Fiber Optic,No,Yes,No,No,No,No,One Year,No,Credit Card (Auto),82.33,2625.95,1,No
CUST-101880,Female,0,Yes,No,26-35,Mumbai,21,Yes,No,DSL,No,No,No,No,Yes,No,Month-to-Month,No,Bank Transfer (Auto),73.52,1473.53,0,Yes
CUST-101881,Female,0,Yes,No,26-35,Delhi,0,Yes,Yes,Fiber Optic,No,No,Yes,No,No,No,Two Year,No,Bank Transfer (Auto),76.37,66.55,3,No
CUST-101882,Male,0,No,Yes,18-25,Mumbai,55,Yes,No,No,No Internet Service,No Internet Service,No Internet Service,No Internet Service,No Internet Service,No Internet Service,Month-to-Month,Yes,Credit Card (Auto),45.64,2532.95,2,No
CUST-101883,Male,0,Yes,Yes,26-35,Chennai,18,No,No Phone Service,Fiber Optic,Yes,No,No,No,No,No,Month-to-Month,Yes,Credit Card (Auto),67.25,1242.53,2,No
CUST-101884,Male,1,No,No,26-35,Chennai,48,Yes,Yes,Fiber Optic,No,No,Yes,No,No,No,One Year,Yes,Bank Transfer (Auto),84.01,4007.83,1,No
CUST-101885,Female,0,No,No,26-35,Hyderabad,51,Yes,Yes,Fiber Optic,No,No,No,No,No,No,One Year,No,Mailed Check,92.4,4693.95,1,No
CUST-101886,Female,1,No,No,56-65,Bangalore,14,Yes,Yes,Fiber Optic,No,No,No,No,Yes,No,One Year,Yes,Electronic Check,93.29,1306.25,1,No
CUST-101887,Female,0,Yes,No,26-35,Ahmedabad,17,Yes,No,Fiber Optic,No,Yes,No,No,Yes,No,Two Year,No,Bank Transfer (Auto),83.21,1350.13,1,No
CUST-101888,Male,0,Yes,No,56-65,Chennai,12,Yes,No,Fiber Optic,No,No,No,No,No,Yes,Two Year,Yes,Bank Transfer (Auto),76.45,946.16,1,No
CUST-101889,Male,0,No,No,18-25,Kolkata,14,Yes,Yes,No,No Internet Service,No Internet Service,No Internet Service,No Internet Service,No Internet Service,No Internet Service,Two Year,Yes,Credit Card (Auto),45.38,617.4,1,No
CUST-101890,Female,0,No,Yes,18-25,Delhi,54,Yes,No,DSL,No,No,Yes,No,Yes,No,Two Year,No,Electronic Check,74.4,3911.61,1,No
CUST-101891,Female,0,No,No,18-25,Pune,37,Yes,Yes,No,No Internet Service,No Internet Service,No Internet Service,No Internet Service,No Internet Service,No Internet Service,One Year,No,Electronic Check,46.71,1822.64,1,No
CUST-101892,Male,0,Yes,Yes,18-25,Mumbai,3,Yes,Yes,Fiber Optic,No,No,No,No,Yes,No,One Year,Yes,Electronic Check,102.15,319.71,1,Yes
CUST-101893,Male,0,No,No,26-35,Chennai,22,No,No Phone Service,DSL,No,No,No,No,Yes,Yes,Month-to-Month,No,Credit Card (Auto),64.99,1446.06,1,No
CUST-101894,Male,1,Yes,No,26-35,Pune,72,Yes,Yes,Fiber Optic,No,Yes,Yes,No,No,Yes,Month-to-Month,No,Electronic Check,97.28,6969.61,1,No
CUST-101895,Male,1,Yes,No,18-25,Delhi,21,Yes,No,DSL,No,Yes,No,Yes,No,No,Month-to-Month,No,Mailed Check,60.71,1291.53,0,Yes
CUST-101896,Female,0,Yes,No,26-35,Ahmedabad,36,Yes,No,No,No Internet Service,No Internet Service,No Internet Service,No Internet Service,No Internet Service,No Internet Service,Month-to-Month,Yes,Mailed Check,45.91,1689.55,2,No
CUST-101897,Male,0,Yes,Yes,18-25,Hyderabad,35,Yes,Yes,No,No Internet Service,No Internet Service,No Internet Service,No Internet Service,No Internet Service,No Internet Service,Month-to-Month,Yes,Electronic Check,49.87,1672.75,2,No
CUST-101898,Female,0,No,No,18-25,Bangalore,10,Yes,No,Fiber Optic,Yes,No,No,No,No,No,Month-to-Month,No,Mailed Check,87.36,903.78,0,No
CUST-101899,Female,0,Yes,Yes,18-25,Delhi,11,Yes,No,Fiber Optic,No,Yes,No,Yes,No,No,Two Year,Yes,Mailed Check,94.29,984.22,1,No
CUST-101900,Female,0,No,Yes,18-25,Mumbai,30,Yes,Yes,Fiber Optic,No,Yes,Yes,Yes,Yes,Yes,Two Year,No,Electronic Check,98.77,2898.78,1,No
CUST-101901,Male,0,Yes,No,26-35,Delhi,16,Yes,Yes,Fiber Optic,Yes,No,Yes,No,No,No,Month-to-Month,Yes,Mailed Check,81.63,1262.06,0,No
CUST-101902,Male,0,No,Yes,46-55,Hyderabad,20,Yes,Yes,Fiber Optic,No,No,Yes,Yes,No,No,Month-to-Month,No,Credit Card (Auto),89.8,1901.03,3,No
CUST-101903,Male,0,Yes,No,18-25,Hyderabad,29,No,No Phone Service,Fiber Optic,No,Yes,No,Yes,No,Yes,Two Year,Yes,Credit Card (Auto),102.2,3002.97,1,No
CUST-101904,Male,1,Yes,No,18-25,Hyderabad,36,Yes,No,Fiber Optic,No,No,No,No,No,Yes,Two Year,Yes,Bank Transfer (Auto),95.59,3440.36,2,No
CUST-101905,Female,0,Yes,Yes,36-45,Kolkata,7,Yes,No,Fiber Optic,Yes,No,No,Yes,No,No,Two Year,Yes,Mailed Check,93.05,736.47,1,No
CUST-101906,Male,1,Yes,Yes,56-65,Mumbai,3,Yes,No,Fiber Optic,No,No,No,Yes,No,No,Two Year,No,Electronic Check,84.04,205.99,1,No
CUST-101907,Male,0,No,No,18-25,Delhi,8,Yes,No,DSL,Yes,No,Yes,No,No,Yes,Two Year,Yes,Credit Card (Auto),76.51,560.74,1,No
CUST-101908,Female,0,Yes,No,18-25,Kolkata,17,Yes,Yes,Fiber Optic,Yes,Yes,No,Yes,No,Yes,Month-to-Month,Yes,Electronic Check,132.45,2205.83,3,Yes
CUST-101909,Male,0,No,No,18-25,Mumbai,10,Yes,No,Fiber Optic,Yes,No,Yes,Yes,No,No,Month-to-Month,Yes,Mailed Check,96.81,1062.0,0,No
CUST-101910,Female,0,Yes,No,18-25,Delhi,20,Yes,Yes,DSL,Yes,No,No,No,No,No,One Year,Yes,Electronic Check,72.94,1502.23,1,No
CUST-101911,Female,0,No,No,26-35,Bangalore,1,Yes,Yes,DSL,No,No,No,No,No,No,Month-to-Month,No,Mailed Check,60.4,19.61,2,No
CUST-101912,Female,0,No,No,26-35,Kolkata,17,Yes,No,Fiber Optic,No,No,Yes,Yes,Yes,Yes,Two Year,No,Electronic Check,101.76,1695.33,1,Yes
CUST-101913,Female,0,Yes,Yes,18-25,Hyderabad,11,Yes,No,No,No Internet Service,No Internet Service,No Internet Service,No Internet Service,No Internet Service,No Internet Service,Month-to-Month,Yes,Bank Transfer (Auto),33.47,382.33,0,No
CUST-101914,Female,0,Yes,No,18-25,Hyderabad,18,Yes,No,Fiber Optic,No,Yes,No,No,Yes,Yes,One Year,Yes,Bank Transfer (Auto),92.23,1603.46,3,Yes
CUST-101915,Female,0,Yes,No,18-25,Ahmedabad,13,Yes,Yes,Fiber Optic,No,No,Yes,Yes,Yes,Yes,Month-to-Month,Yes,Bank Transfer (Auto),118.67,1533.81,4,Yes
CUST-101916,Female,0,No,No,26-35,Hyderabad,8,Yes,No,Fiber Optic,Yes,No,No,No,No,Yes,Month-to-Month,Yes,Electronic Check,87.11,647.22,2,Yes
CUST-101917,Female,0,Yes,No,36-45,Ahmedabad,56,Yes,No,Fiber Optic,No,Yes,No,No,No,No,One Year,No,Credit Card (Auto),83.83,4691.03,2,No
CUST-101918,Male,0,No,No,18-25,Mumbai,4,Yes,No,DSL,No,Yes,No,No,Yes,No,Two Year,Yes,Electronic Check,72.67,331.46,2,No
CUST-101919,Male,0,No,Yes,36-45,Bangalore,27,Yes,No,Fiber Optic,Yes,No,Yes,No,No,No,Month-to-Month,No,Electronic Check,89.33,2499.06,1,No
CUST-101920,Male,0,No,No,46-55,Kolkata,62,Yes,Yes,Fiber Optic,No,No,Yes,Yes,No,No,Two Year,Yes,Bank Transfer (Auto),84.85,5182.44,2,No
CUST-101921,Male,1,No,No,26-35,Mumbai,18,Yes,No,No,No Internet Service,No Internet Service,No Internet Service,No Internet Service,No Internet Service,No Internet Service,Two Year,Yes,Credit Card (Auto),63.13,1166.34,4,No
CUST-101922,Female,0,No,No,46-55,Delhi,50,Yes,No,Fiber Optic,Yes,No,Yes,Yes,No,No,One Year,Yes,Electronic Check,96.05,4836.39,0,Yes
CUST-101923,Male,0,Yes,Yes,26-35,Bangalore,3,Yes,No,DSL,Yes,No,No,No,No,Yes,One Year,No,Bank Transfer (Auto),69.12,195.78,0,No
CUST-101924,Female,0,No,No,18-25,Ahmedabad,16,Yes,Yes,Fiber Optic,No,No,No,No,No,Yes,One Year,Yes,Bank Transfer (Auto),101.39,1592.61,2,No
CUST-101925,Male,0,No,No,18-25,Delhi,14,Yes,Yes,Fiber Optic,No,No,No,No,No,No,Month-to-Month,Yes,Credit Card (Auto),83.41,1138.05,2,No
CUST-101926,Male,0,Yes,No,26-35,Ahmedabad,0,Yes,No,Fiber Optic,No,No,No,No,Yes,No,Month-to-Month,No,Electronic Check,84.86,0.0,0,No
CUST-101927,Male,0,No,Yes,18-25,Chennai,14,Yes,Yes,DSL,No,No,No,Yes,Yes,No,Two Year,Yes,Mailed Check,94.07,1355.93,3,No
CUST-101928,Female,0,Yes,No,18-25,Hyderabad,11,Yes,Yes,DSL,No,No,Yes,Yes,No,No,One Year,No,Electronic Check,91.89,972.57,0,No
CUST-101929,Male,0,No,Yes,18-25,Mumbai,26,Yes,Yes,Fiber Optic,No,Yes,No,No,Yes,No,Month-to-Month,Yes,Electronic Check,81.31,2030.62,3,Yes
CUST-101930,Female,0,No,No,18-25,Hyderabad,66,Yes,Yes,Fiber Optic,No,No,Yes,No,No,Yes,One Year,Yes,Electronic Check,92.79,6140.28,0,No
CUST-101931,Female,0,Yes,No,46-55,Bangalore,2,Yes,Yes,No,No Internet Service,No Internet Service,No Internet Service,No Internet Service,No Internet Service,No Internet Service,Month-to-Month,No,Credit Card (Auto),46.41,108.49,0,No
CUST-101932,Male,0,No,Yes,26-35,Pune,9,Yes,Yes,No,No Internet Service,No Internet Service,No Internet Service,No Internet Service,No Internet Service,No Internet Service,Month-to-Month,Yes,Electronic Check,33.55,344.3,1,No
CUST-101933,Male,1,Yes,No,18-25,Hyderabad,14,Yes,No,DSL,No,No,No,No,Yes,No,Month-to-Month,No,Credit Card (Auto),66.59,1023.13,3,No
CUST-101934,Male,0,Yes,No,18-25,Ahmedabad,14,Yes,Yes,DSL,Yes,No,No,Yes,No,No,Month-to-Month,Yes,Electronic Check,74.88,1050.33,0,No
CUST-101935,Female,0,Yes,No,18-25,Mumbai,35,Yes,No,No,No Internet Service,No Internet Service,No Internet Service,No Internet Service,No Internet Service,No Internet Service,Month-to-Month,No,Credit Card (Auto),48.55,1684.28,2,No
CUST-101936,Male,0,No,No,36-45,Ahmedabad,14,No,No Phone Service,Fiber Optic,No,No,Yes,No,Yes,No,Month-to-Month,Yes,Bank Transfer (Auto),99.98,1380.18,1,No
CUST-101937,Female,0,Yes,No,36-45,Bangalore,0,Yes,No,DSL,No,No,No,No,No,No,One Year,Yes,Electronic Check,68.33,0.0,0,Yes
CUST-101938,Female,1,Yes,No,36-45,Hyderabad,29,Yes,Yes,DSL,No,Yes,Yes,Yes,No,No,Month-to-Month,No,Bank Transfer (Auto),84.46,2412.45,2,No
CUST-101939,Male,0,No,No,18-25,Kolkata,51,Yes,No,DSL,No,No,No,No,Yes,No,Month-to-Month,No,Electronic Check,67.91,3441.71,2,No
CUST-101940,Male,1,Yes,No,65+,Chennai,17,Yes,No,Fiber Optic,No,Yes,No,Yes,No,No,Month-to-Month,Yes,Mailed Check,91.92,1526.57,2,No
CUST-101941,Female,0,Yes,No,46-55,Ahmedabad,20,Yes,Yes,DSL,Yes,No,Yes,No,Yes,Yes,Month-to-Month,Yes,Mailed Check,80.67,1561.46,1,No
CUST-101942,Female,0,Yes,Yes,26-35,Ahmedabad,4,Yes,No,DSL,No,No,Yes,No,No,No,Month-to-Month,Yes,Mailed Check,61.08,331.16,0,No
CUST-101943,Female,0,Yes,No,26-35,Chennai,5,Yes,Yes,No,No Internet Service,No Internet Service,No Internet Service,No Internet Service,No Internet Service,No Internet Service,Month-to-Month,Yes,Bank Transfer (Auto),49.25,315.53,1,No
CUST-101944,Male,0,Yes,No,18-25,Hyderabad,6,Yes,Yes,DSL,No,No,Yes,No,No,Yes,Month-to-Month,Yes,Bank Transfer (Auto),59.27,262.48,1,No
CUST-101945,Female,1,Yes,No,26-35,Delhi,13,Yes,No,No,No Internet Service,No Internet Service,No Internet Service,No Internet Service,No Internet Service,No Internet Service,Two Year,Yes,Electronic Check,34.8,468.29,1,No
CUST-101946,Male,0,No,No,18-25,Delhi,63,Yes,Yes,No,No Internet Service,No Internet Service,No Internet Service,No Internet Service,No Internet Service,No Internet Service,Month-to-Month,No,Credit Card (Auto),51.85,3263.3,0,No
CUST-101947,Female,0,No,No,36-45,Delhi,17,Yes,No,Fiber Optic,No,No,Yes,No,Yes,Yes,Month-to-Month,Yes,Credit Card (Auto),107.19,1829.48,3,No
CUST-101948,Female,0,Yes,No,18-25,Pune,5,Yes,No,Fiber Optic,No,Yes,No,No,No,No,Month-to-Month,Yes,Electronic Check,76.66,310.75,0,Yes
CUST-101949,Male,0,Yes,No,56-65,Chennai,7,Yes,Yes,DSL,Yes,Yes,No,No,Yes,No,Month-to-Month,No,Electronic Check,80.08,468.19,1,Yes
CUST-101950,Female,0,Yes,No,65+,Pune,11,Yes,Yes,No,No Internet Service,No Internet Service,No Internet Service,No Internet Service,No Internet Service,No Internet Service,One Year,Yes,Mailed Check,55.36,606.2,1,No
CUST-101951,Male,0,No,Yes,18-25,Kolkata,23,No,No Phone Service,Fiber Optic,No,No,No,No,No,Yes,Month-to-Month,No,Bank Transfer (Auto),89.14,2031.73,4,Yes
CUST-101952,Male,0,Yes,No,36-45,Kolkata,13,Yes,No,DSL,No,No,Yes,No,Yes,Yes,Month-to-Month,Yes,Electronic Check,79.78,1009.67,1,No
CUST-101953,Female,0,Yes,No,18-25,Mumbai,11,Yes,No,Fiber Optic,Yes,No,No,No,No,No,Month-to-Month,No,Electronic Check,84.92,923.78,2,No
CUST-101954,Male,1,No,No,18-25,Kolkata,19,Yes,No,Fiber Optic,No,No,Yes,No,No,Yes,One Year,Yes,Bank Transfer (Auto),104.2,2009.79,4,No
CUST-101955,Male,0,Yes,No,18-25,Chennai,6,Yes,No,DSL,No,No,No,Yes,No,No,Month-to-Month,Yes,Bank Transfer (Auto),64.64,431.91,1,Yes
CUST-101956,female,0,Yes,Yes,26-35,Ahmedabad,1,Yes,No,DSL,No,No,Yes,Yes,No,No,One Year,No,Electronic Check,65.99,16.93,1,No
CUST-101957,Male,0,No,Yes,46-55,Ahmedabad,0,Yes,Yes,DSL,No,No,Yes,No,Yes,No,Month-to-Month,No,Credit Card (Auto),75.18,0.0,0,No
CUST-101958,Male,0,No,No,18-25,Bangalore,6,Yes,No,No,No Internet Service,No Internet Service,No Internet Service,No Internet Service,No Internet Service,No Internet Service,Month-to-Month,Yes,Bank Transfer (Auto),39.07,241.92,2,No
CUST-101959,Male,0,Yes,No,26-35,Pune,2,Yes,No,Fiber Optic,Yes,Yes,No,No,No,No,One Year,Yes,Mailed Check,92.89,246.93,2,Yes
CUST-101960,Female,0,No,No,18-25,Kolkata,9,Yes,No,Fiber Optic,No,Yes,No,No,Yes,Yes,One Year,Yes,Bank Transfer (Auto),98.52,875.99,2,No
CUST-101961,Male,0,Yes,No,18-25,Delhi,35,Yes,Yes,No,No Internet Service,No Internet Service,No Internet Service,No Internet Service,No Internet Service,No Internet Service,One Year,No,Electronic Check,20.27,716.69,3,No
CUST-101962,Female,1,No,Yes,26-35,Hyderabad,30,Yes,No,DSL,No,No,No,Yes,No,Yes,Month-to-Month,No,Mailed Check,80.14,2336.02,0,No
CUST-101963,Female,0,No,Yes,26-35,Delhi,22,Yes,No,Fiber Optic,Yes,Yes,No,Yes,No,No,Month-to-Month,Yes,Electronic Check,103.29,2162.6,4,Yes
CUST-101964,Male,0,No,No,18-25,Mumbai,45,Yes,Yes,DSL,Yes,Yes,Yes,No,No,No,Month-to-Month,Yes,Electronic Check,93.03,4302.01,1,Yes
CUST-101965,Male,0,No,No,36-45,Chennai,7,No,No Phone Service,No,No Internet Service,No Internet Service,No Internet Service,No Internet Service,No Internet Service,No Internet Service,One Year,Yes,Electronic Check,47.23,344.47,0,Yes
CUST-101966,Male,0,No,No,26-35,Hyderabad,51,Yes,No,DSL,No,No,No,No,No,No,One Year,Yes,Electronic Check,53.9,2697.99,2,Yes
CUST-101967,Female,0,No,No,18-25,Bangalore,12,Yes,No,No,No Internet Service,No Internet Service,No Internet Service,No Internet Service,No Internet Service,No Internet Service,Month-to-Month,Yes,Bank Transfer (Auto),45.73,441.63,1,No
CUST-101968,Male,1,No,No,18-25,Delhi,12,Yes,Yes,Fiber Optic,No,No,No,Yes,No,No,One Year,Yes,Bank Transfer (Auto),98.18,1250.45,2,No
CUST-101969,Male,1,Yes,Yes,65+,Delhi,12,Yes,Yes,Fiber Optic,No,No,No,No,No,No,One Year,Yes,Electronic Check,79.77,910.03,2,No
CUST-101970,Male,1,Yes,No,26-35,Delhi,2,Yes,No,No,No Internet Service,No Internet Service,No Internet Service,No Internet Service,No Internet Service,No Internet Service,Month-to-Month,Yes,Electronic Check,51.45,55.63,2,Yes
CUST-101971,Male,1,No,No,26-35,Ahmedabad,72,Yes,No,DSL,No,Yes,No,No,No,Yes,Two Year,No,Credit Card (Auto),70.93,5071.12,0,No
CUST-101972,Male,0,No,Yes,18-25,Ahmedabad,3,Yes,No,Fiber Optic,No,Yes,No,No,No,No,Two Year,No,Electronic Check,87.46,269.25,2,No
CUST-101973,Female,0,Yes,No,26-35,Kolkata,10,Yes,Yes,DSL,No,Yes,Yes,No,Yes,Yes,Month-to-Month,No,Mailed Check,90.73,939.23,1,No
CUST-101974,Female,0,No,No,18-25,Mumbai,9,Yes,No,DSL,Yes,No,No,No,No,No,Two Year,No,Mailed Check,67.86,595.75,1,No
CUST-101975,Male,0,No,No,18-25,Kolkata,1,Yes,No,Fiber Optic,No,No,No,Yes,Yes,Yes,Month-to-Month,No,Credit Card (Auto),94.65,42.22,1,Yes
CUST-101976,Male,0,No,No,46-55,Pune,3,Yes,Yes,DSL,No,No,No,No,No,Yes,One Year,Yes,Credit Card (Auto),74.82,339.34,0,No
CUST-101977,Male,0,No,No,26-35,Ahmedabad,1,Yes,Yes,Fiber Optic,No,No,Yes,No,No,No,Two Year,Yes,Bank Transfer (Auto),83.01,58.43,1,No
CUST-101978,Male,0,Yes,Yes,36-45,Bangalore,8,Yes,No,Fiber Optic,No,Yes,No,No,No,No,Month-to-Month,Yes,Electronic Check,73.67,589.9,1,No
CUST-101979,Female,0,Yes,Yes,18-25,Hyderabad,48,No,No Phone Service,DSL,Yes,Yes,No,No,Yes,Yes,Month-to-Month,Yes,Bank Transfer (Auto),91.48,4316.0,3,No
CUST-101980,Male,0,Yes,Yes,18-25,Hyderabad,9,Yes,Yes,Fiber Optic,No,No,Yes,Yes,Yes,Yes,Two Year,No,Electronic Check,117.57,1087.09,1,Yes
CUST-101981,Female,0,Yes,No,36-45,Hyderabad,3,Yes,No,Fiber Optic,Yes,No,No,No,No,Yes,Month-to-Month,Yes,Electronic Check,92.34,331.6,0,Yes
CUST-101982,Female,0,No,Yes,36-45,Bangalore,24,Yes,Yes,No,No Internet Service,No Internet Service,No Internet Service,No Internet Service,No Internet Service,No Internet Service,Month-to-Month,Yes,Bank Transfer (Auto),43.98,1012.51,1,No
CUST-101983,Male,0,No,No,26-35,Delhi,72,Yes,No,DSL,No,No,No,Yes,Yes,No,Month-to-Month,No,Bank Transfer (Auto),89.24,6333.26,0,No
CUST-101984,Female,0,No,Yes,56-65,Pune,6,Yes,Yes,DSL,No,No,No,No,No,Yes,Two Year,No,Electronic Check,68.23,390.29,3,No
CUST-101985,Female,0,No,No,26-35,Ahmedabad,7,No,No Phone Service,Fiber Optic,Yes,No,No,No,Yes,Yes,Two Year,No,Electronic Check,84.11,683.58,2,No
CUST-101986,Female,0,Yes,Yes,36-45,Chennai,72,Yes,No,Fiber Optic,No,No,No,No,No,Yes,Month-to-Month,Yes,Credit Card (Auto),82.62,5916.61,1,No
CUST-101987,Female,0,Yes,No,18-25,Kolkata,4,Yes,No,DSL,No,No,No,No,No,No,Two Year,No,Credit Card (Auto),62.37,376.12,3,No
CUST-101988,Male,0,Yes,Yes,26-35,Hyderabad,17,Yes,No,Fiber Optic,Yes,Yes,No,No,Yes,No,Month-to-Month,Yes,Bank Transfer (Auto),99.0,1654.97,1,No
CUST-101989,Male,0,Yes,No,36-45,Hyderabad,6,Yes,Yes,DSL,No,No,No,Yes,Yes,No,Two Year,Yes,Mailed Check,79.71,387.03,0,No
CUST-101990,Female,0,No,No,26-35,Ahmedabad,64,No,No Phone Service,Fiber Optic,No,No,No,No,No,No,One Year,Yes,Credit Card (Auto),78.34,4988.26,3,No
CUST-101991,Male,0,Yes,No,36-45,Ahmedabad,72,Yes,Yes,DSL,No,No,Yes,Yes,Yes,No,Month-to-Month,Yes,Bank Transfer (Auto),70.56,4986.77,0,No
CUST-101992,Male,0,Yes,Yes,18-25,Chennai,40,Yes,Yes,Fiber Optic,No,Yes,Yes,No,Yes,No,Month-to-Month,Yes,Bank Transfer (Auto),100.0,3964.04,2,Yes
CUST-101993,Male,0,Yes,Yes,18-25,Bangalore,9,Yes,Yes,Fiber Optic,No,No,No,No,Yes,Yes,Month-to-Month,Yes,Electronic Check,98.35,904.26,1,No
CUST-101994,Male,0,No,No,18-25,Bangalore,12,Yes,Yes,No,No Internet Service,No Internet Service,No Internet Service,No Internet Service,No Internet Service,No Internet Service,Month-to-Month,Yes,Electronic Check,40.43,461.91,1,No
CUST-101995,Male,0,Yes,No,36-45,Chennai,6,Yes,No,No,No Internet Service,No Internet Service,No Internet Service,No Internet Service,No Internet Service,No Internet Service,One Year,Yes,Mailed Check,41.86,306.22,4,No
CUST-101996,Female,0,No,No,46-55,Delhi,53,Yes,Yes,Fiber Optic,No,No,No,No,Yes,Yes,Month-to-Month,No,Electronic Check,92.44,4872.52,1,Yes
CUST-101997,Male,0,Yes,No,18-25,Ahmedabad,59,Yes,No,No,No Internet Service,No Internet Service,No Internet Service,No Internet Service,No Internet Service,No Internet Service,Two Year,Yes,Electronic Check,39.13,2234.08,2,No
CUST-101998,Male,0,No,No,18-25,Pune,13,Yes,No,DSL,No,No,Yes,No,No,No,One Year,Yes,Mailed Check,77.47,,1,No
CUST-101999,Male,0,Yes,No,46-55,Delhi,25,No,No Phone Service,Fiber Optic,No,No,No,No,No,No,One Year,Yes,Electronic Check,81.12,2020.58,0,No
CUST-102000,Male,0,No,No,18-25,Bangalore,4,Yes,No,Fiber Optic,No,Yes,No,No,No,No,Month-to-Month,Yes,Credit Card (Auto),74.39,296.38,3,No
CUST-102001,Female,0,No,No,18-25,Delhi,13,Yes,Yes,Fiber Optic,No,No,No,No,No,No,Two Year,Yes,Electronic Check,84.18,1030.67,2,No
CUST-102002,Female,0,No,Yes,26-35,Mumbai,23,Yes,No,DSL,No,Yes,Yes,Yes,No,No,One Year,No,Mailed Check,92.48,2140.43,5,No
CUST-102003,Female,0,No,No,18-25,Chennai,11,Yes,No,DSL,No,No,No,No,Yes,Yes,Two Year,No,Bank Transfer (Auto),85.93,1014.67,2,No
CUST-102004,Female,0,Yes,Yes,26-35,Mumbai,10,Yes,No,No,No Internet Service,No Internet Service,No Internet Service,No Internet Service,No Internet Service,No Internet Service,Two Year,No,Mailed Check,48.56,419.89,1,No
CUST-102005,Male,0,Yes,No,18-25,Bangalore,0,Yes,No,No,No Internet Service,No Internet Service,No Internet Service,No Internet Service,No Internet Service,No Internet Service,Month-to-Month,Yes,Mailed Check,54.58,0.0,1,No
CUST-102006,Female,0,Yes,No,56-65,Chennai,39,Yes,Yes,No,No Internet Service,No Internet Service,No Internet Service,No Internet Service,No Internet Service,No Internet Service,Month-to-Month,Yes,Mailed Check,41.54,1542.85,1,No
CUST-102007,Male,0,No,No,18-25,Delhi,52,Yes,Yes,No,No Internet Service,No Internet Service,No Internet Service,No Internet Service,No Internet Service,No Internet Service,Two Year,No,Credit Card (Auto),52.5,2728.56,1,No
CUST-102008,Male,0,Yes,No,46-55,Kolkata,72,Yes,No,No,No Internet Service,No Internet Service,No Internet Service,No Internet Service,No Internet Service,No Internet Service,Two Year,Yes,Credit Card (Auto),43.73,3068.18,2,No
CUST-102009,Male,1,Yes,No,26-35,Delhi,30,Yes,Yes,Fiber Optic,No,No,Yes,No,No,No,One Year,No,Bank Transfer (Auto),95.3,2875.32,2,No
CUST-102010,Male,0,No,No,26-35,Chennai,19,Yes,No,Fiber Optic,No,Yes,Yes,No,No,Yes,Month-to-Month,Yes,Credit Card (Auto),110.53,2117.9,2,No
CUST-102011,Male,0,No,No,18-25,Ahmedabad,7,Yes,No,DSL,Yes,No,No,No,No,No,One Year,Yes,Electronic Check,70.85,514.32,2,No
CUST-102012,Female,0,Yes,Yes,46-55,Mumbai,72,Yes,Yes,DSL,No,No,No,No,No,Yes,Month-to-Month,No,Credit Card (Auto),59.57,4418.49,1,No
CUST-102013,Female,0,No,Yes,46-55,Mumbai,21,Yes,Yes,Fiber Optic,No,Yes,Yes,No,No,No,Month-to-Month,Yes,Credit Card (Auto),103.48,2079.8,0,No
CUST-102014,Female,0,No,No,26-35,Mumbai,27,Yes,Yes,No,No Internet Service,No Internet Service,No Internet Service,No Internet Service,No Internet Service,No Internet Service,Month-to-Month,Yes,Bank Transfer (Auto),43.75,1095.88,1,No
CUST-102015,Female,0,Yes,Yes,26-35,Bangalore,27,Yes,No,No,No Internet Service,No Internet Service,No Internet Service,No Internet Service,No Internet Service,No Internet Service,Month-to-Month,Yes,Bank Transfer (Auto),46.8,1327.53,1,No
CUST-102016,Male,0,Yes,No,18-25,Chennai,44,Yes,Yes,DSL,No,No,No,No,Yes,Yes,Month-to-Month,Yes,Mailed Check,78.04,3460.39,2,Yes
CUST-102017,Female,1,No,No,18-25,Hyderabad,0,Yes,No,DSL,No,No,No,No,No,Yes,Two Year,No,Electronic Check,72.47,57.39,2,Yes
CUST-102018,Male,0,No,No,26-35,Delhi,5,No,No Phone Service,No,No Internet Service,No Internet Service,No Internet Service,No Internet Service,No Internet Service,No Internet Service,Two Year,Yes,Credit Card (Auto),40.33,99.59,2,Yes
CUST-102019,Female,0,Yes,No,18-25,Chennai,26,No,No Phone Service,Fiber Optic,No,Yes,No,Yes,No,No,Two Year,Yes,Bank Transfer (Auto),104.31,2644.07,2,No
CUST-102020,Male,1,Yes,No,18-25,Bangalore,54,Yes,No,Fiber Optic,No,Yes,Yes,No,No,No,Two Year,Yes,Bank Transfer (Auto),94.33,5142.76,4,No
CUST-102021,Male,0,No,No,36-45,Bangalore,27,Yes,No,No,No Internet Service,No Internet Service,No Internet Service,No Internet Service,No Internet Service,No Internet Service,Month-to-Month,Yes,Bank Transfer (Auto),54.4,1460.44,1,Yes
CUST-102022,Female,1,No,No,18-25,Bangalore,12,No,No Phone Service,DSL,No,No,Yes,No,No,No,Two Year,Yes,Credit Card (Auto),47.31,633.43,3,Yes
CUST-102023,Male,0,No,Yes,65+,Bangalore,10,Yes,No,Fiber Optic,Yes,No,Yes,No,No,Yes,Two Year,No,Bank Transfer (Auto),95.26,931.75,1,No
CUST-102024,Male,0,Yes,No,18-25,Hyderabad,32,No,No Phone Service,No,No Internet Service,No Internet Service,No Internet Service,No Internet Service,No Internet Service,No Internet Service,Two Year,Yes,Electronic Check,31.02,982.04,0,No
CUST-102025,Female,0,Yes,No,56-65,Bangalore,32,Yes,Yes,Fiber Optic,No,No,No,No,No,Yes,One Year,Yes,Mailed Check,85.31,2844.44,1,No
CUST-102026,Male,0,No,No,26-35,Bangalore,22,No,No Phone Service,DSL,No,Yes,No,No,No,Yes,Month-to-Month,No,Credit Card (Auto),82.9,1771.77,1,No
CUST-102027,Female,1,Yes,No,18-25,Bangalore,8,Yes,Yes,DSL,Yes,Yes,Yes,Yes,No,No,Month-to-Month,Yes,Bank Transfer (Auto),88.7,746.63,2,Yes
CUST-102028,Female,0,No,No,18-25,Delhi,62,Yes,No,Fiber Optic,No,Yes,Yes,No,No,Yes,Month-to-Month,No,Credit Card (Auto),109.53,6712.49,1,No
CUST-102029,Female,0,No,No,56-65,Delhi,19,Yes,No,Fiber Optic,No,No,Yes,No,No,No,Two Year,No,Credit Card (Auto),86.99,1609.5,0,No
CUST-102030,Male,0,Yes,No,18-25,Delhi,37,Yes,No,No,No Internet Service,No Internet Service,No Internet Service,No Internet Service,No Internet Service,No Internet Service,Month-to-Month,No,Bank Transfer (Auto),33.96,1293.39,0,No
CUST-102031,Male,0,No,No,26-35,Ahmedabad,5,Yes,Yes,Fiber Optic,No,No,No,No,No,No,Two Year,Yes,Mailed Check,89.62,377.36,0,No
CUST-102032,Male,0,Yes,Yes,56-65,Delhi,10,No,No Phone Service,Fiber Optic,Yes,No,No,Yes,No,No,Month-to-Month,Yes,Electronic Check,111.29,1156.72,2,Yes
CUST-102033,Female,0,No,No,18-25,Bangalore,49,Yes,Yes,DSL,No,No,No,No,No,No,One Year,Yes,Bank Transfer (Auto),61.95,3024.51,2,No
CUST-102034,Male,0,Yes,No,18-25,Kolkata,1,Yes,No,Fiber Optic,Yes,Yes,No,No,No,Yes,Month-to-Month,Yes,Mailed Check,114.67,65.9,0,No
CUST-102035,Female,0,Yes,Yes,18-25,Mumbai,17,Yes,No,No,No Internet Service,No Internet Service,No Internet Service,No Internet Service,No Internet Service,No Internet Service,Month-to-Month,No,Credit Card (Auto),52.33,884.25,1,No
CUST-102036,Female,0,No,No,18-25,Chennai,15,Yes,No,Fiber Optic,Yes,Yes,No,Yes,No,Yes,Month-to-Month,Yes,Bank Transfer (Auto),109.67,1615.76,2,No
CUST-102037,Male,0,No,Yes,36-45,Kolkata,33,Yes,No,DSL,No,No,No,Yes,No,No,One Year,Yes,Electronic Check,64.95,2107.77,1,No
CUST-102038,Female,0,Yes,No,18-25,Delhi,7,Yes,Yes,Fiber Optic,Yes,Yes,No,No,No,Yes,Month-to-Month,Yes,Bank Transfer (Auto),98.45,664.41,3,No
CUST-102039,Male,0,No,No,18-25,Kolkata,5,Yes,Yes,No,No Internet Service,No Internet Service,No Internet Service,No Internet Service,No Internet Service,No Internet Service,One Year,No,Mailed Check,47.66,168.66,0,No
CUST-102040,Male,0,Yes,No,36-45,Chennai,62,Yes,Yes,DSL,Yes,No,No,Yes,Yes,No,Month-to-Month,No,Electronic Check,86.74,5289.75,1,No
CUST-102041,Male,0,Yes,No,65+,Kolkata,20,Yes,Yes,Fiber Optic,No,No,No,No,No,Yes,Two Year,No,Mailed Check,93.46,1762.87,1,No
CUST-102042,Male,0,Yes,Yes,26-35,Mumbai,2,Yes,No,No,No Internet Service,No Internet Service,No Internet Service,No Internet Service,No Internet Service,No Internet Service,Month-to-Month,Yes,Credit Card (Auto),48.27,121.71,0,No
CUST-102043,Male,0,Yes,Yes,18-25,Mumbai,5,Yes,No,Fiber Optic,Yes,Yes,Yes,Yes,Yes,No,One Year,No,Mailed Check,110.04,571.81,2,Yes
CUST-102044,Female,0,Yes,No,18-25,Mumbai,72,Yes,Yes,DSL,Yes,No,No,Yes,Yes,Yes,Month-to-Month,Yes,Electronic Check,96.31,6894.64,0,No
CUST-102045,Female,0,Yes,No,26-35,Ahmedabad,5,Yes,No,No,No Internet Service,No Internet Service,No Internet Service,No Internet Service,No Internet Service,No Internet Service,One Year,No,Mailed Check,42.2,204.52,3,No
CUST-102046,Female,0,Yes,No,18-25,Kolkata,22,Yes,No,DSL,Yes,No,No,No,Yes,Yes,Month-to-Month,Yes,Electronic Check,88.89,2024.84,0,Yes
CUST-102047,Male,0,Yes,No,26-35,Hyderabad,13,Yes,Yes,DSL,Yes,No,No,No,No,Yes,One Year,Yes,Bank Transfer (Auto),74.63,938.88,0,No
CUST-102048,Male,0,Yes,No,56-65,Hyderabad,52,Yes,Yes,Fiber Optic,No,No,No,No,Yes,No,Two Year,Yes,Electronic Check,84.95,4404.04,2,No
CUST-102049,Male,0,No,No,18-25,Delhi,33,Yes,No,Fiber Optic,No,Yes,Yes,No,No,No,Month-to-Month,No,Credit Card (Auto),93.85,3193.98,2,No
CUST-102050,Female,1,Yes,No,26-35,Delhi,21,No,No Phone Service,Fiber Optic,No,No,No,No,No,Yes,Month-to-Month,Yes,Electronic Check,73.41,1561.01,4,No
CUST-102051,Male,0,No,Yes,26-35,Delhi,0,Yes,No,No,No Internet Service,No Internet Service,No Internet Service,No Internet Service,No Internet Service,No Internet Service,One Year,Yes,Bank Transfer (Auto),48.14,45.27,2,No
CUST-102052,Female,0,No,No,26-35,Pune,50,Yes,No,No,No Internet Service,No Internet Service,No Internet Service,No Internet Service,No Internet Service,No Internet Service,One Year,No,Electronic Check,35.8,1825.5,1,No
CUST-102053,Female,1,No,No,36-45,Chennai,14,Yes,No,Fiber Optic,No,No,No,No,No,No,Month-to-Month,Yes,Credit Card (Auto),78.92,1130.15,1,No
CUST-102054,Male,0,No,Yes,18-25,Hyderabad,64,No,No Phone Service,Fiber Optic,No,Yes,No,No,Yes,Yes,Month-to-Month,No,Mailed Check,100.05,6366.93,2,Yes
CUST-102055,Male,0,No,No,18-25,Kolkata,16,Yes,No,Fiber Optic,Yes,No,Yes,Yes,Yes,No,Month-to-Month,Yes,Credit Card (Auto),107.81,1676.29,3,No
CUST-102056,Female,0,Yes,No,18-25,Mumbai,28,Yes,No,Fiber Optic,No,No,Yes,Yes,Yes,No,Month-to-Month,No,Bank Transfer (Auto),107.13,3033.36,1,No
CUST-102057,Male,0,No,No,18-25,Mumbai,1,Yes,Yes,Fiber Optic,Yes,No,No,No,Yes,Yes,Month-to-Month,No,Bank Transfer (Auto),107.58,133.75,2,No
CUST-102058,Female,1,No,No,36-45,Kolkata,32,No,No Phone Service,DSL,Yes,No,Yes,No,No,Yes,Two Year,Yes,Credit Card (Auto),88.2,2834.0,0,No
CUST-102059,Male,1,No,Yes,26-35,Bangalore,9,Yes,No,No,No Internet Service,No Internet Service,No Internet Service,No Internet Service,No Internet Service,No Internet Service,Month-to-Month,Yes,Electronic Check,30.42,288.37,0,No
CUST-102060,Male,0,No,No,18-25,Chennai,10,Yes,No,DSL,Yes,No,No,No,No,Yes,One Year,No,Bank Transfer (Auto),85.08,812.19,1,No
CUST-102061,Female,0,Yes,Yes,18-25,Bangalore,3,Yes,No,DSL,No,Yes,No,No,No,Yes,Two Year,Yes,Electronic Check,76.31,170.04,6,Yes
CUST-102062,Male,1,No,No,26-35,Bangalore,3,Yes,No,DSL,No,No,No,No,No,Yes,Month-to-Month,No,Credit Card (Auto),57.67,136.35,0,Yes
CUST-102063,Female,0,No,No,56-65,Mumbai,4,Yes,No,DSL,No,No,Yes,Yes,No,No,One Year,Yes,Credit Card (Auto),92.45,357.26,1,No
CUST-102064,Male,0,Yes,No,46-55,Hyderabad,9,Yes,Yes,DSL,No,No,No,No,No,No,Two Year,Yes,Credit Card (Auto),65.8,562.46,2,No
CUST-102065,Female,1,Yes,Yes,26-35,Mumbai,53,Yes,No,Fiber Optic,Yes,No,Yes,No,Yes,No,Month-to-Month,Yes,Electronic Check,107.82,5792.86,3,No
CUST-102066,Female,0,No,No,18-25,Bangalore,11,Yes,Yes,Fiber Optic,No,Yes,Yes,Yes,No,No,Month-to-Month,No,Mailed Check,101.54,1190.72,0,No
CUST-102067,Male,0,No,No,46-55,Mumbai,30,Yes,Yes,DSL,No,Yes,No,No,Yes,No,Two Year,No,Mailed Check,73.96,2261.43,2,No
CUST-102068,Female,0,No,No,56-65,Delhi,2,No,No Phone Service,No,No Internet Service,No Internet Service,No Internet Service,No Internet Service,No Internet Service,No Internet Service,Two Year,Yes,Electronic Check,42.72,146.47,2,Yes
CUST-102069,Male,1,No,No,46-55,Kolkata,21,Yes,No,DSL,Yes,Yes,Yes,Yes,Yes,No,Month-to-Month,Yes,Electronic Check,84.04,1700.14,0,No
CUST-102070,Male,0,Yes,Yes,26-35,Ahmedabad,15,Yes,No,No,No Internet Service,No Internet Service,No Internet Service,No Internet Service,No Internet Service,No Internet Service,Month-to-Month,Yes,Mailed Check,63.98,995.59,2,No
CUST-102071,Male,0,Yes,No,46-55,Mumbai,72,Yes,Yes,Fiber Optic,No,No,No,Yes,Yes,Yes,Month-to-Month,No,Credit Card (Auto),91.31,6572.54,0,No
CUST-102072,Female,0,Yes,No,36-45,Ahmedabad,44,No,No Phone Service,No,No Internet Service,No Internet Service,No Internet Service,No Internet Service,No Internet Service,No Internet Service,Month-to-Month,No,Bank Transfer (Auto),48.33,2103.49,0,No
CUST-102073,Female,0,Yes,No,26-35,Kolkata,14,Yes,No,No,No Internet Service,No Internet Service,No Internet Service,No Internet Service,No Internet Service,No Internet Service,Month-to-Month,Yes,Bank Transfer (Auto),41.58,567.98,0,No
CUST-102074,Male,0,Yes,No,65+,Hyderabad,35,Yes,Yes,DSL,No,No,Yes,No,No,No,One Year,No,Mailed Check,63.38,2204.79,0,No
CUST-102075,Male,0,Yes,No,18-25,Hyderabad,5,Yes,Yes,No,No Internet Service,No Internet Service,No Internet Service,No Internet Service,No Internet Service,No Internet Service,Two Year,No,Bank Transfer (Auto),47.26,217.35,3,No
CUST-102076,Female,0,No,No,26-35,Bangalore,19,Yes,No,DSL,Yes,Yes,No,No,No,No,Month-to-Month,Yes,Credit Card (Auto),77.88,1448.96,2,No
CUST-102077,Male,0,No,No,18-25,Chennai,1,No,No Phone Service,Fiber Optic,Yes,Yes,Yes,No,Yes,Yes,Two Year,No,Bank Transfer (Auto),113.95,46.92,1,No
CUST-102078,Male,1,Yes,Yes,26-35,Delhi,10,Yes,No,Fiber Optic,No,No,Yes,Yes,No,Yes,Month-to-Month,Yes,Electronic Check,113.38,1055.19,0,Yes
CUST-102079,Female,0,Yes,Yes,36-45,Mumbai,6,Yes,No,DSL,No,No,No,Yes,No,No,Month-to-Month,Yes,Mailed Check,68.61,431.75,1,No
CUST-102080,Male,1,Yes,No,18-25,Ahmedabad,30,Yes,No,No,No Internet Service,No Internet Service,No Internet Service,No Internet Service,No Internet Service,No Internet Service,Month-to-Month,No,Credit Card (Auto),32.81,843.83,0,No
CUST-102081,Female,0,No,Yes,36-45,Kolkata,16,Yes,No,Fiber Optic,Yes,No,Yes,No,No,No,Month-to-Month,Yes,Mailed Check,91.15,1555.67,2,Yes
CUST-102082,Male,0,Yes,No,36-45,Bangalore,33,Yes,Yes,DSL,Yes,Yes,No,No,No,No,Month-to-Month,Yes,Bank Transfer (Auto),79.7,2599.02,1,No
CUST-102083,Female,0,Yes,No,26-35,Mumbai,17,Yes,No,DSL,No,Yes,Yes,No,No,No,Two Year,No,Electronic Check,84.82,1351.95,1,No
CUST-102084,Male,0,No,No,46-55,Ahmedabad,2,No,No Phone Service,Fiber Optic,No,No,No,Yes,No,No,Month-to-Month,Yes,Electronic Check,94.71,215.53,1,Yes
CUST-102085,Male,1,No,No,26-35,Mumbai,31,Yes,Yes,Fiber Optic,No,No,No,No,Yes,No,One Year,Yes,Credit Card (Auto),81.0,2504.23,1,No
CUST-102086,Female,0,Yes,No,18-25,Mumbai,42,Yes,No,Fiber Optic,No,No,No,No,No,No,Month-to-Month,Yes,Electronic Check,104.85,4356.31,2,Yes
CUST-102087,Male,0,Yes,Yes,26-35,Delhi,56,Yes,Yes,Fiber Optic,No,Yes,No,Yes,No,Yes,Month-to-Month,Yes,Electronic Check,104.05,5798.09,0,No
CUST-102088,Female,0,Yes,No,56-65,Pune,20,Yes,Yes,Fiber Optic,No,Yes,Yes,No,Yes,Yes,One Year,No,Mailed Check,106.97,2134.95,1,No
CUST-102089,Male,0,No,Yes,26-35,Kolkata,33,Yes,Yes,Fiber Optic,No,No,No,No,No,No,Two Year,Yes,Credit Card (Auto),76.31,2572.44,1,No
CUST-102090,Female,0,No,No,46-55,Hyderabad,33,Yes,Yes,Fiber Optic,No,No,Yes,Yes,No,Yes,Month-to-Month,Yes,Electronic Check,100.31,3177.98,2,No
CUST-102091,Female,0,Yes,No,46-55,Bangalore,4,Yes,No,DSL,Yes,No,No,Yes,Yes,No,One Year,Yes,Credit Card (Auto),89.88,375.44,0,No
CUST-102092,Female,0,No,No,18-25,Mumbai,4,Yes,No,DSL,No,Yes,No,No,No,Yes,Two Year,Yes,Mailed Check,67.69,353.05,1,No
CUST-102093,Female,0,Yes,No,18-25,Bangalore,1,Yes,Yes,DSL,No,No,Yes,No,Yes,No,One Year,Yes,Credit Card (Auto),79.29,38.55,3,No
CUST-102094,Male,0,Yes,No,26-35,Mumbai,9,No,No Phone Service,DSL,No,No,No,No,Yes,No,Month-to-Month,Yes,Credit Card (Auto),81.96,775.05,1,No
CUST-102095,Male,0,Yes,No,46-55,Delhi,15,Yes,Yes,No,No Internet Service,No Internet Service,No Internet Service,No Internet Service,No Internet Service,No Internet Service,One Year,Yes,Mailed Check,56.52,881.37,2,No
CUST-102096,Female,0,No,No,18-25,Mumbai,72,Yes,Yes,No,No Internet Service,No Internet Service,No Internet Service,No Internet Service,No Internet Service,No Internet Service,Month-to-Month,No,Electronic Check,51.64,3812.15,0,No
CUST-102097,Female,0,Yes,No,46-55,Kolkata,13,Yes,Yes,No,No Internet Service,No Internet Service,No Internet Service,No Internet Service,No Internet Service,No Internet Service,One Year,No,Electronic Check,49.3,652.64,0,No
CUST-102098,Female,0,Yes,No,18-25,Pune,31,Yes,No,Fiber Optic,No,Yes,No,No,Yes,No,Month-to-Month,No,Bank Transfer (Auto),71.63,2255.71,1,No
CUST-102099,Male,0,Yes,No,26-35,Bangalore,28,Yes,No,No,No Internet Service,No Internet Service,No Internet Service,No Internet Service,No Internet Service,No Internet Service,Month-to-Month,Yes,Electronic Check,45.7,1332.86,2,No
CUST-102100,Male,0,Yes,Yes,18-25,Ahmedabad,5,Yes,No,DSL,No,Yes,Yes,Yes,Yes,Yes,One Year,No,Electronic Check,69.92,380.46,0,No
CUST-102101,Male,0,No,Yes,26-35,Delhi,1,Yes,No,Fiber Optic,No,No,No,No,No,Yes,Month-to-Month,No,Electronic Check,88.9,44.25,4,Yes
CUST-102102,Male,1,Yes,Yes,26-35,Ahmedabad,18,Yes,Yes,Fiber Optic,No,Yes,Yes,No,No,No,Month-to-Month,Yes,Mailed Check,105.15,1856.27,3,No
CUST-102103,Female,0,Yes,Yes,26-35,Mumbai,28,Yes,Yes,DSL,Yes,No,Yes,No,Yes,No,Two Year,Yes,Electronic Check,78.25,2204.37,1,No
CUST-102104,Female,0,No,No,18-25,Pune,72,Yes,No,Fiber Optic,Yes,No,No,Yes,No,No,Two Year,Yes,Credit Card (Auto),80.78,5859.54,0,No
CUST-102105,Female,1,No,No,18-25,Bangalore,10,Yes,No,Fiber Optic,No,No,Yes,No,No,No,Month-to-Month,Yes,Credit Card (Auto),98.69,1003.81,1,No
CUST-102106,Male,1,No,No,26-35,Mumbai,54,Yes,Yes,DSL,No,Yes,No,No,No,No,Month-to-Month,Yes,Mailed Check,72.64,3870.75,3,No
CUST-102107,Male,0,No,No,18-25,Chennai,11,No,No Phone Service,DSL,Yes,No,Yes,No,No,Yes,Month-to-Month,Yes,Bank Transfer (Auto),80.85,877.08,1,No
CUST-102108,Male,1,Yes,No,26-35,Chennai,28,No,No Phone Service,No,No Internet Service,No Internet Service,No Internet Service,No Internet Service,No Internet Service,No Internet Service,Month-to-Month,Yes,Bank Transfer (Auto),64.91,1748.13,1,No
CUST-102109,Female,0,No,No,18-25,Ahmedabad,21,Yes,No,DSL,Yes,No,No,No,No,Yes,Two Year,No,Bank Transfer (Auto),62.26,1336.86,1,No
CUST-102110,Female,0,No,No,26-35,Delhi,1,Yes,No,DSL,Yes,No,No,No,Yes,Yes,One Year,Yes,Mailed Check,79.59,178.56,1,No
CUST-102111,Male,0,Yes,No,18-25,Pune,1,Yes,No,Fiber Optic,No,No,No,No,Yes,No,Month-to-Month,Yes,Mailed Check,90.77,117.11,0,No
CUST-102112,Female,0,No,No,26-35,Ahmedabad,0,Yes,Yes,DSL,No,Yes,No,Yes,No,Yes,Month-to-Month,No,Bank Transfer (Auto),81.99,0.0,0,No
CUST-102113,Male,0,Yes,No,36-45,Bangalore,11,Yes,Yes,Fiber Optic,Yes,No,No,No,No,No,One Year,Yes,Bank Transfer (Auto),79.25,877.0,4,No
CUST-102114,Male,0,No,No,26-35,Bangalore,32,Yes,Yes,No,No Internet Service,No Internet Service,No Internet Service,No Internet Service,No Internet Service,No Internet Service,One Year,Yes,Mailed Check,41.05,1312.87,1,No
CUST-102115,Female,0,No,No,56-65,Bangalore,4,Yes,Yes,Fiber Optic,No,Yes,Yes,No,No,Yes,One Year,Yes,Electronic Check,95.99,357.44,2,No
CUST-102116,Male,0,No,Yes,18-25,Ahmedabad,22,Yes,No,DSL,No,No,No,No,No,No,Month-to-Month,Yes,Electronic Check,56.73,1145.82,2,No
CUST-102117,Female,1,No,No,18-25,Chennai,8,Yes,Yes,Fiber Optic,No,No,No,No,No,No,Month-to-Month,No,Bank Transfer (Auto),84.71,701.61,2,Yes
CUST-102118,Male,0,No,No,18-25,Ahmedabad,38,Yes,No,No,No Internet Service,No Internet Service,No Internet Service,No Internet Service,No Internet Service,No Internet Service,Month-to-Month,Yes,Mailed Check,43.19,1688.6,0,Yes
CUST-102119,Female,1,Yes,No,18-25,Bangalore,38,Yes,No,No,No Internet Service,No Internet Service,No Internet Service,No Internet Service,No Internet Service,No Internet Service,Month-to-Month,No,Bank Transfer (Auto),52.8,1962.2,2,No
CUST-102120,Female,1,Yes,No,26-35,Kolkata,35,Yes,No,Fiber Optic,No,No,No,No,No,Yes,Month-to-Month,Yes,Mailed Check,76.3,2625.81,1,No
CUST-102121,Female,0,Yes,No,26-35,Bangalore,17,Yes,No,DSL,No,Yes,No,No,No,Yes,Two Year,No,Credit Card (Auto),77.51,1301.8,3,No
CUST-102122,Male,0,Yes,No,26-35,Mumbai,8,Yes,No,DSL,No,Yes,Yes,No,No,Yes,Month-to-Month,No,Electronic Check,84.09,759.86,1,Yes
CUST-102123,Male,0,No,No,18-25,Chennai,39,Yes,Yes,No,No Internet Service,No Internet Service,No Internet Service,No Internet Service,No Internet Service,No Internet Service,Two Year,Yes,Bank Transfer (Auto),49.89,1931.54,1,No
CUST-102124,Female,1,Yes,No,26-35,Kolkata,4,No,No Phone Service,DSL,Yes,No,Yes,No,Yes,No,Month-to-Month,Yes,Bank Transfer (Auto),98.67,356.39,4,Yes
CUST-102125,Female,0,Yes,No,26-35,Mumbai,8,Yes,Yes,Fiber Optic,No,Yes,No,No,Yes,Yes,Month-to-Month,Yes,Mailed Check,116.0,908.03,1,No
CUST-102126,Male,0,No,No,26-35,Delhi,4,No,No Phone Service,Fiber Optic,No,Yes,Yes,No,Yes,Yes,Month-to-Month,Yes,Mailed Check,100.06,429.19,2,Yes
CUST-102127,Male,0,No,Yes,26-35,Ahmedabad,26,Yes,No,DSL,Yes,No,Yes,No,Yes,Yes,Month-to-Month,Yes,Credit Card (Auto),93.23,2322.82,1,No
CUST-102128,Male,0,Yes,No,18-25,Delhi,27,Yes,Yes,Fiber Optic,No,No,No,No,No,No,Two Year,Yes,Electronic Check,85.25,2290.16,1,No
CUST-102129,Female,0,Yes,Yes,18-25,Bangalore,25,Yes,Yes,Fiber Optic,No,No,No,No,No,Yes,Month-to-Month,Yes,Credit Card (Auto),91.34,2266.11,1,No
CUST-102130,Male,0,Yes,No,18-25,Bangalore,12,Yes,No,Fiber Optic,Yes,Yes,No,No,No,Yes,Month-to-Month,Yes,Credit Card (Auto),101.05,1207.19,2,Yes
CUST-102131,Male,0,No,No,18-25,Delhi,2,Yes,No,DSL,Yes,No,No,No,No,No,Two Year,No,Bank Transfer (Auto),63.28,91.78,1,No
CUST-102132,Female,0,Yes,Yes,26-35,Bangalore,58,No,No Phone Service,No,No Internet Service,No Internet Service,No Internet Service,No Internet Service,No Internet Service,No Internet Service,Month-to-Month,Yes,Credit Card (Auto),37.23,2092.8,3,Yes
CUST-102133,Male,1,No,No,26-35,Kolkata,17,Yes,Yes,No,No Internet Service,No Internet Service,No Internet Service,No Internet Service,No Internet Service,No Internet Service,Month-to-Month,Yes,Bank Transfer (Auto),36.97,675.1,0,No
CUST-102134,Male,0,Yes,No,65+,Bangalore,12,Yes,Yes,DSL,No,No,Yes,No,No,No,Month-to-Month,Yes,Mailed Check,83.69,912.36,3,No
CUST-102135,Male,1,Yes,Yes,26-35,Pune,21,Yes,No,No,No Internet Service,No Internet Service,No Internet Service,No Internet Service,No Internet Service,No Internet Service,Month-to-Month,No,Credit Card (Auto),43.83,998.67,1,No
CUST-102136,Female,0,No,Yes,18-25,Delhi,5,Yes,No,Fiber Optic,No,Yes,Yes,Yes,No,No,Month-to-Month,No,Electronic Check,102.81,531.44,0,Yes
CUST-102137,Female,0,Yes,No,26-35,Delhi,3,Yes,No,DSL,No,No,No,No,No,Yes,Month-to-Month,No,Electronic Check,58.49,209.53,2,No
CUST-102138,Female,0,Yes,No,26-35,Pune,12,Yes,No,Fiber Optic,Yes,No,No,No,No,Yes,Two Year,No,Electronic Check,92.61,1114.48,1,No
CUST-102139,Female,0,Yes,No,18-25,Mumbai,6,Yes,No,DSL,No,No,No,No,Yes,No,Two Year,Yes,Bank Transfer (Auto),69.29,474.66,1,No
CUST-102140,Female,1,No,No,26-35,Pune,6,Yes,No,No,No Internet Service,No Internet Service,No Internet Service,No Internet Service,No Internet Service,No Internet Service,Month-to-Month,Yes,Electronic Check,35.67,240.83,0,Yes
CUST-102141,Female,0,No,No,36-45,Chennai,53,Yes,Yes,No,No Internet Service,No Internet Service,No Internet Service,No Internet Service,No Internet Service,No Internet Service,Month-to-Month,No,Credit Card (Auto),59.33,3209.73,0,No
CUST-102142,Female,1,Yes,No,26-35,Hyderabad,18,Yes,No,DSL,Yes,No,Yes,No,Yes,No,Month-to-Month,Yes,Mailed Check,88.46,1634.58,2,No
CUST-102143,Male,0,Yes,No,18-25,Bangalore,15,Yes,No,No,No Internet Service,No Internet Service,No Internet Service,No Internet Service,No Internet Service,No Internet Service,One Year,No,Credit Card (Auto),45.91,744.54,1,No
CUST-102144,Male,0,Yes,No,18-25,Hyderabad,28,Yes,Yes,No,No Internet Service,No Internet Service,No Internet Service,No Internet Service,No Internet Service,No Internet Service,Month-to-Month,Yes,Electronic Check,46.35,1262.06,0,Yes
CUST-102145,Female,0,No,No,65+,Mumbai,72,Yes,No,Fiber Optic,Yes,No,Yes,No,Yes,No,Two Year,No,Electronic Check,99.17,7121.21,0,No
CUST-102146,Male,0,No,No,18-25,Delhi,2,Yes,No,No,No Internet Service,No Internet Service,No Internet Service,No Internet Service,No Internet Service,No Internet Service,One Year,Yes,Electronic Check,49.5,99.8,0,Yes
CUST-102147,Male,0,No,No,36-45,Mumbai,43,Yes,Yes,Fiber Optic,No,No,No,No,No,No,Month-to-Month,Yes,Electronic Check,68.46,2943.95,1,Yes
CUST-102148,Female,1,No,No,18-25,Chennai,21,Yes,No,No,No Internet Service,No Internet Service,No Internet Service,No Internet Service,No Internet Service,No Internet Service,One Year,Yes,Mailed Check,34.22,747.38,0,No
CUST-102149,Male,0,Yes,No,65+,Pune,3,Yes,Yes,Fiber Optic,No,Yes,Yes,Yes,No,Yes,Month-to-Month,Yes,Credit Card (Auto),103.15,271.97,3,Yes
CUST-102150,Male,0,Yes,Yes,18-25,Chennai,8,No,No Phone Service,Fiber Optic,No,No,No,No,Yes,No,Month-to-Month,No,Mailed Check,68.36,546.57,4,No
CUST-102151,Male,0,Yes,No,65+,Pune,15,No,No Phone Service,DSL,Yes,No,No,No,No,No,Month-to-Month,Yes,Bank Transfer (Auto),54.57,849.9,2,No
CUST-102152,Male,0,Yes,No,18-25,Kolkata,28,Yes,No,Fiber Optic,No,Yes,Yes,No,Yes,No,Month-to-Month,No,Mailed Check,107.32,2909.19,2,No
CUST-102153,Male,1,Yes,No,26-35,Pune,6,Yes,Yes,Fiber Optic,No,No,No,Yes,No,Yes,One Year,No,Electronic Check,97.23,636.22,2,No
CUST-102154,Female,0,No,No,18-25,Bangalore,18,Yes,Yes,DSL,No,Yes,Yes,Yes,No,No,One Year,Yes,Mailed Check,83.05,1597.15,0,No
CUST-102155,Female,0,No,No,26-35,Delhi,27,Yes,No,No,No Internet Service,No Internet Service,No Internet Service,No Internet Service,No Internet Service,No Internet Service,Month-to-Month,No,Electronic Check,32.94,843.61,1,No
CUST-102156,Female,0,No,No,46-55,Bangalore,14,Yes,Yes,Fiber Optic,No,Yes,No,Yes,Yes,No,Two Year,No,Credit Card (Auto),113.03,1656.4,3,No
CUST-102157,Male,0,Yes,No,18-25,Bangalore,47,Yes,Yes,No,No Internet Service,No Internet Service,No Internet Service,No Internet Service,No Internet Service,No Internet Service,Month-to-Month,No,Bank Transfer (Auto),58.43,2757.54,1,No
CUST-102158,female,0,No,Yes,18-25,Delhi,48,Yes,Yes,No,No Internet Service,No Internet Service,No Internet Service,No Internet Service,No Internet Service,No Internet Service,Month-to-Month,No,Mailed Check,35.59,1664.04,0,No
CUST-102159,Male,0,No,No,18-25,Delhi,15,Yes,No,DSL,Yes,No,No,No,No,No,Month-to-Month,Yes,Bank Transfer (Auto),62.81,983.54,1,No
CUST-102160,Male,0,No,No,26-35,Pune,72,No,No Phone Service,DSL,No,No,No,Yes,Yes,No,One Year,Yes,Electronic Check,73.83,5412.74,2,No
CUST-102161,Male,0,Yes,No,26-35,Delhi,1,Yes,No,Fiber Optic,No,Yes,No,No,Yes,No,Two Year,Yes,Bank Transfer (Auto),84.92,64.77,2,No
CUST-102162,Male,0,Yes,No,26-35,Pune,0,Yes,No,Fiber Optic,No,No,No,Yes,No,Yes,One Year,No,Credit Card (Auto),101.54,0.0,1,No
CUST-102163,Female,0,Yes,No,46-55,Delhi,11,No,No Phone Service,Fiber Optic,Yes,No,No,Yes,Yes,Yes,Two Year,No,Credit Card (Auto),94.91,932.28,0,No
CUST-102164,Female,0,Yes,Yes,18-25,Bangalore,22,Yes,No,Fiber Optic,No,No,No,No,Yes,Yes,Month-to-Month,No,Electronic Check,99.15,2174.06,0,No
CUST-102165,Male,0,No,No,26-35,Delhi,23,No,No Phone Service,Fiber Optic,Yes,No,No,Yes,No,No,Month-to-Month,Yes,Electronic Check,81.2,1875.76,3,Yes
CUST-102166,Female,0,Yes,Yes,18-25,Kolkata,15,Yes,No,Fiber Optic,Yes,No,Yes,Yes,Yes,Yes,Month-to-Month,Yes,Mailed Check,106.44,1687.31,1,No
CUST-102167,Male,0,Yes,No,18-25,Bangalore,3,No,No Phone Service,DSL,No,Yes,No,Yes,No,No,One Year,Yes,Credit Card (Auto),77.38,325.17,1,No
CUST-102168,Female,0,No,No,18-25,Ahmedabad,4,No,No Phone Service,DSL,Yes,Yes,No,Yes,Yes,No,Month-to-Month,Yes,Credit Card (Auto),85.55,309.04,1,No
CUST-102169,Female,0,No,No,56-65,Chennai,45,Yes,No,No,No Internet Service,No Internet Service,No Internet Service,No Internet Service,No Internet Service,No Internet Service,Two Year,No,Mailed Check,40.7,1871.88,2,No
CUST-102170,Male,0,Yes,No,18-25,Mumbai,48,Yes,Yes,Fiber Optic,No,No,Yes,No,No,Yes,Month-to-Month,Yes,Credit Card (Auto),97.87,4640.21,0,No
CUST-102171,Female,1,No,No,18-25,Kolkata,26,Yes,Yes,Fiber Optic,No,No,No,No,Yes,Yes,Month-to-Month,No,Credit Card (Auto),97.6,2541.25,0,Yes
CUST-102172,Male,0,Yes,Yes,18-25,Chennai,26,Yes,Yes,DSL,No,No,Yes,No,No,Yes,Month-to-Month,Yes,Electronic Check,88.19,2286.44,2,No
CUST-102173,Female,0,Yes,No,18-25,Delhi,21,Yes,No,Fiber Optic,No,No,Yes,Yes,No,No,One Year,Yes,Credit Card (Auto),101.71,2092.1,1,Yes
CUST-102174,Male,0,Yes,Yes,18-25,Delhi,5,Yes,No,No,No Internet Service,No Internet Service,No Internet Service,No Internet Service,No Internet Service,No Internet Service,Month-to-Month,No,Electronic Check,34.86,168.28,3,Yes
CUST-102175,Male,1,No,Yes,26-35,Hyderabad,13,Yes,No,DSL,Yes,No,No,Yes,No,No,Month-to-Month,Yes,Mailed Check,73.23,994.15,2,No
CUST-102176,Female,0,No,Yes,36-45,Chennai,28,Yes,Yes,DSL,Yes,No,Yes,No,No,Yes,Month-to-Month,No,Electronic Check,80.86,2318.9,2,No
CUST-102177,Female,1,Yes,No,36-45,Kolkata,18,Yes,No,Fiber Optic,No,No,Yes,Yes,No,No,One Year,Yes,Mailed Check,98.97,1774.21,2,No
CUST-102178,Male,0,No,No,26-35,Delhi,0,Yes,No,Fiber Optic,No,No,Yes,No,No,No,One Year,Yes,Credit Card (Auto),100.09,0.0,1,No
CUST-102179,Female,0,Yes,No,36-45,Delhi,72,No,No Phone Service,Fiber Optic,Yes,No,No,No,No,No,One Year,No,Mailed Check,102.15,7262.83,0,No
CUST-102180,Female,0,No,No,18-25,Chennai,44,Yes,Yes,Fiber Optic,Yes,No,No,No,Yes,Yes,Month-to-Month,No,Electronic Check,119.58,5275.21,2,Yes
CUST-102181,Male,0,Yes,Yes,18-25,Bangalore,7,Yes,Yes,Fiber Optic,No,Yes,No,No,No,Yes,Two Year,No,Electronic Check,100.16,687.85,1,No
CUST-102182,Male,1,Yes,No,18-25,Delhi,22,Yes,No,DSL,No,No,No,No,No,No,Two Year,No,Bank Transfer (Auto),71.28,1563.64,0,No
CUST-102183,Female,0,No,Yes,56-65,Chennai,61,Yes,Yes,Fiber Optic,No,No,No,Yes,Yes,No,Month-to-Month,Yes,Bank Transfer (Auto),84.98,5159.71,3,No
CUST-102184,Male,0,No,No,36-45,Mumbai,2,Yes,No,DSL,Yes,No,Yes,No,No,No,Month-to-Month,Yes,Bank Transfer (Auto),66.51,85.57,1,No
CUST-102185,Male,0,Yes,Yes,36-45,Hyderabad,16,Yes,No,Fiber Optic,No,Yes,Yes,No,Yes,No,Month-to-Month,Yes,Electronic Check,105.21,1639.69,1,No
CUST-102186,Male,0,Yes,No,26-35,Chennai,14,Yes,Yes,Fiber Optic,No,No,No,No,No,No,Month-to-Month,Yes,Bank Transfer (Auto),80.25,1089.67,1,No
CUST-102187,Female,0,Yes,No,18-25,Bangalore,12,Yes,Yes,Fiber Optic,Yes,Yes,No,No,Yes,No,Two Year,Yes,Credit Card (Auto),93.48,1055.42,3,No
CUST-102188,Female,0,Yes,No,18-25,Mumbai,43,Yes,No,Fiber Optic,Yes,Yes,Yes,No,Yes,No,One Year,No,Mailed Check,96.55,4166.22,0,No
CUST-102189,Male,1,No,No,46-55,Bangalore,11,Yes,Yes,Fiber Optic,No,No,No,No,No,Yes,Two Year,No,Bank Transfer (Auto),72.9,829.92,2,Yes
CUST-102190,Female,0,No,No,26-35,Bangalore,1,Yes,Yes,Fiber Optic,No,No,Yes,No,Yes,Yes,Month-to-Month,No,Credit Card (Auto),107.46,100.57,2,Yes
CUST-102191,Male,0,Yes,Yes,36-45,Delhi,1,Yes,No,Fiber Optic,Yes,Yes,No,Yes,No,Yes,One Year,Yes,Bank Transfer (Auto),98.38,107.22,2,Yes
CUST-102192,Female,0,Yes,No,18-25,Hyderabad,1,Yes,No,Fiber Optic,Yes,No,Yes,No,No,No,Month-to-Month,Yes,Bank Transfer (Auto),94.03,82.55,1,No
CUST-102193,Male,0,No,No,18-25,Bangalore,12,Yes,No,No,No Internet Service,No Internet Service,No Internet Service,No Internet Service,No Internet Service,No Internet Service,Month-to-Month,No,Bank Transfer (Auto),47.47,626.76,3,No
CUST-102194,Male,0,Yes,Yes,36-45,Kolkata,30,Yes,No,No,No Internet Service,No Internet Service,No Internet Service,No Internet Service,No Internet Service,No Internet Service,One Year,Yes,Electronic Check,49.54,1488.9,0,No
CUST-102195,Female,1,No,No,18-25,Mumbai,5,Yes,No,Fiber Optic,No,Yes,No,Yes,Yes,Yes,Month-to-Month,Yes,Bank Transfer (Auto),112.17,574.73,0,No
CUST-102196,Male,0,Yes,Yes,18-25,Chennai,24,Yes,No,Fiber Optic,No,Yes,No,No,No,No,One Year,Yes,Credit Card (Auto),91.16,2228.02,2,Yes
CUST-102197,Female,0,No,No,18-25,Pune,27,Yes,No,DSL,No,Yes,No,No,No,No,One Year,No,Electronic Check,78.59,2120.74,1,No
CUST-102198,Female,0,No,Yes,26-35,Chennai,7,Yes,No,No,No Internet Service,No Internet Service,No Internet Service,No Internet Service,No Internet Service,No Internet Service,Two Year,No,Credit Card (Auto),30.77,285.05,2,No
CUST-102199,Male,1,No,No,26-35,Hyderabad,22,Yes,No,No,No Internet Service,No Internet Service,No Internet Service,No Internet Service,No Internet Service,No Internet Service,Month-to-Month,No,Bank Transfer (Auto),57.52,1232.21,2,No
CUST-102200,Male,0,No,No,56-65,Mumbai,27,Yes,No,Fiber Optic,No,No,No,No,Yes,No,One Year,No,Mailed Check,91.1,2546.0,2,Yes
CUST-102201,Female,0,Yes,Yes,36-45,Chennai,15,Yes,No,Fiber Optic,No,Yes,Yes,No,Yes,Yes,Two Year,Yes,Bank Transfer (Auto),107.57,1603.71,1,No
CUST-102202,Male,0,No,No,26-35,Hyderabad,9,No,No Phone Service,DSL,Yes,Yes,No,No,No,Yes,Two Year,Yes,Mailed Check,84.81,730.66,1,No
CUST-102203,Male,0,No,No,18-25,Ahmedabad,23,Yes,No,No,No Internet Service,No Internet Service,No Internet Service,No Internet Service,No Internet Service,No Internet Service,One Year,Yes,Credit Card (Auto),43.05,911.71,2,No
CUST-102204,Male,0,Yes,No,18-25,Kolkata,72,Yes,Yes,Fiber Optic,No,No,Yes,Yes,Yes,Yes,One Year,No,Mailed Check,92.38,6694.94,1,No
CUST-102205,Male,0,Yes,No,18-25,Mumbai,13,Yes,No,DSL,No,No,Yes,No,No,No,Month-to-Month,Yes,Credit Card (Auto),65.23,829.72,0,Yes
CUST-102206,Male,0,Yes,No,65+,Ahmedabad,11,Yes,No,Fiber Optic,No,No,Yes,No,No,No,One Year,No,Mailed Check,73.88,819.86,1,No
CUST-102207,Female,0,Yes,No,36-45,Hyderabad,14,Yes,Yes,Fiber Optic,Yes,Yes,Yes,Yes,No,Yes,One Year,Yes,Bank Transfer (Auto),93.6,1323.46,2,No
CUST-102208,Female,0,Yes,Yes,18-25,Ahmedabad,1,Yes,No,DSL,Yes,No,No,No,No,Yes,One Year,Yes,Credit Card (Auto),90.93,66.55,2,No
CUST-102209,Male,0,No,Yes,18-25,Mumbai,19,Yes,Yes,Fiber Optic,Yes,Yes,No,No,No,No,One Year,No,Electronic Check,93.99,1839.48,4,No
CUST-102210,Male,0,Yes,No,18-25,Chennai,9,No,No Phone Service,DSL,Yes,No,No,Yes,No,Yes,Month-to-Month,Yes,Bank Transfer (Auto),83.47,773.97,2,No
CUST-102211,Male,0,No,Yes,18-25,Bangalore,3,Yes,Yes,DSL,No,Yes,No,No,No,No,Month-to-Month,Yes,Electronic Check,69.12,164.78,2,Yes
CUST-102212,Female,0,Yes,No,18-25,Mumbai,15,Yes,Yes,No,No Internet Service,No Internet Service,No Internet Service,No Internet Service,No Internet Service,No Internet Service,One Year,No,Credit Card (Auto),60.43,839.24,2,No
CUST-102213,Male,0,Yes,No,26-35,Mumbai,0,Yes,Yes,Fiber Optic,No,No,No,No,No,Yes,Month-to-Month,No,Bank Transfer (Auto),98.88,39.06,0,No
CUST-102214,Female,0,No,No,46-55,Delhi,12,Yes,No,Fiber Optic,No,No,Yes,No,Yes,No,Month-to-Month,Yes,Credit Card (Auto),81.48,965.71,0,No
CUST-102215,Female,0,No,Yes,18-25,Mumbai,2,Yes,No,Fiber Optic,No,Yes,Yes,Yes,No,No,Month-to-Month,Yes,Credit Card (Auto),109.3,253.5,4,No
CUST-102216,Female,0,Yes,No,18-25,Chennai,0,No,No Phone Service,DSL,No,No,Yes,No,No,No,Month-to-Month,Yes,Electronic Check,63.93,0.0,3,Yes
CUST-102217,Male,1,Yes,No,26-35,Delhi,41,Yes,No,DSL,Yes,Yes,No,No,No,No,Two Year,Yes,Electronic Check,83.5,3434.11,1,No
CUST-102218,Female,0,Yes,Yes,36-45,Ahmedabad,59,Yes,No,Fiber Optic,No,No,No,No,No,Yes,Month-to-Month,Yes,Bank Transfer (Auto),91.9,5462.37,1,No
CUST-102219,Male,1,No,No,18-25,Chennai,5,Yes,Yes,DSL,No,No,No,No,No,Yes,Month-to-Month,No,Mailed Check,57.51,212.49,2,No
CUST-102220,Female,0,No,No,46-55,Pune,18,Yes,No,DSL,No,No,Yes,Yes,No,No,Month-to-Month,Yes,Electronic Check,77.7,1482.9,2,Yes
CUST-102221,Male,0,Yes,Yes,26-35,Bangalore,7,Yes,Yes,Fiber Optic,Yes,Yes,Yes,Yes,Yes,No,Month-to-Month,Yes,Electronic Check,127.38,910.44,1,No
CUST-102222,Female,0,No,No,26-35,Delhi,16,Yes,No,DSL,No,Yes,Yes,No,No,Yes,Month-to-Month,Yes,Bank Transfer (Auto),72.63,1059.88,0,No
CUST-102223,Male,0,No,Yes,36-45,Pune,13,Yes,Yes,Fiber Optic,No,No,Yes,Yes,No,No,Month-to-Month,Yes,Electronic Check,88.6,1219.21,1,Yes
CUST-102224,Female,0,Yes,No,18-25,Bangalore,7,Yes,No,No,No Internet Service,No Internet Service,No Internet Service,No Internet Service,No Internet Service,No Internet Service,Two Year,Yes,Credit Card (Auto),52.99,420.36,2,No
CUST-102225,Male,0,No,No,18-25,Ahmedabad,28,No,No Phone Service,DSL,No,Yes,Yes,Yes,No,Yes,Month-to-Month,Yes,Credit Card (Auto),74.3,2070.9,1,No
CUST-102226,Male,1,No,No,18-25,Chennai,3,Yes,No,Fiber Optic,Yes,No,Yes,Yes,No,No,One Year,Yes,Credit Card (Auto),103.33,379.78,2,No
CUST-102227,Male,1,Yes,No,18-25,Kolkata,1,Yes,Yes,DSL,No,Yes,Yes,Yes,No,Yes,Two Year,No,Electronic Check,74.83,42.89,5,No
CUST-102228,Male,0,Yes,No,46-55,Delhi,35,Yes,No,DSL,No,Yes,Yes,Yes,No,No,Two Year,No,Electronic Check,75.82,2647.19,1,No
CUST-102229,Female,0,Yes,No,18-25,Bangalore,26,Yes,No,Fiber Optic,No,Yes,No,Yes,No,No,Month-to-Month,No,Bank Transfer (Auto),100.79,2737.76,2,No
CUST-102230,Female,0,Yes,No,46-55,Delhi,16,Yes,Yes,No,No Internet Service,No Internet Service,No Internet Service,No Internet Service,No Internet Service,No Internet Service,Month-to-Month,No,Credit Card (Auto),36.89,616.28,0,No
CUST-102231,Male,0,No,Yes,46-55,Pune,15,Yes,Yes,Fiber Optic,No,No,No,Yes,No,No,Month-to-Month,No,Mailed Check,77.57,1217.75,2,No
CUST-102232,Female,0,Yes,Yes,18-25,Pune,16,No,No Phone Service,DSL,No,No,No,Yes,Yes,No,Month-to-Month,Yes,Mailed Check,76.93,1271.72,1,No
CUST-102233,Male,1,No,No,18-25,Chennai,13,Yes,No,No,No Internet Service,No Internet Service,No Internet Service,No Internet Service,No Internet Service,No Internet Service,Month-to-Month,Yes,Electronic Check,56.66,667.29,1,No
CUST-102234,Male,0,No,No,65+,Pune,11,Yes,Yes,DSL,No,Yes,Yes,No,Yes,No,Two Year,Yes,Bank Transfer (Auto),82.72,924.87,2,Yes
CUST-102235,Female,0,No,Yes,18-25,Bangalore,16,Yes,No,Fiber Optic,Yes,Yes,Yes,No,No,No,Month-to-Month,Yes,Bank Transfer (Auto),78.72,1269.88,2,No
CUST-102236,Male,0,No,Yes,18-25,Kolkata,18,Yes,No,Fiber Optic,Yes,Yes,No,No,No,No,Month-to-Month,No,Electronic Check,94.6,1762.09,1,Yes
CUST-102237,Male,0,Yes,No,18-25,Ahmedabad,28,Yes,Yes,Fiber Optic,No,Yes,Yes,No,Yes,No,Month-to-Month,Yes,Mailed Check,99.1,2849.85,2,No
CUST-102238,Female,0,Yes,No,56-65,Chennai,29,Yes,Yes,DSL,No,Yes,No,No,Yes,No,Two Year,Yes,Bank Transfer (Auto),70.5,2108.99,1,No
CUST-102239,Male,0,No,No,18-25,Bangalore,11,Yes,No,DSL,Yes,Yes,No,No,No,No,One Year,Yes,Mailed Check,65.18,693.33,1,No
CUST-102240,Male,0,Yes,No,36-45,Kolkata,12,Yes,No,Fiber Optic,No,No,No,No,No,Yes,Month-to-Month,Yes,Bank Transfer (Auto),100.4,1132.95,2,Yes
CUST-102241,Male,0,Yes,No,46-55,Ahmedabad,11,Yes,Yes,No,No Internet Service,No Internet Service,No Internet Service,No Internet Service,No Internet Service,No Internet Service,Month-to-Month,Yes,Credit Card (Auto),42.03,487.32,2,No
CUST-102242,Male,0,No,No,56-65,Hyderabad,18,Yes,No,Fiber Optic,Yes,No,No,No,No,No,Month-to-Month,Yes,Bank Transfer (Auto),83.1,1491.37,3,No
CUST-102243,Female,1,No,No,26-35,Chennai,14,No,No Phone Service,DSL,No,Yes,No,No,Yes,Yes,One Year,Yes,Bank Transfer (Auto),73.44,975.57,2,No
CUST-102244,Female,0,Yes,Yes,26-35,Kolkata,52,Yes,Yes,DSL,No,No,No,No,No,Yes,One Year,No,Credit Card (Auto),60.85,3129.39,2,No
CUST-102245,Female,0,No,No,26-35,Chennai,28,Yes,No,DSL,Yes,No,No,No,No,No,One Year,Yes,Credit Card (Auto),74.45,2081.65,2,No
CUST-102246,Male,0,No,No,26-35,Delhi,54,Yes,Yes,DSL,No,No,Yes,No,No,No,Month-to-Month,Yes,Mailed Check,69.42,3761.59,2,No
CUST-102247,Male,0,Yes,No,18-25,Bangalore,29,Yes,Yes,Fiber Optic,No,Yes,Yes,Yes,Yes,No,One Year,Yes,Electronic Check,116.38,3347.22,2,No
CUST-102248,Female,0,Yes,Yes,26-35,Chennai,72,Yes,Yes,No,No Internet Service,No Internet Service,No Internet Service,No Internet Service,No Internet Service,No Internet Service,One Year,Yes,Credit Card (Auto),30.63,2204.57,0,No
CUST-102249,Male,0,No,No,18-25,Bangalore,24,Yes,No,DSL,No,No,Yes,No,Yes,No,Two Year,Yes,Electronic Check,70.44,1686.91,1,Yes
CUST-102250,Male,0,Yes,Yes,26-35,Chennai,72,Yes,No,DSL,Yes,No,No,No,No,Yes,One Year,No,Credit Card (Auto),72.39,5225.82,0,No
CUST-102251,Male,0,Yes,Yes,36-45,Delhi,4,Yes,Yes,DSL,No,Yes,Yes,Yes,No,No,Month-to-Month,No,Electronic Check,73.27,244.29,3,No
CUST-102252,Male,0,No,No,18-25,Mumbai,1,Yes,Yes,Fiber Optic,No,No,Yes,No,Yes,No,Month-to-Month,No,Credit Card (Auto),90.27,55.36,4,No
CUST-102253,Female,0,No,No,46-55,Mumbai,20,Yes,No,No,No Internet Service,No Internet Service,No Internet Service,No Internet Service,No Internet Service,No Internet Service,Month-to-Month,No,Bank Transfer (Auto),40.38,875.03,3,No
CUST-102254,Female,1,Yes,No,26-35,Mumbai,72,Yes,Yes,DSL,Yes,No,No,No,Yes,No,One Year,No,Credit Card (Auto),76.74,5512.33,0,No
CUST-102255,Female,1,Yes,No,26-35,Bangalore,12,Yes,No,DSL,No,Yes,No,No,No,Yes,One Year,Yes,Mailed Check,78.16,961.74,1,No
CUST-102256,Male,0,Yes,No,18-25,Mumbai,5,Yes,Yes,DSL,No,Yes,Yes,No,No,No,Month-to-Month,No,Credit Card (Auto),60.08,239.5,1,No
CUST-102257,Female,0,No,No,,Delhi,17,Yes,No,No,No Internet Service,No Internet Service,No Internet Service,No Internet Service,No Internet Service,No Internet Service,Month-to-Month,No,Electronic Check,39.67,733.78,0,No
CUST-102258,Female,0,Yes,No,26-35,Hyderabad,25,Yes,Yes,Fiber Optic,No,No,No,No,No,Yes,Month-to-Month,Yes,Electronic Check,77.86,2004.08,1,Yes
CUST-102259,Male,1,No,Yes,65+,Pune,9,Yes,No,No,No Internet Service,No Internet Service,No Internet Service,No Internet Service,No Internet Service,No Internet Service,Two Year,No,Electronic Check,45.54,424.8,0,Yes
CUST-102260,Male,0,No,No,36-45,Hyderabad,30,Yes,No,Fiber Optic,No,No,No,Yes,Yes,Yes,Month-to-Month,No,Credit Card (Auto),96.37,2860.4,2,No
CUST-102261,Female,1,Yes,No,46-55,Hyderabad,72,Yes,No,DSL,No,No,No,No,No,Yes,Month-to-Month,Yes,Mailed Check,61.47,4354.03,1,No
CUST-102262,Female,0,No,Yes,18-25,Delhi,54,Yes,No,Fiber Optic,No,Yes,Yes,No,No,No,Month-to-Month,Yes,Bank Transfer (Auto),119.01,6540.26,0,No
CUST-102263,Female,0,No,No,26-35,Mumbai,8,Yes,Yes,Fiber Optic,No,No,Yes,No,Yes,Yes,Month-to-Month,Yes,Bank Transfer (Auto),90.97,707.49,0,No
CUST-102264,Female,0,No,No,18-25,Mumbai,9,Yes,No,Fiber Optic,No,No,No,Yes,Yes,Yes,One Year,Yes,Credit Card (Auto),97.45,805.36,3,No
CUST-102265,Male,1,Yes,No,36-45,Ahmedabad,11,Yes,Yes,Fiber Optic,No,No,Yes,No,No,Yes,Two Year,Yes,Bank Transfer (Auto),92.23,984.7,3,No
CUST-102266,Female,1,No,No,65+,Ahmedabad,12,Yes,Yes,Fiber Optic,No,Yes,Yes,No,No,No,Month-to-Month,Yes,Bank Transfer (Auto),100.97,1231.6,0,No
CUST-102267,Female,0,No,No,18-25,Bangalore,2,Yes,No,DSL,No,No,No,No,No,No,One Year,Yes,Bank Transfer (Auto),74.75,87.13,0,No
CUST-102268,Male,0,No,Yes,36-45,Bangalore,34,Yes,Yes,Fiber Optic,Yes,Yes,No,No,Yes,No,Month-to-Month,No,Bank Transfer (Auto),103.32,3483.36,2,No
CUST-102269,Female,0,Yes,Yes,36-45,Kolkata,10,Yes,Yes,DSL,No,No,No,Yes,No,No,Two Year,No,Electronic Check,72.6,653.95,1,No
CUST-102270,Male,0,No,No,18-25,Mumbai,50,Yes,Yes,Fiber Optic,No,No,Yes,No,No,No,Month-to-Month,No,Electronic Check,87.51,4447.66,0,No
CUST-102271,Male,0,Yes,No,18-25,Delhi,62,Yes,No,Fiber Optic,Yes,No,Yes,No,No,No,Month-to-Month,Yes,Electronic Check,82.2,5092.26,2,Yes
CUST-102272,Male,0,Yes,No,18-25,Mumbai,0,Yes,No,Fiber Optic,No,No,No,Yes,No,Yes,Month-to-Month,No,Mailed Check,88.26,0.0,1,No
CUST-102273,Female,0,Yes,No,18-25,Kolkata,72,Yes,Yes,Fiber Optic,No,Yes,Yes,No,No,No,Month-to-Month,Yes,Mailed Check,81.1,5794.2,2,Yes
CUST-102274,Female,0,No,No,46-55,Mumbai,29,Yes,No,Fiber Optic,No,No,No,No,No,Yes,Month-to-Month,Yes,Bank Transfer (Auto),94.7,2714.04,3,Yes
CUST-102275,Male,0,Yes,No,36-45,Mumbai,17,Yes,Yes,No,No Internet Service,No Internet Service,No Internet Service,No Internet Service,No Internet Service,No Internet Service,One Year,Yes,Credit Card (Auto),60.11,1023.02,1,No
CUST-102276,Female,0,No,Yes,36-45,Kolkata,11,Yes,Yes,Fiber Optic,No,No,No,No,No,No,One Year,Yes,Electronic Check,73.28,760.5,1,No
CUST-102277,Female,0,No,Yes,36-45,Chennai,17,Yes,No,DSL,No,No,No,No,No,No,Month-to-Month,No,Bank Transfer (Auto),63.93,1068.55,2,No
CUST-102278,Male,0,Yes,No,18-25,Hyderabad,9,Yes,No,Fiber Optic,No,No,No,No,No,No,One Year,No,Bank Transfer (Auto),96.24,834.29,2,No
CUST-102279,Male,0,No,No,46-55,Ahmedabad,23,Yes,Yes,No,No Internet Service,No Internet Service,No Internet Service,No Internet Service,No Internet Service,No Internet Service,Month-to-Month,Yes,Electronic Check,59.39,1294.14,3,Yes
CUST-102280,Female,0,Yes,No,36-45,Hyderabad,2,Yes,No,Fiber Optic,No,Yes,No,No,Yes,Yes,One Year,No,Bank Transfer (Auto),110.57,175.38,1,No
CUST-102281,Male,0,Yes,No,46-55,Bangalore,23,Yes,Yes,No,No Internet Service,No Internet Service,No Internet Service,No Internet Service,No Internet Service,No Internet Service,One Year,Yes,Credit Card (Auto),42.69,943.29,2,No
CUST-102282,Female,0,No,No,26-35,Bangalore,7,Yes,Yes,Fiber Optic,No,No,No,No,No,No,One Year,Yes,Electronic Check,70.51,432.6,2,No
CUST-102283,Female,0,No,No,18-25,Chennai,0,Yes,No,Fiber Optic,Yes,No,Yes,No,No,No,Month-to-Month,Yes,Mailed Check,91.94,0.0,2,Yes
CUST-102284,Female,0,No,No,26-35,Bangalore,19,Yes,No,DSL,No,Yes,Yes,Yes,No,Yes,Month-to-Month,Yes,Electronic Check,89.34,1667.7,2,No
CUST-102285,Female,0,No,No,26-35,Chennai,20,Yes,No,DSL,No,No,No,No,Yes,Yes,Month-to-Month,Yes,Electronic Check,75.57,1554.63,0,Yes
CUST-102286,Male,1,Yes,No,36-45,Pune,13,Yes,No,Fiber Optic,No,No,No,Yes,No,No,Month-to-Month,Yes,Bank Transfer (Auto),83.5,1078.1,1,No
CUST-102287,Male,1,Yes,No,18-25,Delhi,1,Yes,Yes,Fiber Optic,No,Yes,No,No,No,Yes,One Year,Yes,Credit Card (Auto),101.49,0.0,1,No
CUST-102288,Male,0,No,Yes,26-35,Chennai,53,Yes,No,No,No Internet Service,No Internet Service,No Internet Service,No Internet Service,No Internet Service,No Internet Service,Month-to-Month,Yes,Bank Transfer (Auto),62.78,3377.85,1,No
CUST-102289,Male,0,Yes,No,18-25,Pune,22,Yes,Yes,Fiber Optic,No,Yes,Yes,No,No,No,Month-to-Month,Yes,Mailed Check,97.59,2112.33,0,Yes
CUST-102290,Female,0,Yes,No,26-35,Ahmedabad,2,Yes,No,DSL,No,Yes,Yes,No,No,Yes,Month-to-Month,Yes,Credit Card (Auto),91.54,254.98,2,Yes
CUST-102291,Female,1,No,No,26-35,Ahmedabad,17,Yes,No,DSL,No,No,No,No,Yes,Yes,Month-to-Month,Yes,Electronic Check,80.85,1414.79,1,No
CUST-102292,Male,0,Yes,No,18-25,Delhi,16,Yes,No,DSL,No,No,No,No,Yes,Yes,One Year,No,Bank Transfer (Auto),81.23,1284.35,1,No
CUST-102293,Female,0,Yes,No,26-35,Hyderabad,1,Yes,No,Fiber Optic,Yes,No,No,No,Yes,No,Month-to-Month,Yes,Mailed Check,94.58,84.83,2,No
CUST-102294,Female,0,No,Yes,18-25,Bangalore,22,Yes,Yes,DSL,No,No,No,No,Yes,Yes,One Year,Yes,Credit Card (Auto),81.03,1725.62,1,No
CUST-102295,Female,0,No,No,26-35,Bangalore,39,Yes,No,Fiber Optic,No,No,No,No,No,No,Month-to-Month,Yes,Credit Card (Auto),80.64,3177.54,0,No
CUST-102296,Male,0,No,Yes,36-45,Bangalore,33,Yes,Yes,Fiber Optic,No,Yes,Yes,Yes,No,No,Two Year,No,Credit Card (Auto),90.47,3066.34,1,No
CUST-102297,Male,0,No,Yes,18-25,Ahmedabad,5,Yes,No,DSL,No,No,No,No,Yes,No,Two Year,Yes,Electronic Check,74.87,338.0,1,Yes
CUST-102298,Male,0,Yes,No,36-45,Mumbai,47,Yes,No,No,No Internet Service,No Internet Service,No Internet Service,No Internet Service,No Internet Service,No Internet Service,One Year,Yes,Bank Transfer (Auto),38.03,1757.26,1,No
CUST-102299,Female,0,No,No,18-25,Kolkata,10,Yes,Yes,Fiber Optic,Yes,No,No,No,Yes,Yes,Two Year,Yes,Bank Transfer (Auto),91.44,1013.08,0,No
CUST-102300,Male,0,No,No,26-35,Bangalore,70,Yes,No,Fiber Optic,No,Yes,Yes,No,No,No,Month-to-Month,No,Bank Transfer (Auto),103.78,7268.92,2,No
CUST-102301,Male,0,Yes,No,26-35,Hyderabad,1,Yes,No,DSL,Yes,Yes,Yes,Yes,No,No,Two Year,Yes,Mailed Check,99.33,23.13,1,No
CUST-102302,Male,1,Yes,No,18-25,Pune,15,No,No Phone Service,Fiber Optic,Yes,No,No,No,Yes,Yes,Two Year,No,Electronic Check,91.98,1311.51,0,No
CUST-102303,Male,0,No,Yes,18-25,Bangalore,21,Yes,Yes,DSL,No,No,Yes,No,No,No,Two Year,No,Electronic Check,77.19,1706.2,1,No
CUST-102304,Male,0,No,Yes,18-25,Ahmedabad,6,Yes,No,No,No Internet Service,No Internet Service,No Internet Service,No Internet Service,No Internet Service,No Internet Service,One Year,Yes,Electronic Check,35.14,234.52,1,No
CUST-102305,Male,0,No,No,26-35,Kolkata,35,Yes,No,No,No Internet Service,No Internet Service,No Internet Service,No Internet Service,No Internet Service,No Internet Service,One Year,No,Credit Card (Auto),38.27,1286.94,0,No
CUST-102306,Female,0,No,Yes,36-45,Delhi,23,Yes,No,Fiber Optic,No,No,No,No,No,Yes,Month-to-Month,Yes,Credit Card (Auto),99.36,2302.14,0,No
CUST-102307,Female,1,No,No,26-35,Chennai,0,Yes,Yes,DSL,No,No,Yes,Yes,No,Yes,Month-to-Month,No,Electronic Check,71.63,0.0,1,No
CUST-102308,Male,0,No,No,26-35,Hyderabad,22,Yes,No,No,No Internet Service,No Internet Service,No Internet Service,No Internet Service,No Internet Service,No Internet Service,Month-to-Month,No,Credit Card (Auto),27.14,501.08,1,No
CUST-102309,Male,1,No,No,36-45,Bangalore,16,Yes,No,Fiber Optic,No,No,Yes,No,Yes,No,Two Year,No,Electronic Check,87.51,1382.89,2,No
CUST-102310,Female,0,Yes,Yes,18-25,Bangalore,5,No,No Phone Service,DSL,No,No,Yes,No,No,Yes,Month-to-Month,Yes,Mailed Check,69.29,346.01,2,No
CUST-102311,Female,1,No,No,18-25,Delhi,72,No,No Phone Service,Fiber Optic,No,Yes,No,No,No,No,One Year,Yes,Electronic Check,78.23,5554.2,0,No
CUST-102312,Male,0,Yes,No,46-55,Bangalore,54,Yes,Yes,Fiber Optic,Yes,Yes,Yes,No,No,Yes,Month-to-Month,Yes,Credit Card (Auto),87.05,4637.86,1,No
CUST-102313,Male,0,No,Yes,18-25,Chennai,8,Yes,No,No,No Internet Service,No Internet Service,No Internet Service,No Internet Service,No Internet Service,No Internet Service,Month-to-Month,No,Bank Transfer (Auto),49.44,345.43,1,No
CUST-102314,Male,0,No,No,26-35,Pune,18,Yes,No,DSL,Yes,Yes,Yes,No,Yes,Yes,Two Year,Yes,Mailed Check,111.03,1988.32,0,No
CUST-102315,Male,1,No,No,26-35,Delhi,9,Yes,No,Fiber Optic,No,Yes,Yes,No,No,No,Two Year,No,Bank Transfer (Auto),96.67,876.46,2,No
CUST-102316,Female,1,No,No,26-35,Pune,35,No,No Phone Service,No,No Internet Service,No Internet Service,No Internet Service,No Internet Service,No Internet Service,No Internet Service,One Year,No,Electronic Check,42.04,1399.26,1,No
CUST-102317,Male,0,Yes,No,36-45,Hyderabad,63,Yes,Yes,DSL,No,No,Yes,Yes,No,No,Month-to-Month,No,Mailed Check,75.29,4714.17,0,Yes
CUST-102318,Male,1,Yes,Yes,26-35,Delhi,10,Yes,Yes,No,No Internet Service,No Internet Service,No Internet Service,No Internet Service,No Internet Service,No Internet Service,Month-to-Month,Yes,Mailed Check,42.1,397.47,2,No
CUST-102319,Male,0,Yes,No,36-45,Pune,39,Yes,Yes,Fiber Optic,Yes,No,No,Yes,Yes,Yes,Month-to-Month,No,Electronic Check,105.17,4014.75,1,Yes
CUST-102320,Male,0,No,No,18-25,Chennai,16,No,No Phone Service,Fiber Optic,Yes,No,No,Yes,No,No,Month-to-Month,Yes,Credit Card (Auto),94.09,1516.68,3,No
CUST-102321,Female,0,No,Yes,18-25,Ahmedabad,12,Yes,Yes,Fiber Optic,Yes,No,Yes,Yes,No,No,Month-to-Month,No,Bank Transfer (Auto),94.25,1160.84,2,No
CUST-102322,Female,0,No,No,65+,Delhi,66,Yes,No,DSL,No,No,No,No,No,No,Month-to-Month,No,Electronic Check,50.47,3346.62,3,Yes
CUST-102323,Female,0,Yes,Yes,18-25,Ahmedabad,17,Yes,No,Fiber Optic,No,No,Yes,Yes,No,Yes,Month-to-Month,Yes,Electronic Check,92.27,1502.51,3,No
CUST-102324,Male,0,No,No,18-25,Hyderabad,15,Yes,Yes,Fiber Optic,No,No,No,No,No,Yes,One Year,No,Electronic Check,103.68,1585.1,1,No
CUST-102325,Male,0,No,Yes,26-35,Bangalore,26,No,No Phone Service,No,No Internet Service,No Internet Service,No Internet Service,No Internet Service,No Internet Service,No Internet Service,Month-to-Month,No,Mailed Check,45.74,1184.18,0,No
CUST-102326,Female,0,Yes,No,56-65,Kolkata,7,Yes,No,No,No Internet Service,No Internet Service,No Internet Service,No Internet Service,No Internet Service,No Internet Service,Month-to-Month,Yes,Mailed Check,38.45,318.28,1,No
CUST-102327,Male,0,No,No,36-45,Mumbai,9,Yes,No,DSL,No,Yes,No,No,No,No,Month-to-Month,No,Electronic Check,70.62,659.49,2,Yes
CUST-102328,Male,0,No,No,26-35,Bangalore,64,No,No Phone Service,No,No Internet Service,No Internet Service,No Internet Service,No Internet Service,No Internet Service,No Internet Service,Two Year,Yes,Bank Transfer (Auto),37.12,2391.29,2,No
CUST-102329,Female,0,No,No,26-35,Mumbai,27,Yes,Yes,No,No Internet Service,No Internet Service,No Internet Service,No Internet Service,No Internet Service,No Internet Service,Month-to-Month,Yes,Mailed Check,46.01,1228.17,0,No
CUST-102330,Female,0,Yes,No,,Chennai,42,Yes,No,DSL,No,No,No,No,No,No,Month-to-Month,Yes,Electronic Check,64.35,2750.51,1,Yes
CUST-102331,Female,0,No,No,36-45,Mumbai,7,Yes,Yes,DSL,No,Yes,Yes,No,No,No,Month-to-Month,No,Credit Card (Auto),86.22,546.37,1,No
CUST-102332,Female,0,Yes,No,18-25,Ahmedabad,18,Yes,No,No,No Internet Service,No Internet Service,No Internet Service,No Internet Service,No Internet Service,No Internet Service,Two Year,Yes,Electronic Check,56.81,959.39,2,No
CUST-102333,Male,0,No,No,26-35,Mumbai,72,Yes,No,DSL,No,Yes,No,No,No,Yes,One Year,No,Mailed Check,76.6,5652.3,0,No
CUST-102334,Male,0,Yes,No,56-65,Ahmedabad,9,Yes,No,Fiber Optic,No,No,Yes,No,No,No,One Year,No,Mailed Check,94.99,757.78,1,No
CUST-102335,Female,0,Yes,No,18-25,Chennai,4,Yes,Yes,Fiber Optic,No,No,Yes,No,No,No,Month-to-Month,No,Electronic Check,81.23,265.35,0,Yes
CUST-102336,Male,0,No,No,36-45,Kolkata,17,No,No Phone Service,DSL,Yes,No,Yes,No,No,No,One Year,No,Electronic Check,75.23,1319.1,3,Yes
CUST-102337,Female,0,Yes,No,26-35,Bangalore,11,Yes,Yes,No,No Internet Service,No Internet Service,No Internet Service,No Internet Service,No Internet Service,No Internet Service,One Year,No,Electronic Check,37.53,331.48,1,No
CUST-102338,Female,0,No,Yes,18-25,Delhi,4,Yes,Yes,DSL,Yes,No,Yes,No,No,Yes,One Year,Yes,Credit Card (Auto),85.91,380.46,0,No
CUST-102339,Male,0,No,No,36-45,Delhi,52,Yes,No,No,No Internet Service,No Internet Service,No Internet Service,No Internet Service,No Internet Service,No Internet Service,Two Year,Yes,Bank Transfer (Auto),61.7,3269.74,5,No
CUST-102340,Female,1,No,Yes,26-35,Hyderabad,72,Yes,No,DSL,No,Yes,No,No,No,No,Month-to-Month,No,Bank Transfer (Auto),80.61,5871.23,1,No
CUST-102341,Male,1,No,No,18-25,Delhi,20,Yes,Yes,Fiber Optic,No,No,No,No,Yes,No,Month-to-Month,Yes,Mailed Check,94.56,1894.54,1,Yes
CUST-102342,Male,0,Yes,Yes,36-45,Kolkata,35,Yes,Yes,DSL,No,No,No,No,No,No,Two Year,No,Mailed Check,72.66,2484.45,0,No
CUST-102343,Male,0,No,No,26-35,Mumbai,47,Yes,Yes,Fiber Optic,Yes,No,Yes,No,Yes,No,One Year,No,Electronic Check,99.15,4614.33,2,No
CUST-102344,Male,0,Yes,No,26-35,Mumbai,28,Yes,No,Fiber Optic,No,No,No,Yes,No,Yes,Month-to-Month,Yes,Electronic Check,88.3,2535.66,2,No
CUST-102345,Female,0,Yes,No,26-35,Delhi,1,No,No Phone Service,No,No Internet Service,No Internet Service,No Internet Service,No Internet Service,No Internet Service,No Internet Service,Month-to-Month,Yes,Electronic Check,30.36,0.0,2,Yes
CUST-102346,Male,1,No,No,18-25,Mumbai,4,Yes,Yes,DSL,Yes,No,Yes,No,Yes,Yes,Two Year,No,Mailed Check,80.59,363.53,1,No
CUST-102347,Female,0,Yes,No,18-25,Kolkata,1,Yes,No,No,No Internet Service,No Internet Service,No Internet Service,No Internet Service,No Internet Service,No Internet Service,Month-to-Month,No,Electronic Check,42.5,0.0,2,No
CUST-102348,Female,0,No,No,36-45,Mumbai,0,Yes,No,Fiber Optic,No,Yes,No,No,Yes,No,Month-to-Month,Yes,Electronic Check,73.2,0.0,2,Yes
CUST-102349,Female,0,No,No,26-35,Chennai,8,Yes,Yes,DSL,No,No,No,No,No,Yes,Month-to-Month,Yes,Electronic Check,68.15,514.05,1,No
CUST-102350,Female,1,No,No,46-55,Bangalore,11,Yes,No,Fiber Optic,No,Yes,No,No,No,No,Two Year,Yes,Mailed Check,91.41,983.36,1,No
CUST-102351,Male,0,No,No,26-35,Pune,6,Yes,No,DSL,No,No,No,No,Yes,Yes,Two Year,No,Mailed Check,62.26,440.63,1,No
CUST-102352,Male,0,Yes,No,18-25,Bangalore,1,Yes,No,Fiber Optic,Yes,Yes,Yes,Yes,Yes,Yes,Month-to-Month,No,Electronic Check,136.36,109.41,0,No
CUST-102353,Female,0,No,Yes,18-25,Chennai,18,Yes,No,DSL,No,Yes,Yes,Yes,No,Yes,One Year,Yes,Electronic Check,87.18,1621.38,1,No
CUST-102354,Female,0,No,No,18-25,Chennai,7,Yes,Yes,Fiber Optic,No,No,No,No,Yes,Yes,Month-to-Month,Yes,Electronic Check,86.2,567.41,1,Yes
CUST-102355,Male,0,No,No,26-35,Bangalore,38,Yes,No,Fiber Optic,No,No,Yes,No,No,Yes,Month-to-Month,Yes,Electronic Check,85.4,3258.31,3,No
CUST-102356,Female,0,Yes,No,18-25,Mumbai,0,Yes,Yes,DSL,Yes,No,No,No,Yes,Yes,Two Year,Yes,Electronic Check,83.75,0.0,4,No
CUST-102357,Male,1,No,No,56-65,Bangalore,44,Yes,No,DSL,No,Yes,No,No,No,No,Month-to-Month,No,Electronic Check,70.02,3012.23,2,No
CUST-102358,Female,1,Yes,No,18-25,Kolkata,72,Yes,Yes,DSL,No,No,No,No,No,Yes,Month-to-Month,Yes,Bank Transfer (Auto),65.79,4669.36,1,No
CUST-102359,Male,1,Yes,No,36-45,Pune,30,Yes,No,DSL,No,Yes,Yes,No,No,No,One Year,No,Mailed Check,81.89,2443.57,3,No
CUST-102360,Female,0,No,Yes,26-35,Bangalore,31,Yes,Yes,No,No Internet Service,No Internet Service,No Internet Service,No Internet Service,No Internet Service,No Internet Service,Month-to-Month,Yes,Electronic Check,48.86,1494.98,0,No
CUST-102361,Female,0,No,No,18-25,Kolkata,65,Yes,No,No,No Internet Service,No Internet Service,No Internet Service,No Internet Service,No Internet Service,No Internet Service,Month-to-Month,No,Electronic Check,41.44,2727.43,3,No
CUST-102362,Male,0,No,Yes,36-45,Bangalore,5,Yes,Yes,Fiber Optic,Yes,No,Yes,No,Yes,Yes,One Year,No,Electronic Check,100.87,411.59,2,No
CUST-102363,Female,0,No,No,65+,Delhi,72,Yes,Yes,Fiber Optic,No,Yes,Yes,No,No,Yes,One Year,No,Electronic Check,107.32,7685.6,0,No
CUST-102364,Female,0,No,No,18-25,Kolkata,35,No,No Phone Service,DSL,No,Yes,Yes,Yes,Yes,No,Month-to-Month,Yes,Credit Card (Auto),81.35,2868.78,3,No
CUST-102365,Male,0,Yes,Yes,36-45,Hyderabad,31,Yes,No,Fiber Optic,No,No,No,Yes,No,No,Month-to-Month,Yes,Credit Card (Auto),87.87,,5,No
CUST-102366,Female,0,Yes,No,36-45,Bangalore,10,Yes,Yes,Fiber Optic,No,No,No,No,No,No,One Year,No,Electronic Check,80.69,734.16,1,No
CUST-102367,Male,0,Yes,No,36-45,Delhi,18,Yes,Yes,Fiber Optic,No,Yes,No,No,Yes,Yes,Two Year,No,Bank Transfer (Auto),107.46,1952.28,1,No
CUST-102368,Male,0,No,Yes,18-25,Pune,25,Yes,No,Fiber Optic,No,Yes,Yes,No,Yes,Yes,Month-to-Month,Yes,Electronic Check,97.23,2473.19,1,Yes
CUST-102369,Female,0,Yes,No,36-45,Hyderabad,23,Yes,Yes,DSL,No,No,No,Yes,No,No,Two Year,Yes,Electronic Check,61.92,1374.27,0,No
CUST-102370,Female,0,Yes,Yes,18-25,Delhi,29,Yes,No,Fiber Optic,Yes,No,Yes,Yes,No,No,One Year,No,Bank Transfer (Auto),96.8,2855.54,2,No
CUST-102371,Female,0,No,No,18-25,Delhi,2,Yes,Yes,Fiber Optic,No,No,Yes,No,No,No,Two Year,No,Electronic Check,93.71,157.61,1,No
CUST-102372,Female,0,Yes,No,18-25,Bangalore,10,Yes,No,No,No Internet Service,No Internet Service,No Internet Service,No Internet Service,No Internet Service,No Internet Service,Month-to-Month,Yes,Mailed Check,46.65,448.69,1,No
CUST-102373,Female,0,Yes,No,18-25,Hyderabad,13,Yes,No,No,No Internet Service,No Internet Service,No Internet Service,No Internet Service,No Internet Service,No Internet Service,Month-to-Month,No,Bank Transfer (Auto),56.76,711.24,2,No
CUST-102374,Female,0,No,No,26-35,Pune,7,Yes,Yes,No,No Internet Service,No Internet Service,No Internet Service,No Internet Service,No Internet Service,No Internet Service,Month-to-Month,No,Bank Transfer (Auto),37.58,313.77,4,Yes
CUST-102375,Female,0,Yes,No,26-35,Delhi,4,No,No Phone Service,Fiber Optic,Yes,No,No,Yes,Yes,No,Month-to-Month,Yes,Credit Card (Auto),105.12,412.33,3,Yes
CUST-102376,Male,0,Yes,Yes,18-25,Pune,3,Yes,No,Fiber Optic,No,No,No,No,Yes,No,Two Year,Yes,Credit Card (Auto),78.62,274.51,3,No
CUST-102377,Female,0,Yes,No,26-35,Ahmedabad,10,Yes,No,Fiber Optic,Yes,No,Yes,No,Yes,Yes,Month-to-Month,No,Credit Card (Auto),111.68,1092.52,3,No
CUST-102378,Male,0,No,No,18-25,Bangalore,16,Yes,Yes,Fiber Optic,No,No,No,No,No,Yes,One Year,No,Mailed Check,85.53,1386.44,1,No
CUST-102379,Female,0,No,Yes,18-25,Bangalore,1,No,No Phone Service,Fiber Optic,Yes,Yes,No,No,No,Yes,Month-to-Month,Yes,Electronic Check,101.66,47.29,1,Yes
CUST-102380,Female,0,Yes,No,18-25,Hyderabad,70,Yes,No,No,No Internet Service,No Internet Service,No Internet Service,No Internet Service,No Internet Service,No Internet Service,One Year,Yes,Bank Transfer (Auto),41.44,2950.86,0,No
CUST-102381,Male,0,No,Yes,18-25,Kolkata,34,Yes,Yes,No,No Internet Service,No Internet Service,No Internet Service,No Internet Service,No Internet Service,No Internet Service,Month-to-Month,No,Credit Card (Auto),44.62,1501.75,2,No
CUST-102382,Female,0,Yes,No,18-25,Mumbai,31,Yes,No,No,No Internet Service,No Internet Service,No Internet Service,No Internet Service,No Internet Service,No Internet Service,Month-to-Month,No,Mailed Check,36.94,1207.6,4,No
CUST-102383,Female,0,No,No,18-25,Bangalore,4,Yes,No,DSL,Yes,No,Yes,Yes,Yes,No,Month-to-Month,Yes,Credit Card (Auto),80.87,320.86,1,No
CUST-102384,Male,0,Yes,No,56-65,Mumbai,22,Yes,No,DSL,Yes,No,No,No,No,No,One Year,No,Electronic Check,81.45,1796.68,2,Yes
CUST-102385,Female,1,No,No,36-45,Hyderabad,18,Yes,No,DSL,Yes,No,Yes,No,No,No,Month-to-Month,Yes,Electronic Check,77.85,1515.62,0,No
CUST-102386,Female,0,No,No,18-25,Ahmedabad,72,Yes,No,No,No Internet Service,No Internet Service,No Internet Service,No Internet Service,No Internet Service,No Internet Service,Month-to-Month,Yes,Electronic Check,40.01,2917.99,0,No
CUST-102387,Female,0,No,Yes,18-25,Delhi,33,Yes,No,DSL,No,Yes,No,Yes,No,Yes,Month-to-Month,No,Mailed Check,75.73,2508.82,1,No
CUST-102388,Male,0,Yes,No,26-35,Delhi,20,Yes,No,Fiber Optic,Yes,No,No,No,Yes,No,Two Year,Yes,Credit Card (Auto),90.29,1744.84,2,No
CUST-102389,Female,0,Yes,No,18-25,Chennai,45,Yes,Yes,Fiber Optic,No,No,No,Yes,Yes,No,One Year,Yes,Mailed Check,82.35,3667.99,0,No
CUST-102390,Female,0,No,No,46-55,Chennai,4,Yes,No,DSL,No,Yes,No,No,No,Yes,One Year,No,Credit Card (Auto),80.49,361.23,2,No
CUST-102391,Female,0,Yes,No,36-45,Chennai,0,Yes,No,Fiber Optic,No,No,Yes,Yes,No,No,One Year,Yes,Bank Transfer (Auto),100.54,0.0,1,No
CUST-102392,Female,0,No,Yes,46-55,Delhi,28,Yes,No,No,No Internet Service,No Internet Service,No Internet Service,No Internet Service,No Internet Service,No Internet Service,Month-to-Month,Yes,Mailed Check,53.54,1488.77,3,No
CUST-102393,Male,0,No,No,36-45,Mumbai,2,Yes,No,DSL,No,No,No,No,No,Yes,One Year,Yes,Credit Card (Auto),65.64,77.17,1,No
CUST-102394,Male,0,No,Yes,18-25,Delhi,2,Yes,No,DSL,No,No,No,Yes,No,No,Month-to-Month,No,Electronic Check,71.07,162.39,3,Yes
CUST-102395,Female,0,Yes,Yes,26-35,Chennai,32,Yes,Yes,Fiber Optic,No,No,Yes,No,No,Yes,Month-to-Month,No,Credit Card (Auto),97.71,3131.93,0,No
CUST-102396,Female,0,No,No,18-25,Delhi,7,Yes,No,DSL,Yes,No,Yes,Yes,No,No,One Year,Yes,Electronic Check,86.72,642.68,3,No
CUST-102397,Male,0,No,Yes,26-35,Kolkata,23,Yes,No,Fiber Optic,No,Yes,No,No,Yes,No,One Year,No,Electronic Check,83.79,1989.07,1,Yes
CUST-102398,Male,0,No,Yes,36-45,Chennai,59,Yes,No,DSL,No,Yes,No,No,No,No,Month-to-Month,Yes,Bank Transfer (Auto),64.49,3827.35,3,No
CUST-102399,Female,1,Yes,No,36-45,Mumbai,9,No,No Phone Service,Fiber Optic,No,Yes,No,Yes,Yes,Yes,Month-to-Month,Yes,Credit Card (Auto),106.82,902.74,2,No
CUST-102400,Male,0,Yes,Yes,36-45,Mumbai,5,No,No Phone Service,No,No Internet Service,No Internet Service,No Internet Service,No Internet Service,No Internet Service,No Internet Service,One Year,No,Bank Transfer (Auto),41.84,133.6,0,No
CUST-102401,Female,0,Yes,Yes,18-25,Delhi,2,Yes,No,DSL,No,No,No,No,Yes,No,One Year,Yes,Bank Transfer (Auto),72.12,180.78,1,No
CUST-102402,Male,0,Yes,Yes,18-25,Hyderabad,3,Yes,Yes,DSL,No,No,Yes,Yes,Yes,Yes,Month-to-Month,No,Credit Card (Auto),77.06,237.19,0,No
CUST-102403,Male,0,No,Yes,26-35,Ahmedabad,1,Yes,Yes,No,No Internet Service,No Internet Service,No Internet Service,No Internet Service,No Internet Service,No Internet Service,Month-to-Month,No,Electronic Check,42.84,130.4,3,No
CUST-102404,Male,1,No,No,26-35,Mumbai,2,Yes,Yes,No,No Internet Service,No Internet Service,No Internet Service,No Internet Service,No Internet Service,No Internet Service,Two Year,No,Credit Card (Auto),35.6,72.45,1,No
CUST-102405,Male,0,Yes,No,26-35,Kolkata,13,Yes,Yes,Fiber Optic,No,No,No,No,Yes,Yes,One Year,Yes,Mailed Check,89.16,1072.71,3,Yes
CUST-102406,Female,1,No,No,18-25,Hyderabad,9,Yes,Yes,No,No Internet Service,No Internet Service,No Internet Service,No Internet Service,No Internet Service,No Internet Service,Two Year,Yes,Electronic Check,39.23,289.78,1,No
CUST-102407,Male,0,Yes,No,18-25,Bangalore,29,Yes,Yes,Fiber Optic,No,Yes,Yes,No,Yes,No,Month-to-Month,No,Mailed Check,98.86,2829.43,5,No
CUST-102408,Male,0,Yes,Yes,36-45,Chennai,49,Yes,Yes,DSL,Yes,No,No,Yes,Yes,Yes,Month-to-Month,Yes,Electronic Check,84.29,4217.28,1,Yes
CUST-102409,Female,0,Yes,Yes,26-35,Pune,36,Yes,Yes,Fiber Optic,No,No,Yes,No,No,Yes,Month-to-Month,Yes,Electronic Check,91.06,3336.6,2,Yes
CUST-102410,Male,1,Yes,Yes,18-25,Bangalore,18,Yes,No,DSL,No,Yes,No,Yes,No,Yes,One Year,Yes,Electronic Check,100.7,1785.8,1,No
CUST-102411,Male,0,No,No,36-45,Ahmedabad,2,Yes,Yes,DSL,No,Yes,No,Yes,No,No,Month-to-Month,Yes,Electronic Check,76.05,142.42,1,No
CUST-102412,Female,0,Yes,No,18-25,Hyderabad,29,Yes,No,DSL,No,No,No,No,No,No,Month-to-Month,Yes,Bank Transfer (Auto),63.78,1781.5,0,No
CUST-102413,Male,0,No,No,26-35,Mumbai,10,Yes,Yes,DSL,No,Yes,Yes,No,Yes,No,Month-to-Month,Yes,Bank Transfer (Auto),72.61,656.25,2,No
CUST-102414,Female,0,Yes,No,18-25,Hyderabad,2,Yes,No,DSL,No,No,No,No,Yes,No,One Year,No,Bank Transfer (Auto),68.39,192.72,2,No
CUST-102415,Female,1,No,Yes,65+,Pune,44,Yes,Yes,Fiber Optic,No,Yes,No,No,No,No,Month-to-Month,No,Mailed Check,95.6,4253.44,1,No
CUST-102416,Female,0,Yes,No,36-45,Hyderabad,9,No,No Phone Service,No,No Internet Service,No Internet Service,No Internet Service,No Internet Service,No Internet Service,No Internet Service,One Year,Yes,Bank Transfer (Auto),55.88,489.12,1,No
CUST-102417,Female,0,Yes,No,18-25,Hyderabad,5,Yes,No,DSL,No,No,No,No,Yes,No,Two Year,Yes,Electronic Check,72.33,453.8,1,No
CUST-102418,Male,0,Yes,No,56-65,Mumbai,49,Yes,No,DSL,Yes,No,No,No,No,No,One Year,Yes,Bank Transfer (Auto),68.05,3356.17,3,No
CUST-102419,Female,0,Yes,No,18-25,Bangalore,55,Yes,Yes,No,No Internet Service,No Internet Service,No Internet Service,No Internet Service,No Internet Service,No Internet Service,Month-to-Month,No,Electronic Check,44.37,2450.94,2,No
CUST-102420,Male,1,Yes,No,26-35,Bangalore,9,Yes,Yes,Fiber Optic,No,Yes,No,Yes,Yes,No,Two Year,Yes,Mailed Check,99.73,908.45,0,No
CUST-102421,Male,0,No,No,18-25,Mumbai,10,Yes,No,DSL,Yes,No,No,Yes,No,No,Month-to-Month,Yes,Electronic Check,79.37,740.61,1,Yes
CUST-102422,Male,0,No,No,26-35,Chennai,20,Yes,Yes,DSL,Yes,Yes,Yes,No,Yes,Yes,Month-to-Month,Yes,Credit Card (Auto),90.06,1848.42,1,No
CUST-102423,Male,1,No,No,65+,Delhi,31,Yes,Yes,Fiber Optic,No,No,No,Yes,No,No,Two Year,Yes,Credit Card (Auto),93.77,2954.47,1,No
CUST-102424,Male,0,No,No,26-35,Bangalore,1,Yes,No,Fiber Optic,Yes,No,No,Yes,Yes,No,Month-to-Month,Yes,Bank Transfer (Auto),100.95,112.98,0,Yes
CUST-102425,Male,0,Yes,Yes,36-45,Hyderabad,21,Yes,No,No,No Internet Service,No Internet Service,No Internet Service,No Internet Service,No Internet Service,No Internet Service,Month-to-Month,Yes,Electronic Check,57.07,1142.55,3,No
CUST-102426,Male,0,Yes,No,65+,Bangalore,72,Yes,Yes,Fiber Optic,No,Yes,No,No,Yes,No,Month-to-Month,No,Electronic Check,86.33,6270.22,2,No
CUST-102427,Male,0,No,No,26-35,Pune,7,Yes,No,DSL,No,No,No,No,No,Yes,Month-to-Month,No,Credit Card (Auto),69.59,397.11,2,No
CUST-102428,Male,0,No,Yes,18-25,Kolkata,57,Yes,No,DSL,No,No,No,No,No,No,One Year,No,Mailed Check,51.57,2900.8,2,No
CUST-102429,Male,1,No,No,18-25,Delhi,71,Yes,Yes,DSL,Yes,Yes,Yes,No,No,No,Month-to-Month,Yes,Credit Card (Auto),83.61,5965.32,0,No
CUST-102430,Female,0,No,Yes,18-25,Delhi,7,Yes,No,DSL,Yes,No,No,No,No,No,One Year,Yes,Mailed Check,70.42,472.53,0,No
CUST-102431,Female,0,Yes,No,56-65,Delhi,33,No,No Phone Service,No,No Internet Service,No Internet Service,No Internet Service,No Internet Service,No Internet Service,No Internet Service,One Year,No,Credit Card (Auto),42.68,1358.95,0,No
CUST-102432,Female,1,Yes,No,46-55,Hyderabad,6,No,No Phone Service,Fiber Optic,No,No,No,No,Yes,Yes,Month-to-Month,No,Credit Card (Auto),96.26,646.77,3,No
CUST-102433,Male,0,Yes,No,26-35,Mumbai,32,Yes,No,DSL,No,No,No,No,No,Yes,Month-to-Month,No,Bank Transfer (Auto),78.21,2559.39,1,No
CUST-102434,Female,0,Yes,Yes,18-25,Pune,38,Yes,Yes,DSL,No,No,Yes,No,Yes,Yes,Month-to-Month,Yes,Electronic Check,89.4,3450.52,0,Yes
CUST-102435,Female,0,Yes,No,36-45,Mumbai,6,Yes,No,Fiber Optic,No,No,Yes,No,Yes,No,Two Year,Yes,Mailed Check,91.83,567.58,2,No
CUST-102436,Female,1,Yes,No,36-45,Ahmedabad,30,Yes,No,No,No Internet Service,No Internet Service,No Internet Service,No Internet Service,No Internet Service,No Internet Service,One Year,Yes,Credit Card (Auto),48.22,1448.34,4,No
CUST-102437,Male,0,No,No,36-45,Kolkata,40,Yes,Yes,No,No Internet Service,No Internet Service,No Internet Service,No Internet Service,No Internet Service,No Internet Service,Two Year,No,Credit Card (Auto),36.31,1539.3,3,No
CUST-102438,Male,0,No,No,18-25,Ahmedabad,10,Yes,No,Fiber Optic,No,No,No,No,Yes,No,Month-to-Month,Yes,Electronic Check,80.41,875.86,2,Yes
CUST-102439,Male,0,No,No,18-25,Mumbai,4,Yes,No,DSL,No,No,Yes,Yes,No,Yes,Month-to-Month,No,Mailed Check,84.6,334.19,1,Yes
CUST-102440,Male,0,No,No,36-45,Delhi,2,Yes,No,DSL,No,No,Yes,No,No,No,Month-to-Month,Yes,Credit Card (Auto),62.96,261.48,1,Yes
CUST-102441,Female,0,Yes,Yes,26-35,Ahmedabad,20,Yes,No,Fiber Optic,No,Yes,No,No,Yes,No,Month-to-Month,No,Bank Transfer (Auto),96.03,1914.34,1,No
CUST-102442,Female,1,Yes,Yes,18-25,Ahmedabad,72,Yes,No,No,No Internet Service,No Internet Service,No Internet Service,No Internet Service,No Internet Service,No Internet Service,Month-to-Month,No,Credit Card (Auto),38.8,2812.87,2,No
CUST-102443,Female,0,No,No,26-35,Delhi,41,Yes,Yes,DSL,No,No,Yes,No,Yes,No,Two Year,Yes,Credit Card (Auto),61.47,2589.79,2,No
CUST-102444,Female,0,Yes,Yes,26-35,Chennai,13,Yes,No,DSL,Yes,No,No,No,Yes,Yes,Month-to-Month,Yes,Credit Card (Auto),79.51,1052.21,0,No
CUST-102445,Male,1,Yes,No,26-35,Delhi,18,Yes,Yes,Fiber Optic,Yes,Yes,Yes,Yes,Yes,No,Two Year,No,Electronic Check,115.32,2062.54,2,No
CUST-102446,Male,0,Yes,Yes,18-25,Kolkata,7,Yes,Yes,Fiber Optic,No,No,Yes,No,No,No,Month-to-Month,Yes,Electronic Check,101.15,727.14,1,Yes
CUST-102447,Male,0,Yes,No,36-45,Mumbai,4,Yes,No,Fiber Optic,Yes,No,No,No,No,Yes,Two Year,Yes,Electronic Check,88.72,354.62,1,No
CUST-102448,Female,0,No,No,26-35,Chennai,15,No,No Phone Service,DSL,No,No,No,No,Yes,No,Month-to-Month,Yes,Credit Card (Auto),71.04,959.07,1,No
CUST-102449,Male,1,Yes,No,46-55,Delhi,14,Yes,No,DSL,No,Yes,Yes,No,No,No,Two Year,No,Mailed Check,82.48,1204.89,1,No
CUST-102450,Male,0,No,No,36-45,Bangalore,17,Yes,No,Fiber Optic,No,No,No,No,No,No,Month-to-Month,Yes,Electronic Check,73.77,1222.97,1,Yes
CUST-102451,Female,0,No,Yes,56-65,Hyderabad,72,Yes,Yes,Fiber Optic,No,No,Yes,Yes,No,Yes,Two Year,Yes,Electronic Check,110.36,7888.39,3,No
CUST-102452,Female,0,Yes,No,36-45,Bangalore,22,Yes,Yes,DSL,Yes,No,No,No,No,Yes,Month-to-Month,Yes,Mailed Check,59.31,1365.07,2,No
CUST-102453,Male,0,Yes,No,18-25,Hyderabad,22,Yes,No,DSL,No,No,Yes,No,No,No,Month-to-Month,Yes,Credit Card (Auto),67.0,1492.91,0,No
CUST-102454,Male,0,Yes,No,18-25,Chennai,3,Yes,No,DSL,Yes,No,No,Yes,No,No,Month-to-Month,Yes,Bank Transfer (Auto),73.58,254.72,0,No
CUST-102455,Male,0,Yes,No,36-45,Delhi,72,Yes,Yes,DSL,No,No,Yes,Yes,No,No,Month-to-Month,No,Bank Transfer (Auto),64.62,4646.32,0,No
CUST-102456,Male,0,No,No,18-25,Pune,35,Yes,Yes,Fiber Optic,Yes,No,No,No,No,No,One Year,Yes,Electronic Check,85.23,2994.26,1,No
CUST-102457,Male,0,No,No,26-35,Bangalore,50,Yes,Yes,Fiber Optic,No,No,No,No,No,Yes,Two Year,Yes,Credit Card (Auto),86.71,4320.46,1,No
CUST-102458,Male,0,No,No,18-25,Mumbai,12,Yes,No,Fiber Optic,No,Yes,Yes,No,No,No,One Year,Yes,Electronic Check,85.47,982.57,2,Yes
CUST-102459,Female,0,Yes,No,18-25,Kolkata,16,Yes,No,No,No Internet Service,No Internet Service,No Internet Service,No Internet Service,No Internet Service,No Internet Service,One Year,Yes,Bank Transfer (Auto),36.28,614.75,1,No
CUST-102460,Female,0,No,No,26-35,Delhi,17,Yes,Yes,Fiber Optic,Yes,Yes,No,No,Yes,Yes,Month-to-Month,Yes,Electronic Check,100.38,1718.36,0,Yes
CUST-102461,Female,0,No,No,18-25,Kolkata,5,Yes,Yes,DSL,Yes,No,Yes,No,Yes,No,One Year,No,Electronic Check,81.81,495.13,2,No
CUST-102462,Male,0,No,No,26-35,Pune,28,Yes,Yes,DSL,No,Yes,No,No,Yes,Yes,Month-to-Month,Yes,Electronic Check,77.41,2055.7,5,No
CUST-102463,Female,0,No,Yes,18-25,Bangalore,55,Yes,Yes,No,No Internet Service,No Internet Service,No Internet Service,No Internet Service,No Internet Service,No Internet Service,Two Year,No,Bank Transfer (Auto),43.85,2470.69,2,No
CUST-102464,Male,0,No,No,26-35,Chennai,4,Yes,Yes,No,No Internet Service,No Internet Service,No Internet Service,No Internet Service,No Internet Service,No Internet Service,Month-to-Month,Yes,Bank Transfer (Auto),38.38,134.12,1,Yes
CUST-102465,Male,0,No,No,18-25,Ahmedabad,2,Yes,Yes,No,No Internet Service,No Internet Service,No Internet Service,No Internet Service,No Internet Service,No Internet Service,One Year,No,Electronic Check,41.12,58.09,2,No
CUST-102466,Female,1,No,No,26-35,Delhi,32,Yes,No,DSL,No,No,Yes,No,No,Yes,Month-to-Month,No,Electronic Check,67.55,2190.82,3,No
CUST-102467,Male,0,Yes,No,36-45,Bangalore,7,Yes,Yes,DSL,Yes,No,No,Yes,No,No,Month-to-Month,Yes,Credit Card (Auto),76.06,488.01,2,Yes
CUST-102468,Male,1,No,No,36-45,Mumbai,23,Yes,No,DSL,No,No,No,Yes,No,No,Month-to-Month,No,Electronic Check,66.73,1512.31,1,No
CUST-102469,Female,0,Yes,No,26-35,Kolkata,28,Yes,Yes,No,No Internet Service,No Internet Service,No Internet Service,No Internet Service,No Internet Service,No Internet Service,Month-to-Month,No,Electronic Check,18.0,533.73,3,No
CUST-102470,Female,0,Yes,No,18-25,Hyderabad,9,Yes,No,No,No Internet Service,No Internet Service,No Internet Service,No Internet Service,No Internet Service,No Internet Service,Month-to-Month,Yes,Mailed Check,46.07,387.88,3,No
CUST-102471,Female,1,No,No,26-35,Mumbai,40,Yes,No,DSL,No,No,No,Yes,No,No,Month-to-Month,Yes,Credit Card (Auto),70.04,2766.31,0,No
CUST-102472,Male,0,No,Yes,26-35,Chennai,19,Yes,Yes,Fiber Optic,No,Yes,Yes,Yes,Yes,No,Two Year,No,Electronic Check,112.9,2109.71,0,No
CUST-102473,Female,0,Yes,Yes,26-35,Bangalore,48,Yes,Yes,DSL,Yes,Yes,Yes,Yes,Yes,No,Month-to-Month,Yes,Credit Card (Auto),104.1,5014.34,2,No
CUST-102474,Female,0,Yes,Yes,36-45,Delhi,34,Yes,Yes,DSL,Yes,Yes,Yes,Yes,No,Yes,Two Year,Yes,Mailed Check,99.85,3334.67,1,No
CUST-102475,Male,0,Yes,No,18-25,Mumbai,48,Yes,Yes,DSL,No,No,No,Yes,No,No,Month-to-Month,Yes,Mailed Check,60.41,,2,No
CUST-102476,Female,0,No,No,18-25,Delhi,0,Yes,Yes,No,No Internet Service,No Internet Service,No Internet Service,No Internet Service,No Internet Service,No Internet Service,Month-to-Month,No,Electronic Check,53.72,105.78,0,No
CUST-102477,Female,0,No,Yes,56-65,Delhi,6,Yes,No,DSL,No,Yes,No,Yes,No,No,One Year,No,Bank Transfer (Auto),70.81,425.03,2,No
CUST-102478,Female,0,No,No,46-55,Pune,2,No,No Phone Service,Fiber Optic,No,No,No,No,No,No,Month-to-Month,Yes,Electronic Check,77.7,177.16,0,No
CUST-102479,Male,0,No,No,18-25,Delhi,14,Yes,Yes,No,No Internet Service,No Internet Service,No Internet Service,No Internet Service,No Internet Service,No Internet Service,Month-to-Month,No,Bank Transfer (Auto),35.35,508.14,1,No
CUST-102480,Male,1,Yes,Yes,18-25,Ahmedabad,52,Yes,No,Fiber Optic,Yes,No,No,No,Yes,Yes,One Year,Yes,Electronic Check,94.38,4861.07,1,No
CUST-102481,Male,0,No,No,26-35,Delhi,15,Yes,Yes,Fiber Optic,Yes,No,No,Yes,No,No,Month-to-Month,No,Mailed Check,89.32,1355.62,3,No
CUST-102482,Male,0,Yes,No,26-35,Kolkata,45,Yes,Yes,DSL,No,Yes,Yes,No,Yes,No,One Year,Yes,Credit Card (Auto),75.44,3405.92,0,No
CUST-102483,Female,0,No,No,18-25,Bangalore,9,Yes,No,Fiber Optic,No,Yes,Yes,No,No,No,Month-to-Month,No,Bank Transfer (Auto),98.07,971.23,0,Yes
CUST-102484,Male,0,No,No,46-55,Ahmedabad,9,Yes,Yes,Fiber Optic,No,No,No,No,Yes,Yes,Month-to-Month,Yes,Electronic Check,92.19,842.1,0,No
CUST-102485,Male,0,No,No,36-45,Pune,54,Yes,No,Fiber Optic,No,No,Yes,No,No,Yes,Two Year,Yes,Bank Transfer (Auto),102.49,5596.55,0,No
CUST-102486,Female,0,Yes,No,36-45,Chennai,13,Yes,No,Fiber Optic,No,Yes,No,No,No,No,One Year,No,Bank Transfer (Auto),81.21,1077.19,2,No
CUST-102487,Female,0,Yes,No,26-35,Kolkata,37,Yes,No,DSL,No,Yes,No,No,No,No,Month-to-Month,Yes,Electronic Check,60.67,2219.34,1,No
CUST-102488,Female,0,Yes,No,18-25,Kolkata,6,No,No Phone Service,Fiber Optic,Yes,No,Yes,No,Yes,Yes,Two Year,Yes,Mailed Check,99.47,537.56,1,No
CUST-102489,Male,0,No,No,18-25,Ahmedabad,71,No,No Phone Service,DSL,No,Yes,Yes,Yes,No,Yes,Two Year,Yes,Electronic Check,74.95,5336.86,1,No
CUST-102490,Male,1,Yes,No,18-25,Delhi,20,Yes,No,Fiber Optic,No,No,Yes,No,Yes,Yes,Month-to-Month,No,Mailed Check,93.63,1910.61,2,Yes
CUST-102491,Male,0,Yes,No,65+,Hyderabad,34,Yes,No,DSL,No,No,No,No,No,Yes,Month-to-Month,No,Credit Card (Auto),60.17,2041.33,3,Yes
CUST-102492,Female,0,Yes,Yes,18-25,Bangalore,2,Yes,No,Fiber Optic,No,No,Yes,No,Yes,No,Two Year,No,Electronic Check,103.39,175.13,2,No
CUST-102493,Female,0,No,No,26-35,Bangalore,16,Yes,Yes,Fiber Optic,Yes,No,No,Yes,No,No,Month-to-Month,No,Electronic Check,85.77,1442.67,3,Yes
CUST-102494,Male,0,Yes,No,36-45,Chennai,55,No,No Phone Service,Fiber Optic,No,No,No,No,Yes,No,Month-to-Month,No,Electronic Check,77.86,4260.23,6,Yes
CUST-102495,Female,1,No,No,18-25,Hyderabad,50,Yes,Yes,Fiber Optic,No,No,No,No,No,No,Month-to-Month,Yes,Credit Card (Auto),72.14,3549.41,0,No
CUST-102496,Female,0,No,Yes,26-35,Kolkata,1,Yes,Yes,DSL,Yes,No,No,No,No,No,One Year,Yes,Bank Transfer (Auto),65.05,61.8,2,No
CUST-102497,Female,0,No,Yes,18-25,Bangalore,8,Yes,Yes,DSL,No,No,Yes,No,No,No,Two Year,Yes,Electronic Check,71.66,577.16,2,No
CUST-102498,Male,0,Yes,No,18-25,Hyderabad,14,Yes,Yes,No,No Internet Service,No Internet Service,No Internet Service,No Internet Service,No Internet Service,No Internet Service,One Year,Yes,Mailed Check,42.28,555.15,1,No
CUST-102499,Female,0,Yes,Yes,26-35,Ahmedabad,4,Yes,No,No,No Internet Service,No Internet Service,No Internet Service,No Internet Service,No Internet Service,No Internet Service,Two Year,No,Electronic Check,40.9,159.03,3,No
CUST-102500,Female,0,Yes,No,36-45,Mumbai,31,Yes,Yes,DSL,No,Yes,No,No,Yes,Yes,Month-to-Month,No,Bank Transfer (Auto),94.16,2834.2,0,No
CUST-102501,Male,0,Yes,No,26-35,Delhi,4,Yes,No,Fiber Optic,No,Yes,No,No,No,No,Month-to-Month,Yes,Mailed Check,78.85,336.59,2,No
CUST-102502,Male,1,Yes,No,46-55,Mumbai,10,Yes,No,DSL,Yes,No,No,No,Yes,No,One Year,No,Credit Card (Auto),86.36,811.11,2,No
CUST-102503,Female,0,No,Yes,18-25,Mumbai,26,Yes,No,Fiber Optic,No,Yes,Yes,Yes,Yes,No,Two Year,No,Electronic Check,112.38,,0,Yes
CUST-102504,Female,1,Yes,Yes,36-45,Mumbai,15,Yes,Yes,DSL,No,No,Yes,No,Yes,No,Month-to-Month,No,Bank Transfer (Auto),71.76,1042.56,2,No
CUST-102505,Male,0,No,Yes,36-45,Bangalore,32,Yes,No,Fiber Optic,No,No,No,Yes,No,No,Month-to-Month,Yes,Bank Transfer (Auto),83.51,2742.4,0,No
CUST-102506,Male,0,Yes,Yes,26-35,Kolkata,72,Yes,No,No,No Internet Service,No Internet Service,No Internet Service,No Internet Service,No Internet Service,No Internet Service,Month-to-Month,Yes,Credit Card (Auto),53.12,3809.47,0,No
CUST-102507,Female,1,No,No,36-45,Delhi,2,Yes,No,No,No Internet Service,No Internet Service,No Internet Service,No Internet Service,No Internet Service,No Internet Service,Month-to-Month,Yes,Mailed Check,43.7,45.23,1,No
CUST-102508,Female,0,No,No,26-35,Bangalore,29,Yes,Yes,Fiber Optic,No,No,Yes,No,No,No,Month-to-Month,Yes,Bank Transfer (Auto),102.3,3071.22,1,Yes
CUST-102509,Female,0,No,Yes,26-35,Kolkata,6,Yes,No,DSL,No,No,No,No,No,No,Month-to-Month,Yes,Electronic Check,86.95,611.43,4,Yes
CUST-102510,Female,0,No,Yes,18-25,Mumbai,12,No,No Phone Service,DSL,No,No,No,No,No,Yes,Two Year,Yes,Mailed Check,75.29,945.3,1,No
CUST-102511,Male,0,No,Yes,26-35,Delhi,0,Yes,No,Fiber Optic,No,No,Yes,No,No,No,Month-to-Month,No,Credit Card (Auto),93.43,28.1,1,No
CUST-102512,Female,0,No,No,26-35,Pune,3,Yes,No,No,No Internet Service,No Internet Service,No Internet Service,No Internet Service,No Internet Service,No Internet Service,One Year,Yes,Credit Card (Auto),28.05,40.88,2,No
CUST-102513,Female,0,Yes,No,46-55,Pune,9,No,No Phone Service,Fiber Optic,No,No,No,Yes,Yes,Yes,Month-to-Month,Yes,Bank Transfer (Auto),111.11,1054.35,0,Yes
CUST-102514,Male,0,No,No,18-25,Bangalore,10,Yes,Yes,Fiber Optic,Yes,Yes,No,No,No,Yes,Month-to-Month,No,Mailed Check,111.66,1134.84,5,Yes
CUST-102515,Female,0,Yes,No,18-25,Mumbai,55,Yes,No,DSL,No,No,No,No,Yes,No,One Year,No,Credit Card (Auto),80.22,4380.26,2,No
CUST-102516,Male,0,Yes,No,26-35,Bangalore,32,Yes,Yes,Fiber Optic,No,No,No,No,No,No,Two Year,No,Electronic Check,92.41,2964.16,0,No
CUST-102517,Female,0,Yes,No,18-25,Pune,72,Yes,Yes,Fiber Optic,No,No,Yes,No,No,No,Month-to-Month,No,Electronic Check,79.19,5678.47,0,No
CUST-102518,Female,0,Yes,Yes,18-25,Pune,21,Yes,Yes,DSL,No,No,No,No,No,Yes,Two Year,Yes,Bank Transfer (Auto),62.94,1245.62,1,No
CUST-102519,Male,1,Yes,No,18-25,Bangalore,6,Yes,No,DSL,No,No,Yes,No,No,No,Two Year,Yes,Electronic Check,55.51,401.33,2,No
CUST-102520,Male,0,Yes,Yes,36-45,Bangalore,9,Yes,No,DSL,No,Yes,Yes,Yes,No,No,Month-to-Month,Yes,Credit Card (Auto),80.56,634.35,0,No
CUST-102521,Female,0,Yes,No,36-45,Pune,9,No,No Phone Service,DSL,No,Yes,No,Yes,Yes,Yes,Month-to-Month,Yes,Mailed Check,84.04,864.19,0,No
CUST-102522,Female,1,No,Yes,46-55,Ahmedabad,9,Yes,Yes,Fiber Optic,No,No,Yes,No,Yes,No,One Year,No,Mailed Check,103.35,919.46,0,No
CUST-102523,Female,0,Yes,No,18-25,Pune,26,Yes,Yes,DSL,No,No,Yes,No,Yes,No,Month-to-Month,Yes,Bank Transfer (Auto),77.08,2026.68,1,No
CUST-102524,Male,1,No,Yes,26-35,Delhi,18,Yes,No,Fiber Optic,Yes,Yes,No,No,Yes,No,Month-to-Month,Yes,Bank Transfer (Auto),92.65,1694.42,2,No
CUST-102525,Female,0,Yes,No,18-25,Ahmedabad,11,Yes,No,No,No Internet Service,No Internet Service,No Internet Service,No Internet Service,No Internet Service,No Internet Service,Month-to-Month,No,Mailed Check,43.81,432.43,1,No
CUST-102526,Male,0,No,No,18-25,Chennai,3,Yes,Yes,Fiber Optic,No,Yes,No,No,Yes,Yes,Month-to-Month,No,Electronic Check,90.76,261.76,1,No
CUST-102527,Male,0,No,No,18-25,Mumbai,0,Yes,No,Fiber Optic,No,No,Yes,No,Yes,No,Two Year,Yes,Credit Card (Auto),87.71,0.0,0,No
CUST-102528,Female,0,No,No,18-25,Bangalore,5,Yes,Yes,No,No Internet Service,No Internet Service,No Internet Service,No Internet Service,No Internet Service,No Internet Service,Month-to-Month,Yes,Electronic Check,36.15,150.57,0,No
CUST-102529,Male,0,No,No,18-25,Pune,2,Yes,No,No,No Internet Service,No Internet Service,No Internet Service,No Internet Service,No Internet Service,No Internet Service,Month-to-Month,Yes,Electronic Check,51.81,155.48,0,No
CUST-102530,Female,0,Yes,No,26-35,Kolkata,36,Yes,No,No,No Internet Service,No Internet Service,No Internet Service,No Internet Service,No Internet Service,No Internet Service,Month-to-Month,No,Bank Transfer (Auto),37.86,1302.48,0,No
CUST-102531,Female,0,No,No,26-35,Hyderabad,2,Yes,No,Fiber Optic,Yes,No,Yes,No,Yes,No,One Year,Yes,Electronic Check,96.96,,1,No
CUST-102532,Female,0,No,Yes,26-35,Mumbai,30,Yes,Yes,DSL,No,No,Yes,No,No,No,One Year,Yes,Credit Card (Auto),64.66,1854.29,1,No
CUST-102533,Female,0,No,No,18-25,Mumbai,11,Yes,No,Fiber Optic,No,No,No,Yes,Yes,Yes,Two Year,Yes,Bank Transfer (Auto),78.13,871.39,3,No
CUST-102534,Female,0,No,No,26-35,Bangalore,1,Yes,Yes,No,No Internet Service,No Internet Service,No Internet Service,No Internet Service,No Internet Service,No Internet Service,One Year,Yes,Credit Card (Auto),51.53,60.02,2,No
CUST-102535,Male,0,Yes,No,26-35,Mumbai,40,Yes,No,Fiber Optic,No,No,No,No,Yes,No,One Year,Yes,Electronic Check,98.36,4029.78,0,Yes
CUST-102536,Male,0,No,No,36-45,Bangalore,20,Yes,Yes,Fiber Optic,Yes,Yes,No,No,No,Yes,Month-to-Month,Yes,Credit Card (Auto),104.98,2068.86,2,No
CUST-102537,Female,1,Yes,No,46-55,Pune,6,No,No Phone Service,DSL,No,Yes,Yes,No,Yes,No,Month-to-Month,No,Electronic Check,91.51,540.59,4,No
CUST-102538,Female,0,No,No,26-35,Bangalore,54,Yes,No,Fiber Optic,No,No,No,Yes,No,No,One Year,No,Electronic Check,94.93,,0,No
CUST-102539,Male,1,Yes,No,36-45,Kolkata,1,Yes,No,DSL,No,Yes,No,No,No,Yes,Two Year,Yes,Electronic Check,55.28,139.35,2,Yes
CUST-102540,Male,0,No,No,18-25,Chennai,5,Yes,No,No,No Internet Service,No Internet Service,No Internet Service,No Internet Service,No Internet Service,No Internet Service,Two Year,Yes,Mailed Check,54.28,242.61,3,No
CUST-102541,Male,0,Yes,Yes,26-35,Delhi,33,Yes,No,DSL,No,No,No,No,No,Yes,One Year,Yes,Electronic Check,56.29,1868.83,0,No
CUST-102542,Male,0,Yes,Yes,26-35,Delhi,29,Yes,Yes,DSL,Yes,No,No,No,Yes,No,Month-to-Month,Yes,Mailed Check,85.61,2468.02,1,Yes
CUST-102543,Female,0,No,No,65+,Bangalore,8,Yes,No,No,No Internet Service,No Internet Service,No Internet Service,No Internet Service,No Internet Service,No Internet Service,Month-to-Month,Yes,Electronic Check,47.04,368.74,1,No
CUST-102544,Female,0,No,No,36-45,Hyderabad,1,Yes,No,Fiber Optic,No,Yes,Yes,No,Yes,No,Month-to-Month,No,Electronic Check,95.39,95.95,1,Yes
CUST-102545,Male,0,No,No,18-25,Chennai,46,No,No Phone Service,Fiber Optic,No,No,Yes,No,No,No,Month-to-Month,No,Bank Transfer (Auto),84.47,3940.53,2,No
CUST-102546,Female,0,Yes,Yes,46-55,Delhi,9,Yes,No,DSL,Yes,No,No,Yes,Yes,No,Month-to-Month,No,Electronic Check,81.33,804.66,0,No
CUST-102547,Male,0,Yes,No,26-35,Mumbai,5,Yes,No,Fiber Optic,No,No,Yes,Yes,No,Yes,Month-to-Month,No,Bank Transfer (Auto),101.13,436.26,3,Yes
CUST-102548,Female,0,No,No,18-25,Mumbai,17,Yes,No,Fiber Optic,No,Yes,No,No,No,No,Month-to-Month,No,Bank Transfer (Auto),83.55,1459.41,1,Yes
CUST-102549,Male,0,No,No,36-45,Mumbai,57,Yes,No,Fiber Optic,No,No,Yes,Yes,Yes,Yes,One Year,No,Credit Card (Auto),98.37,5669.83,3,No
CUST-102550,female,0,No,No,26-35,Pune,1,Yes,Yes,No,No Internet Service,No Internet Service,No Internet Service,No Internet Service,No Internet Service,No Internet Service,Month-to-Month,No,Mailed Check,51.98,68.98,2,No
CUST-102551,Male,0,Yes,No,18-25,Mumbai,34,Yes,No,No,No Internet Service,No Internet Service,No Internet Service,No Internet Service,No Internet Service,No Internet Service,One Year,No,Credit Card (Auto),49.34,1736.77,2,No
CUST-102552,Male,0,No,Yes,18-25,Chennai,20,No,No Phone Service,DSL,Yes,Yes,No,No,Yes,No,Month-to-Month,Yes,Bank Transfer (Auto),86.19,1661.35,2,Yes
CUST-102553,Female,0,Yes,No,26-35,Chennai,13,Yes,No,Fiber Optic,No,No,Yes,No,Yes,No,Month-to-Month,Yes,Credit Card (Auto),103.29,1368.17,0,No
CUST-102554,Male,0,No,No,18-25,Ahmedabad,32,Yes,Yes,Fiber Optic,No,No,No,Yes,No,No,Two Year,No,Electronic Check,91.81,3000.35,0,No
CUST-102555,Female,0,Yes,No,18-25,Chennai,72,Yes,Yes,Fiber Optic,No,Yes,Yes,Yes,Yes,No,Month-to-Month,Yes,Bank Transfer (Auto),122.53,8790.65,3,No
CUST-102556,Female,0,Yes,Yes,18-25,Chennai,6,Yes,Yes,Fiber Optic,No,No,No,Yes,Yes,Yes,Two Year,Yes,Credit Card (Auto),99.11,530.25,0,No
CUST-102557,Male,0,No,No,36-45,Mumbai,3,Yes,Yes,Fiber Optic,Yes,No,No,No,No,No,Month-to-Month,Yes,Electronic Check,80.9,299.79,1,Yes
CUST-102558,Female,0,No,Yes,18-25,Kolkata,58,Yes,Yes,DSL,No,No,Yes,No,No,Yes,Month-to-Month,No,Bank Transfer (Auto),74.44,4296.38,1,No
CUST-102559,Female,0,Yes,No,18-25,Bangalore,26,Yes,No,DSL,No,Yes,No,Yes,No,Yes,Month-to-Month,No,Credit Card (Auto),75.85,1943.19,0,No
CUST-102560,Female,1,Yes,Yes,18-25,Bangalore,13,Yes,Yes,Fiber Optic,No,Yes,No,No,Yes,No,Month-to-Month,Yes,Bank Transfer (Auto),98.47,1186.09,0,Yes
CUST-102561,Female,1,Yes,Yes,26-35,Bangalore,20,Yes,Yes,DSL,Yes,No,No,No,Yes,No,Month-to-Month,Yes,Electronic Check,87.75,1729.32,1,Yes
CUST-102562,Female,0,No,Yes,36-45,Pune,32,Yes,Yes,DSL,No,Yes,No,No,No,Yes,One Year,No,Bank Transfer (Auto),83.03,2622.03,2,No
CUST-102563,Male,0,Yes,Yes,18-25,Delhi,35,Yes,Yes,DSL,Yes,No,No,No,No,Yes,Month-to-Month,Yes,Electronic Check,88.38,3003.16,1,No
CUST-102564,Female,0,Yes,Yes,46-55,Pune,60,Yes,No,Fiber Optic,No,No,No,Yes,Yes,No,One Year,Yes,Credit Card (Auto),108.32,6469.94,2,No
CUST-102565,Female,0,No,No,46-55,Delhi,13,No,No Phone Service,No,No Internet Service,No Internet Service,No Internet Service,No Internet Service,No Internet Service,No Internet Service,Month-to-Month,No,Electronic Check,47.82,680.92,2,No
CUST-102566,Female,0,No,Yes,18-25,Mumbai,8,Yes,No,DSL,No,No,Yes,No,No,Yes,Month-to-Month,No,Electronic Check,83.69,686.63,1,No
CUST-102567,Female,0,No,No,36-45,Chennai,24,Yes,Yes,Fiber Optic,No,No,Yes,No,No,Yes,Two Year,Yes,Electronic Check,80.59,1852.31,5,No
CUST-102568,Female,1,No,Yes,18-25,Ahmedabad,12,Yes,Yes,DSL,No,No,No,Yes,Yes,No,Two Year,Yes,Bank Transfer (Auto),83.8,1025.1,2,No
CUST-102569,Male,0,No,No,18-25,Kolkata,21,No,No Phone Service,Fiber Optic,No,No,Yes,No,No,Yes,Month-to-Month,Yes,Credit Card (Auto),90.58,1938.52,3,No
CUST-102570,Female,0,No,No,46-55,Mumbai,13,Yes,No,DSL,No,No,Yes,Yes,No,No,Month-to-Month,No,Electronic Check,85.72,1119.56,2,Yes
CUST-102571,Male,0,No,Yes,26-35,Bangalore,3,Yes,No,DSL,Yes,No,No,No,No,Yes,Month-to-Month,Yes,Electronic Check,59.73,177.43,1,No
CUST-102572,Male,0,No,No,18-25,Delhi,15,No,No Phone Service,DSL,No,Yes,Yes,Yes,No,Yes,Two Year,Yes,Mailed Check,91.58,1334.05,1,Yes
CUST-102573,Male,0,Yes,Yes,18-25,Bangalore,28,Yes,Yes,DSL,Yes,Yes,Yes,Yes,No,Yes,Month-to-Month,Yes,Credit Card (Auto),102.84,2900.44,2,No
CUST-102574,Male,1,No,No,36-45,Mumbai,38,No,No Phone Service,DSL,Yes,No,No,No,No,No,Two Year,Yes,Mailed Check,74.83,2872.79,2,No
CUST-102575,Female,0,Yes,No,18-25,Bangalore,16,Yes,Yes,Fiber Optic,No,No,No,No,Yes,Yes,Month-to-Month,Yes,Electronic Check,92.99,1501.87,0,Yes
CUST-102576,Male,0,Yes,Yes,18-25,Ahmedabad,4,Yes,No,Fiber Optic,Yes,No,Yes,No,No,No,Two Year,No,Bank Transfer (Auto),95.87,470.75,0,No
CUST-102577,Male,0,Yes,No,18-25,Hyderabad,12,Yes,Yes,Fiber Optic,Yes,No,Yes,No,No,No,Month-to-Month,Yes,Electronic Check,96.35,1145.93,3,Yes
CUST-102578,Female,0,Yes,Yes,26-35,Delhi,37,Yes,No,Fiber Optic,No,Yes,Yes,No,No,Yes,Month-to-Month,No,Mailed Check,94.98,3449.09,1,No
CUST-102579,Female,0,No,No,18-25,Pune,12,No,No Phone Service,Fiber Optic,No,No,No,No,No,No,One Year,No,Electronic Check,76.68,1003.87,3,No
CUST-102580,Female,0,No,No,18-25,Bangalore,28,Yes,No,DSL,No,No,No,Yes,No,Yes,Two Year,Yes,Credit Card (Auto),82.11,2204.6,2,No
CUST-102581,Male,0,No,No,18-25,Mumbai,16,Yes,Yes,Fiber Optic,No,No,Yes,No,Yes,Yes,Two Year,Yes,Credit Card (Auto),104.01,1644.23,0,No
CUST-102582,Female,0,No,No,26-35,Bangalore,6,Yes,Yes,DSL,No,No,No,No,No,Yes,One Year,Yes,Bank Transfer (Auto),70.54,377.19,0,No
CUST-102583,Female,0,No,Yes,36-45,Kolkata,38,Yes,No,DSL,Yes,No,Yes,No,Yes,Yes,One Year,No,Mailed Check,107.11,4065.08,1,No
CUST-102584,Male,0,Yes,Yes,36-45,Delhi,2,Yes,No,Fiber Optic,No,Yes,Yes,Yes,No,Yes,One Year,No,Mailed Check,99.05,191.29,1,No
CUST-102585,Female,0,No,Yes,18-25,Bangalore,17,Yes,No,DSL,No,No,Yes,Yes,No,Yes,One Year,No,Electronic Check,73.53,1202.2,1,No
CUST-102586,Female,0,No,No,26-35,Delhi,5,Yes,Yes,No,No Internet Service,No Internet Service,No Internet Service,No Internet Service,No Internet Service,No Internet Service,Two Year,Yes,Bank Transfer (Auto),44.16,274.17,3,No
CUST-102587,Female,0,Yes,Yes,46-55,Kolkata,1,Yes,No,Fiber Optic,No,No,No,Yes,No,Yes,Month-to-Month,Yes,Bank Transfer (Auto),92.82,86.08,0,No
CUST-102588,Female,0,No,No,18-25,Delhi,16,Yes,No,No,No Internet Service,No Internet Service,No Internet Service,No Internet Service,No Internet Service,No Internet Service,One Year,No,Credit Card (Auto),37.07,654.07,1,No
CUST-102589,Male,0,Yes,No,26-35,Delhi,16,Yes,No,DSL,No,No,No,No,Yes,Yes,Month-to-Month,No,Electronic Check,86.07,1318.67,1,No
CUST-102590,Female,0,Yes,Yes,26-35,Ahmedabad,29,Yes,Yes,DSL,No,No,No,No,Yes,Yes,One Year,No,Bank Transfer (Auto),86.79,2462.92,0,No
CUST-102591,Female,0,Yes,No,36-45,Ahmedabad,32,Yes,Yes,Fiber Optic,No,No,No,Yes,No,No,Two Year,Yes,Bank Transfer (Auto),89.35,2803.88,1,No
CUST-102592,Male,0,Yes,No,26-35,Chennai,31,Yes,Yes,DSL,No,No,No,No,No,Yes,Month-to-Month,No,Electronic Check,61.68,1938.03,1,No
CUST-102593,Female,0,No,No,18-25,Ahmedabad,12,Yes,No,DSL,No,No,No,No,No,No,Month-to-Month,Yes,Bank Transfer (Auto),55.25,750.37,2,No
CUST-102594,Male,0,No,No,26-35,Pune,23,Yes,Yes,DSL,Yes,No,Yes,Yes,No,No,Month-to-Month,Yes,Credit Card (Auto),71.21,1622.64,1,No
CUST-102595,Female,0,Yes,No,26-35,Delhi,20,Yes,Yes,No,No Internet Service,No Internet Service,No Internet Service,No Internet Service,No Internet Service,No Internet Service,Month-to-Month,Yes,Credit Card (Auto),30.71,498.52,4,Yes
CUST-102596,Male,1,No,No,26-35,Chennai,13,Yes,Yes,DSL,Yes,No,No,No,No,No,Month-to-Month,Yes,Bank Transfer (Auto),78.47,1043.84,1,No
CUST-102597,Male,0,No,No,18-25,Pune,21,Yes,No,Fiber Optic,No,No,No,Yes,Yes,No,Two Year,No,Electronic Check,91.98,1964.82,2,No
CUST-102598,Male,0,Yes,No,18-25,Pune,70,Yes,No,Fiber Optic,Yes,No,No,Yes,Yes,No,One Year,Yes,Credit Card (Auto),103.32,7180.7,1,No
CUST-102599,Male,0,Yes,Yes,46-55,Hyderabad,5,Yes,No,Fiber Optic,No,No,Yes,No,No,No,Two Year,Yes,Bank Transfer (Auto),84.99,453.23,2,No
CUST-102600,Female,0,No,No,36-45,Hyderabad,56,Yes,No,No,No Internet Service,No Internet Service,No Internet Service,No Internet Service,No Internet Service,No Internet Service,Month-to-Month,Yes,Electronic Check,46.21,2628.3,4,No
CUST-102601,Male,0,No,Yes,56-65,Kolkata,1,Yes,No,Fiber Optic,Yes,No,No,Yes,No,No,Two Year,Yes,Electronic Check,81.61,0.0,4,No
CUST-102602,Female,0,No,Yes,56-65,Chennai,8,Yes,Yes,Fiber Optic,No,No,No,Yes,No,Yes,One Year,No,Electronic Check,97.17,833.17,2,No
CUST-102603,Male,0,Yes,No,18-25,Pune,8,Yes,No,Fiber Optic,Yes,No,Yes,No,No,Yes,Month-to-Month,No,Electronic Check,99.99,858.86,3,No
CUST-102604,Male,0,No,No,18-25,Delhi,23,Yes,No,No,No Internet Service,No Internet Service,No Internet Service,No Internet Service,No Internet Service,No Internet Service,One Year,Yes,Bank Transfer (Auto),28.54,641.01,0,No
CUST-102605,Male,0,Yes,No,26-35,Ahmedabad,3,Yes,No,DSL,No,Yes,Yes,No,No,Yes,Two Year,Yes,Electronic Check,60.85,214.81,4,No
CUST-102606,Female,0,Yes,Yes,18-25,Pune,51,Yes,Yes,No,No Internet Service,No Internet Service,No Internet Service,No Internet Service,No Internet Service,No Internet Service,Month-to-Month,No,Electronic Check,54.52,2879.34,2,No
CUST-102607,Male,0,No,No,65+,Bangalore,42,Yes,Yes,DSL,No,Yes,No,No,Yes,No,One Year,No,Mailed Check,81.54,3391.81,1,Yes
CUST-102608,Female,0,Yes,No,18-25,Chennai,25,No,No Phone Service,No,No Internet Service,No Internet Service,No Internet Service,No Internet Service,No Internet Service,No Internet Service,Two Year,No,Mailed Check,43.03,1133.79,2,No
CUST-102609,Female,1,Yes,Yes,18-25,Chennai,14,No,No Phone Service,Fiber Optic,No,Yes,No,Yes,Yes,Yes,Month-to-Month,Yes,Electronic Check,112.55,1587.96,0,Yes
CUST-102610,Female,1,Yes,No,26-35,Pune,64,Yes,No,Fiber Optic,Yes,Yes,No,No,Yes,Yes,One Year,No,Electronic Check,110.42,7009.89,1,Yes
CUST-102611,Female,1,Yes,No,26-35,Pune,42,Yes,Yes,Fiber Optic,Yes,No,No,Yes,Yes,Yes,Month-to-Month,Yes,Electronic Check,100.92,4147.61,3,No
CUST-102612,Female,0,No,No,18-25,Kolkata,16,Yes,Yes,DSL,No,No,No,No,Yes,No,Month-to-Month,Yes,Bank Transfer (Auto),81.6,1341.69,2,Yes
CUST-102613,Female,0,No,Yes,36-45,Bangalore,29,Yes,No,DSL,No,Yes,No,No,Yes,No,One Year,Yes,Electronic Check,67.42,1889.87,4,No
CUST-102614,Female,0,Yes,Yes,26-35,Bangalore,20,Yes,No,Fiber Optic,No,No,Yes,Yes,Yes,No,Month-to-Month,No,Bank Transfer (Auto),105.42,2156.8,4,No
CUST-102615,Female,0,Yes,No,18-25,Delhi,21,Yes,No,Fiber Optic,Yes,Yes,No,No,No,No,One Year,Yes,Electronic Check,100.65,2004.42,2,No
CUST-102616,Female,0,Yes,No,26-35,Hyderabad,9,No,No Phone Service,DSL,No,Yes,Yes,Yes,Yes,No,Month-to-Month,Yes,Electronic Check,92.98,844.27,4,No
CUST-102617,Male,0,No,No,46-55,Bangalore,14,No,No Phone Service,Fiber Optic,No,No,No,No,No,No,Month-to-Month,Yes,Mailed Check,74.56,1027.82,1,No
CUST-102618,Male,0,Yes,Yes,46-55,Chennai,1,Yes,No,DSL,Yes,No,No,No,Yes,No,Month-to-Month,Yes,Electronic Check,72.68,156.53,1,No
CUST-102619,Male,0,No,No,26-35,Chennai,10,No,No Phone Service,Fiber Optic,Yes,No,Yes,No,No,No,Month-to-Month,No,Electronic Check,92.04,,2,Yes
CUST-102620,Male,0,Yes,No,26-35,Kolkata,28,Yes,Yes,DSL,No,Yes,No,No,Yes,Yes,Month-to-Month,Yes,Mailed Check,74.56,2118.31,2,No
CUST-102621,Male,1,Yes,Yes,26-35,Delhi,72,Yes,Yes,DSL,Yes,No,Yes,Yes,Yes,No,Two Year,No,Electronic Check,82.0,5882.46,1,No
CUST-102622,Female,0,No,No,18-25,Ahmedabad,72,Yes,Yes,DSL,No,Yes,No,No,Yes,No,Two Year,No,Bank Transfer (Auto),82.61,5938.99,1,No
CUST-102623,Female,0,No,No,26-35,Delhi,19,Yes,No,Fiber Optic,No,Yes,No,No,Yes,No,Two Year,Yes,Electronic Check,82.11,1612.71,2,Yes
CUST-102624,Female,1,Yes,Yes,26-35,Pune,22,No,No Phone Service,Fiber Optic,No,No,Yes,No,No,No,Month-to-Month,Yes,Credit Card (Auto),75.91,1670.84,2,No
CUST-102625,Female,0,No,Yes,26-35,Hyderabad,4,Yes,No,No,No Internet Service,No Internet Service,No Internet Service,No Internet Service,No Internet Service,No Internet Service,Two Year,No,Credit Card (Auto),51.89,161.61,2,No
CUST-102626,Female,0,No,No,36-45,Pune,28,Yes,Yes,DSL,No,Yes,No,Yes,Yes,Yes,Two Year,Yes,Bank Transfer (Auto),98.8,2823.42,0,No
CUST-102627,Female,0,No,No,18-25,Hyderabad,1,Yes,Yes,DSL,No,Yes,Yes,No,No,No,Month-to-Month,No,Electronic Check,67.44,151.73,3,No
CUST-102628,Female,0,No,No,26-35,Chennai,8,No,No Phone Service,DSL,No,Yes,No,No,Yes,No,Month-to-Month,No,Credit Card (Auto),78.03,699.38,0,No
CUST-102629,Male,1,No,No,18-25,Pune,26,No,No Phone Service,Fiber Optic,No,No,Yes,No,Yes,No,Month-to-Month,Yes,Electronic Check,89.82,2399.83,0,Yes
CUST-102630,Male,0,No,Yes,36-45,Delhi,8,Yes,No,No,No Internet Service,No Internet Service,No Internet Service,No Internet Service,No Internet Service,No Internet Service,Month-to-Month,Yes,Electronic Check,29.58,222.5,0,No
CUST-102631,Male,0,Yes,No,18-25,Bangalore,1,Yes,Yes,DSL,Yes,Yes,No,No,No,No,Two Year,Yes,Electronic Check,75.32,26.25,2,Yes
CUST-102632,Male,0,No,No,18-25,Kolkata,42,No,No Phone Service,DSL,No,No,No,No,No,Yes,One Year,Yes,Credit Card (Auto),58.73,2407.34,3,No
CUST-102633,Female,0,Yes,Yes,18-25,Kolkata,8,Yes,No,No,No Internet Service,No Internet Service,No Internet Service,No Internet Service,No Internet Service,No Internet Service,One Year,No,Electronic Check,33.54,202.96,7,No
CUST-102634,Female,1,Yes,No,56-65,Chennai,1,No,No Phone Service,Fiber Optic,Yes,No,Yes,Yes,No,No,Month-to-Month,Yes,Credit Card (Auto),92.63,87.95,0,Yes
CUST-102635,Female,0,Yes,Yes,18-25,Delhi,1,Yes,Yes,DSL,Yes,No,No,Yes,Yes,No,Month-to-Month,Yes,Electronic Check,89.66,178.23,0,No
CUST-102636,Male,0,Yes,Yes,18-25,Delhi,6,Yes,No,No,No Internet Service,No Internet Service,No Internet Service,No Internet Service,No Internet Service,No Internet Service,Month-to-Month,Yes,Credit Card (Auto),39.72,155.62,1,No
CUST-102637,Female,0,No,Yes,18-25,Mumbai,4,Yes,Yes,Fiber Optic,Yes,No,No,No,Yes,Yes,Two Year,No,Credit Card (Auto),91.1,365.24,2,No
CUST-102638,Female,0,No,Yes,18-25,Ahmedabad,35,Yes,No,Fiber Optic,No,No,No,No,No,No,Month-to-Month,No,Credit Card (Auto),85.79,2986.64,1,No
CUST-102639,Female,1,No,No,18-25,Chennai,9,Yes,No,DSL,No,No,Yes,No,No,No,Two Year,No,Mailed Check,60.7,487.52,2,No
CUST-102640,Male,0,Yes,No,36-45,Bangalore,39,Yes,Yes,Fiber Optic,No,No,No,No,No,Yes,Month-to-Month,Yes,Credit Card (Auto),95.28,3703.25,1,No
CUST-102641,Female,0,Yes,No,26-35,Chennai,4,No,No Phone Service,No,No Internet Service,No Internet Service,No Internet Service,No Internet Service,No Internet Service,No Internet Service,One Year,Yes,Credit Card (Auto),38.42,218.17,2,No
CUST-102642,Male,0,No,No,36-45,Bangalore,16,No,No Phone Service,Fiber Optic,No,Yes,No,Yes,No,Yes,One Year,No,Electronic Check,105.99,1707.21,1,Yes
CUST-102643,Male,0,Yes,No,26-35,Bangalore,27,Yes,No,DSL,No,No,Yes,No,No,No,Two Year,Yes,Mailed Check,71.28,1955.92,1,No
CUST-102644, Male ,0,No,No,26-35,Hyderabad,25,Yes,Yes,Fiber Optic,No,No,Yes,No,Yes,No,Month-to-Month,Yes,Bank Transfer (Auto),89.59,2293.2,1,No
CUST-102645,Male,1,No,No,18-25,Pune,22,Yes,Yes,Fiber Optic,No,Yes,No,Yes,No,No,Month-to-Month,Yes,Electronic Check,105.24,2334.61,0,No
CUST-102646,Female,0,No,No,36-45,Kolkata,62,Yes,No,No,No Internet Service,No Internet Service,No Internet Service,No Internet Service,No Internet Service,No Internet Service,Month-to-Month,Yes,Bank Transfer (Auto),63.3,3906.19,3,No
CUST-102647,Male,1,No,No,18-25,Mumbai,6,Yes,No,DSL,No,No,No,No,No,No,Two Year,Yes,Electronic Check,54.07,329.44,3,No
CUST-102648,Male,0,No,No,26-35,Mumbai,16,No,No Phone Service,Fiber Optic,No,Yes,No,No,Yes,No,Month-to-Month,No,Mailed Check,90.71,1397.7,2,No
CUST-102649,Female,0,Yes,Yes,18-25,Bangalore,51,Yes,No,Fiber Optic,Yes,No,No,No,Yes,No,Month-to-Month,Yes,Electronic Check,83.7,4271.56,0,No
CUST-102650,Female,0,No,No,18-25,Mumbai,1,Yes,Yes,DSL,Yes,Yes,No,No,No,No,Month-to-Month,No,Electronic Check,83.5,89.6,0,No
CUST-102651,Male,0,Yes,No,36-45,Hyderabad,1,Yes,Yes,No,No Internet Service,No Internet Service,No Internet Service,No Internet Service,No Internet Service,No Internet Service,Month-to-Month,No,Electronic Check,54.01,119.87,2,No
CUST-102652,Female,1,Yes,No,18-25,Kolkata,6,Yes,No,DSL,No,No,No,No,No,Yes,Two Year,No,Credit Card (Auto),81.42,472.31,1,No
CUST-102653,Male,0,Yes,Yes,26-35,Bangalore,24,Yes,No,DSL,No,No,Yes,No,No,Yes,Two Year,Yes,Electronic Check,68.49,1627.55,0,No
CUST-102654,Male,0,No,No,18-25,Hyderabad,7,No,No Phone Service,Fiber Optic,Yes,No,No,Yes,No,No,Month-to-Month,Yes,Credit Card (Auto),89.26,549.04,2,No
CUST-102655,Male,0,Yes,No,26-35,Hyderabad,5,Yes,No,No,No Internet Service,No Internet Service,No Internet Service,No Internet Service,No Internet Service,No Internet Service,Two Year,No,Credit Card (Auto),36.04,212.62,0,No
CUST-102656,Male,0,Yes,Yes,18-25,Ahmedabad,14,Yes,No,DSL,Yes,No,No,Yes,No,No,One Year,Yes,Mailed Check,69.68,902.06,1,No
CUST-102657,Female,0,Yes,No,26-35,Ahmedabad,22,Yes,Yes,DSL,No,No,No,Yes,No,No,Month-to-Month,Yes,Electronic Check,77.04,1669.99,1,No
CUST-102658,Male,0,No,Yes,18-25,Chennai,6,Yes,Yes,DSL,No,No,No,No,Yes,No,Two Year,Yes,Electronic Check,55.51,297.55,3,No
CUST-102659,Female,0,No,No,36-45,Mumbai,8,Yes,Yes,DSL,Yes,No,No,Yes,Yes,No,One Year,Yes,Mailed Check,83.75,714.53,1,No
CUST-102660,Female,0,No,No,36-45,Delhi,22,Yes,Yes,No,No Internet Service,No Internet Service,No Internet Service,No Internet Service,No Internet Service,No Internet Service,Month-to-Month,No,Electronic Check,54.56,1224.72,0,No
CUST-102661,Female,0,No,No,26-35,Delhi,69,No,No Phone Service,DSL,Yes,No,Yes,Yes,Yes,Yes,One Year,Yes,Bank Transfer (Auto),86.49,6003.2,1,No
CUST-102662,Female,0,Yes,No,46-55,Chennai,26,Yes,Yes,No,No Internet Service,No Internet Service,No Internet Service,No Internet Service,No Internet Service,No Internet Service,Month-to-Month,No,Credit Card (Auto),57.77,1549.3,4,No
CUST-102663,Male,0,Yes,No,18-25,Pune,36,Yes,Yes,DSL,Yes,Yes,No,Yes,No,Yes,Month-to-Month,No,Electronic Check,86.64,3087.07,1,No
CUST-102664,Female,0,No,Yes,18-25,Mumbai,10,Yes,No,DSL,No,No,No,No,No,Yes,One Year,No,Bank Transfer (Auto),68.55,642.12,1,Yes
CUST-102665,Male,1,Yes,Yes,46-55,Delhi,7,No,No Phone Service,No,No Internet Service,No Internet Service,No Internet Service,No Internet Service,No Internet Service,No Internet Service,Two Year,No,Credit Card (Auto),47.25,246.56,2,No
CUST-102666,Female,0,Yes,Yes,18-25,Hyderabad,14,Yes,No,Fiber Optic,No,No,No,No,Yes,Yes,One Year,Yes,Credit Card (Auto),92.85,1306.28,1,No
CUST-102667,Female,0,Yes,Yes,18-25,Pune,39,Yes,Yes,DSL,No,No,Yes,Yes,Yes,No,Month-to-Month,No,Credit Card (Auto),91.4,3525.48,0,No
CUST-102668,Male,0,No,No,18-25,Bangalore,14,Yes,No,DSL,No,No,Yes,Yes,No,No,Two Year,Yes,Credit Card (Auto),77.88,1112.88,3,No
CUST-102669,Male,0,Yes,No,18-25,Hyderabad,45,Yes,No,No,No Internet Service,No Internet Service,No Internet Service,No Internet Service,No Internet Service,No Internet Service,Month-to-Month,Yes,Electronic Check,38.92,1809.42,0,No
CUST-102670,Male,0,No,Yes,46-55,Hyderabad,72,Yes,No,Fiber Optic,No,No,No,No,No,Yes,Month-to-Month,No,Credit Card (Auto),89.05,6458.11,1,No
CUST-102671,Female,0,Yes,Yes,46-55,Ahmedabad,1,No,No Phone Service,Fiber Optic,Yes,No,No,No,No,Yes,Month-to-Month,Yes,Credit Card (Auto),84.46,90.5,1,No
CUST-102672,Female,0,No,No,18-25,Kolkata,1,Yes,Yes,Fiber Optic,Yes,No,No,No,No,No,Month-to-Month,No,Mailed Check,81.42,85.32,3,No
CUST-102673,Male,0,Yes,No,36-45,Kolkata,3,Yes,No,Fiber Optic,Yes,No,No,No,Yes,Yes,Month-to-Month,Yes,Mailed Check,90.46,270.92,1,No
CUST-102674,Male,0,Yes,No,36-45,Delhi,11,Yes,No,Fiber Optic,No,No,No,No,Yes,No,One Year,No,Mailed Check,85.06,1041.9,2,No
CUST-102675,Male,0,Yes,No,18-25,Kolkata,3,Yes,No,DSL,Yes,No,No,No,Yes,No,Two Year,Yes,Electronic Check,79.33,208.87,2,No
CUST-102676,Male,1,No,No,18-25,Bangalore,49,Yes,Yes,No,No Internet Service,No Internet Service,No Internet Service,No Internet Service,No Internet Service,No Internet Service,Two Year,Yes,Electronic Check,46.19,2267.27,2,No
CUST-102677,Female,0,Yes,Yes,26-35,Hyderabad,0,Yes,No,DSL,No,No,No,Yes,No,No,Two Year,Yes,Bank Transfer (Auto),62.7,0.0,1,No
CUST-102678,Male,0,No,No,26-35,Chennai,9,Yes,No,Fiber Optic,No,Yes,No,No,No,No,Month-to-Month,No,Bank Transfer (Auto),84.38,720.26,1,Yes
CUST-102679,Male,1,No,Yes,26-35,Bangalore,4,Yes,No,No,No Internet Service,No Internet Service,No Internet Service,No Internet Service,No Internet Service,No Internet Service,One Year,No,Mailed Check,47.04,169.17,1,No
CUST-102680,Male,0,No,Yes,36-45,Bangalore,64,Yes,No,DSL,No,No,No,No,No,No,Two Year,Yes,Electronic Check,62.18,3980.92,2,No
CUST-102681,Male,0,Yes,Yes,65+,Delhi,26,Yes,No,Fiber Optic,No,Yes,No,Yes,Yes,No,Month-to-Month,Yes,Credit Card (Auto),115.63,2947.14,3,No
CUST-102682,Female,0,Yes,No,46-55,Hyderabad,58,Yes,No,Fiber Optic,No,No,Yes,Yes,No,No,One Year,No,Electronic Check,102.34,6018.15,2,No
CUST-102683,Male,1,Yes,No,46-55,Kolkata,72,Yes,No,No,No Internet Service,No Internet Service,No Internet Service,No Internet Service,No Internet Service,No Internet Service,Month-to-Month,No,Electronic Check,49.84,3624.79,4,No
CUST-102684,Female,0,No,Yes,18-25,Pune,16,Yes,No,DSL,Yes,No,Yes,Yes,Yes,No,Month-to-Month,Yes,Bank Transfer (Auto),92.66,1537.16,2,No
CUST-102685,Male,1,No,No,46-55,Hyderabad,6,No,No Phone Service,DSL,No,Yes,No,No,No,No,Month-to-Month,Yes,Mailed Check,56.71,332.19,1,No
CUST-102686,Male,0,No,No,65+,Bangalore,5,Yes,Yes,Fiber Optic,No,No,No,No,Yes,No,One Year,Yes,Electronic Check,82.51,396.9,0,Yes
CUST-102687,Female,0,No,No,26-35,Mumbai,6,Yes,No,No,No Internet Service,No Internet Service,No Internet Service,No Internet Service,No Internet Service,No Internet Service,One Year,Yes,Mailed Check,44.78,257.98,4,Yes
CUST-102688,Male,1,Yes,Yes,36-45,Delhi,29,Yes,Yes,Fiber Optic,No,No,Yes,No,No,Yes,Month-to-Month,Yes,Credit Card (Auto),80.26,2292.72,1,No
CUST-102689,Female,0,Yes,No,26-35,Delhi,0,Yes,No,DSL,Yes,No,No,No,Yes,Yes,One Year,Yes,Bank Transfer (Auto),90.36,64.99,1,No
CUST-102690,Female,0,No,No,65+,Hyderabad,1,Yes,No,DSL,Yes,No,Yes,No,No,No,Two Year,Yes,Mailed Check,81.91,151.75,0,No
CUST-102691,Male,0,Yes,Yes,26-35,Ahmedabad,22,Yes,No,Fiber Optic,No,Yes,No,No,No,No,Two Year,Yes,Electronic Check,100.27,2233.42,3,Yes
CUST-102692,Female,0,Yes,Yes,26-35,Bangalore,24,Yes,Yes,Fiber Optic,Yes,Yes,No,No,Yes,No,Month-to-Month,Yes,Bank Transfer (Auto),103.75,2574.9,1,No
CUST-102693,Female,1,No,Yes,18-25,Pune,26,Yes,No,Fiber Optic,No,Yes,No,No,No,No,Month-to-Month,Yes,Credit Card (Auto),87.68,2399.5,0,No
CUST-102694,Female,0,Yes,Yes,36-45,Bangalore,11,No,No Phone Service,Fiber Optic,No,No,No,Yes,No,Yes,One Year,Yes,Bank Transfer (Auto),90.83,1091.47,5,Yes
CUST-102695,Female,0,No,No,18-25,Ahmedabad,39,Yes,No,Fiber Optic,Yes,No,Yes,No,No,No,Month-to-Month,Yes,Credit Card (Auto),105.83,4103.91,3,No
CUST-102696,Female,0,No,No,26-35,Delhi,18,Yes,Yes,DSL,Yes,No,No,No,No,No,Month-to-Month,Yes,Mailed Check,71.47,1165.51,1,No
CUST-102697,Female,0,No,No,18-25,Bangalore,2,Yes,Yes,DSL,No,Yes,No,No,Yes,Yes,Month-to-Month,No,Bank Transfer (Auto),95.66,,1,No
CUST-102698,Female,0,Yes,Yes,26-35,Mumbai,38,Yes,No,DSL,No,Yes,Yes,No,No,No,Two Year,Yes,Credit Card (Auto),73.8,2825.74,2,No
CUST-102699,Female,0,Yes,No,18-25,Delhi,72,Yes,No,DSL,Yes,Yes,No,No,Yes,No,One Year,No,Credit Card (Auto),83.27,6000.89,2,No
CUST-102700,Male,0,No,No,18-25,Mumbai,1,Yes,Yes,No,No Internet Service,No Internet Service,No Internet Service,No Internet Service,No Internet Service,No Internet Service,Month-to-Month,Yes,Credit Card (Auto),36.81,25.22,0,No
CUST-102701, Male ,1,Yes,No,36-45,Mumbai,11,Yes,No,No,No Internet Service,No Internet Service,No Internet Service,No Internet Service,No Internet Service,No Internet Service,Month-to-Month,Yes,Mailed Check,74.8,890.33,0,Yes
CUST-102702,Female,0,Yes,No,26-35,Chennai,16,No,No Phone Service,Fiber Optic,Yes,Yes,Yes,No,No,No,One Year,No,Credit Card (Auto),109.6,1676.28,1,No
CUST-102703,Male,0,Yes,Yes,26-35,Pune,3,Yes,Yes,DSL,Yes,Yes,No,No,No,No,Month-to-Month,Yes,Bank Transfer (Auto),91.45,350.95,1,No
CUST-102704,Female,1,Yes,No,18-25,Mumbai,48,Yes,No,Fiber Optic,No,No,Yes,No,No,Yes,Month-to-Month,Yes,Credit Card (Auto),86.45,4236.29,2,No
CUST-102705,Female,0,Yes,No,46-55,Delhi,8,Yes,No,Fiber Optic,Yes,No,No,No,Yes,No,Month-to-Month,Yes,Electronic Check,87.76,709.59,2,Yes
CUST-102706,Male,0,No,No,26-35,Bangalore,36,Yes,No,DSL,No,Yes,No,No,No,No,Month-to-Month,Yes,Bank Transfer (Auto),82.58,2987.09,1,No
CUST-102707,Female,0,Yes,No,26-35,Ahmedabad,26,Yes,Yes,DSL,Yes,No,Yes,No,Yes,Yes,Month-to-Month,Yes,Credit Card (Auto),96.12,2439.83,0,No
CUST-102708,Female,1,Yes,Yes,65+,Chennai,21,No,No Phone Service,DSL,No,Yes,No,No,No,No,One Year,Yes,Electronic Check,64.33,1401.15,1,No
CUST-102709,Female,0,No,Yes,26-35,Mumbai,5,Yes,No,Fiber Optic,No,Yes,No,No,Yes,Yes,One Year,No,Bank Transfer (Auto),95.35,540.31,3,No
CUST-102710,Female,1,No,No,36-45,Bangalore,5,Yes,Yes,Fiber Optic,No,No,No,No,Yes,No,Month-to-Month,Yes,Credit Card (Auto),84.56,461.02,0,Yes
CUST-102711,Male,0,Yes,No,18-25,Pune,1,Yes,No,No,No Internet Service,No Internet Service,No Internet Service,No Internet Service,No Internet Service,No Internet Service,Month-to-Month,Yes,Electronic Check,68.74,6.76,1,No
CUST-102712,Female,0,Yes,No,18-25,Ahmedabad,6,No,No Phone Service,Fiber Optic,Yes,No,No,No,Yes,No,Month-to-Month,Yes,Mailed Check,94.65,487.43,2,No
CUST-102713,Female,0,No,Yes,26-35,Pune,10,Yes,No,Fiber Optic,No,No,Yes,Yes,Yes,Yes,One Year,Yes,Bank Transfer (Auto),84.9,836.98,4,No
CUST-102714,Female,0,No,No,26-35,Delhi,42,Yes,Yes,Fiber Optic,No,No,No,No,No,Yes,Month-to-Month,No,Mailed Check,89.49,3762.54,2,No
CUST-102715,Male,0,No,No,18-25,Kolkata,10,Yes,No,No,No Internet Service,No Internet Service,No Internet Service,No Internet Service,No Internet Service,No Internet Service,Month-to-Month,No,Electronic Check,46.07,511.46,0,Yes
CUST-102716,Female,0,No,No,18-25,Mumbai,33,Yes,Yes,Fiber Optic,Yes,No,No,Yes,Yes,Yes,One Year,No,Electronic Check,101.44,3335.49,1,No
CUST-102717,Male,0,Yes,Yes,18-25,Hyderabad,13,Yes,No,DSL,No,Yes,Yes,No,No,No,One Year,Yes,Electronic Check,74.26,1018.51,1,No
CUST-102718,Male,0,No,Yes,26-35,Bangalore,36,Yes,No,DSL,Yes,No,No,No,No,No,Month-to-Month,Yes,Electronic Check,66.86,2463.42,0,Yes
CUST-102719,Female,0,Yes,No,36-45,Ahmedabad,72,Yes,Yes,DSL,No,Yes,No,No,Yes,No,Month-to-Month,No,Electronic Check,65.12,4712.32,0,No
CUST-102720,Female,0,No,No,18-25,Mumbai,6,Yes,Yes,No,No Internet Service,No Internet Service,No Internet Service,No Internet Service,No Internet Service,No Internet Service,Two Year,Yes,Bank Transfer (Auto),60.48,406.33,1,No
CUST-102721,Male,0,No,No,18-25,Delhi,47,Yes,No,DSL,Yes,Yes,Yes,No,Yes,No,Two Year,Yes,Bank Transfer (Auto),89.13,4168.31,2,No
CUST-102722,Female,0,No,No,26-35,Delhi,23,Yes,No,No,No Internet Service,No Internet Service,No Internet Service,No Internet Service,No Internet Service,No Internet Service,Month-to-Month,Yes,Bank Transfer (Auto),48.56,1059.8,2,No
CUST-102723,Male,0,Yes,No,18-25,Bangalore,40,Yes,No,No,No Internet Service,No Internet Service,No Internet Service,No Internet Service,No Internet Service,No Internet Service,Two Year,Yes,Electronic Check,51.82,2044.35,6,Yes
CUST-102724,Male,0,Yes,Yes,18-25,Ahmedabad,25,Yes,No,Fiber Optic,No,No,Yes,Yes,No,Yes,One Year,No,Mailed Check,127.94,3156.86,0,No
CUST-102725,Female,0,No,Yes,26-35,Chennai,13,Yes,Yes,Fiber Optic,No,No,No,No,Yes,No,Two Year,Yes,Electronic Check,84.2,1155.13,1,Yes
CUST-102726,Female,0,No,Yes,65+,Mumbai,6,Yes,No,No,No Internet Service,No Internet Service,No Internet Service,No Internet Service,No Internet Service,No Internet Service,Month-to-Month,No,Credit Card (Auto),44.77,311.75,0,No
CUST-102727,Male,1,No,No,18-25,Kolkata,1,Yes,Yes,DSL,No,Yes,No,Yes,No,Yes,One Year,Yes,Bank Transfer (Auto),90.15,0.0,3,No
CUST-102728,Male,0,Yes,No,46-55,Chennai,18,Yes,No,DSL,Yes,Yes,No,No,No,No,One Year,Yes,Credit Card (Auto),85.49,1547.76,1,No
CUST-102729,Male,0,Yes,No,65+,Mumbai,72,Yes,Yes,DSL,No,Yes,Yes,No,No,No,Month-to-Month,No,Electronic Check,76.94,5450.39,0,No
CUST-102730,Male,0,No,Yes,36-45,Ahmedabad,32,Yes,No,DSL,No,Yes,No,Yes,Yes,No,One Year,No,Bank Transfer (Auto),94.91,2982.92,1,No
CUST-102731,Female,0,Yes,No,26-35,Mumbai,9,Yes,No,Fiber Optic,Yes,No,No,Yes,No,No,Month-to-Month,No,Bank Transfer (Auto),91.07,861.23,0,No
CUST-102732,Female,0,No,No,36-45,Chennai,42,Yes,Yes,Fiber Optic,Yes,No,No,Yes,No,Yes,Month-to-Month,Yes,Credit Card (Auto),108.94,4489.27,2,No
CUST-102733,Female,0,Yes,No,18-25,Chennai,35,No,No Phone Service,DSL,No,No,No,No,No,No,Month-to-Month,Yes,Mailed Check,59.36,,1,No
CUST-102734,Female,0,No,Yes,46-55,Chennai,7,No,No Phone Service,Fiber Optic,No,No,No,Yes,Yes,Yes,Two Year,No,Bank Transfer (Auto),103.13,670.71,3,No
CUST-102735,Female,0,No,No,26-35,Kolkata,0,Yes,No,Fiber Optic,No,No,No,Yes,No,Yes,Month-to-Month,No,Electronic Check,94.38,0.0,2,Yes
CUST-102736,Male,0,No,No,26-35,Mumbai,3,Yes,Yes,DSL,Yes,No,Yes,No,No,No,One Year,Yes,Bank Transfer (Auto),62.35,116.04,2,No
CUST-102737,Female,0,Yes,No,36-45,Hyderabad,50,No,No Phone Service,Fiber Optic,No,No,No,No,Yes,Yes,One Year,Yes,Electronic Check,93.62,4678.19,2,No
CUST-102738,Female,0,No,No,56-65,Hyderabad,43,No,No Phone Service,Fiber Optic,No,No,Yes,No,Yes,No,Month-to-Month,Yes,Electronic Check,96.87,4081.17,0,No
CUST-102739,Female,0,Yes,Yes,18-25,Bangalore,8,Yes,No,No,No Internet Service,No Internet Service,No Internet Service,No Internet Service,No Internet Service,No Internet Service,Month-to-Month,No,Electronic Check,32.31,246.03,0,No
CUST-102740,Female,1,No,No,26-35,Hyderabad,8,Yes,No,DSL,No,Yes,No,Yes,No,No,One Year,No,Credit Card (Auto),86.34,691.17,3,No
CUST-102741,Female,0,Yes,No,26-35,Hyderabad,37,Yes,Yes,Fiber Optic,No,Yes,No,No,No,No,Two Year,No,Mailed Check,75.37,2826.29,1,No
CUST-102742,Male,0,Yes,No,26-35,Pune,66,Yes,No,No,No Internet Service,No Internet Service,No Internet Service,No Internet Service,No Internet Service,No Internet Service,Month-to-Month,No,Credit Card (Auto),44.54,2986.11,0,No
CUST-102743,Male,1,Yes,No,18-25,Mumbai,36,Yes,No,DSL,No,Yes,No,No,Yes,No,Month-to-Month,No,Credit Card (Auto),88.31,3110.35,0,No
CUST-102744,Male,0,Yes,Yes,18-25,Mumbai,22,Yes,No,Fiber Optic,No,No,Yes,No,No,No,Month-to-Month,No,Credit Card (Auto),94.31,2008.63,1,No
CUST-102745,Female,0,No,Yes,18-25,Ahmedabad,6,Yes,No,Fiber Optic,No,No,No,No,Yes,Yes,Month-to-Month,Yes,Credit Card (Auto),104.58,558.5,0,No
CUST-102746,Male,0,Yes,No,18-25,Bangalore,17,Yes,Yes,Fiber Optic,No,No,No,Yes,Yes,No,Month-to-Month,Yes,Credit Card (Auto),96.43,1678.85,6,No
CUST-102747,Male,1,No,Yes,18-25,Pune,6,Yes,Yes,No,No Internet Service,No Internet Service,No Internet Service,No Internet Service,No Internet Service,No Internet Service,Month-to-Month,No,Electronic Check,41.27,264.9,1,No
CUST-102748,Female,0,No,No,18-25,Bangalore,39,Yes,Yes,DSL,No,Yes,No,No,Yes,Yes,Month-to-Month,Yes,Electronic Check,77.3,2997.04,1,Yes
CUST-102749,Female,0,Yes,Yes,36-45,Mumbai,11,Yes,No,DSL,Yes,No,No,Yes,Yes,No,Month-to-Month,No,Bank Transfer (Auto),82.33,846.03,2,No
CUST-102750,Female,0,No,Yes,18-25,Delhi,43,Yes,No,No,No Internet Service,No Internet Service,No Internet Service,No Internet Service,No Internet Service,No Internet Service,One Year,Yes,Mailed Check,57.9,,2,No
CUST-102751,Male,1,Yes,No,18-25,Mumbai,11,Yes,No,Fiber Optic,No,Yes,No,Yes,No,No,Two Year,Yes,Electronic Check,99.85,1166.79,1,Yes
CUST-102752,Male,0,Yes,Yes,26-35,Kolkata,41,Yes,No,Fiber Optic,Yes,No,No,No,No,No,Month-to-Month,Yes,Bank Transfer (Auto),96.83,4035.22,1,No
CUST-102753,Female,0,Yes,No,26-35,Delhi,9,Yes,Yes,Fiber Optic,No,No,Yes,Yes,No,No,One Year,Yes,Bank Transfer (Auto),91.83,752.81,2,No
CUST-102754,Female,1,No,No,26-35,Ahmedabad,13,Yes,No,Fiber Optic,No,No,Yes,No,Yes,No,Month-to-Month,Yes,Credit Card (Auto),97.29,1318.32,0,No
CUST-102755,Male,0,Yes,No,26-35,Chennai,22,Yes,No,DSL,No,No,Yes,Yes,Yes,Yes,Two Year,Yes,Bank Transfer (Auto),72.25,1515.18,0,No
CUST-102756,Male,0,No,No,18-25,Bangalore,1,Yes,No,DSL,No,Yes,No,No,No,Yes,One Year,Yes,Bank Transfer (Auto),91.63,71.52,2,No
CUST-102757,Female,0,No,Yes,18-25,Hyderabad,71,Yes,No,Fiber Optic,Yes,No,Yes,Yes,Yes,Yes,Two Year,Yes,Mailed Check,103.24,7304.04,2,No
CUST-102758,Female,0,No,No,26-35,Ahmedabad,20,Yes,Yes,Fiber Optic,No,No,Yes,Yes,No,No,Month-to-Month,No,Mailed Check,86.42,1741.72,1,No
CUST-102759,Male,1,Yes,No,18-25,Chennai,17,Yes,Yes,Fiber Optic,Yes,No,No,No,No,Yes,One Year,Yes,Credit Card (Auto),106.88,1766.84,0,Yes
CUST-102760,Female,0,No,No,36-45,Pune,43,Yes,No,No,No Internet Service,No Internet Service,No Internet Service,No Internet Service,No Internet Service,No Internet Service,Month-to-Month,Yes,Electronic Check,46.89,2021.41,0,No
CUST-102761,Male,0,No,No,18-25,Hyderabad,48,Yes,Yes,DSL,No,No,No,No,No,Yes,Month-to-Month,Yes,Mailed Check,65.84,3106.27,2,No
CUST-102762,Male,0,No,No,36-45,Hyderabad,17,Yes,No,DSL,Yes,No,No,No,Yes,No,Month-to-Month,No,Bank Transfer (Auto),68.87,1179.39,0,No
CUST-102763,Male,0,No,No,36-45,Ahmedabad,62,Yes,Yes,Fiber Optic,No,No,Yes,No,Yes,No,One Year,Yes,Mailed Check,93.16,5710.06,1,No
CUST-102764,Male,1,No,No,18-25,Chennai,1,Yes,No,Fiber Optic,No,No,No,No,No,No,One Year,Yes,Electronic Check,87.62,67.73,4,No
CUST-102765,Female,0,Yes,Yes,26-35,Hyderabad,2,Yes,No,Fiber Optic,Yes,Yes,Yes,Yes,No,No,Month-to-Month,No,Electronic Check,101.79,203.76,1,Yes
CUST-102766,Female,0,Yes,Yes,26-35,Kolkata,21,Yes,No,No,No Internet Service,No Internet Service,No Internet Service,No Internet Service,No Internet Service,No Internet Service,One Year,Yes,Electronic Check,18.0,365.49,3,No
CUST-102767,Male,0,Yes,No,18-25,Bangalore,10,Yes,No,DSL,No,No,Yes,No,No,No,Month-to-Month,No,Mailed Check,82.86,870.84,0,No
CUST-102768,Male,1,Yes,Yes,46-55,Hyderabad,14,Yes,No,DSL,No,Yes,Yes,No,No,No,Month-to-Month,Yes,Credit Card (Auto),78.73,989.28,3,No
CUST-102769,Male,0,Yes,Yes,18-25,Pune,9,Yes,No,DSL,No,No,No,Yes,Yes,Yes,One Year,Yes,Mailed Check,75.62,689.31,4,Yes
CUST-102770,Male,0,Yes,Yes,18-25,Mumbai,12,Yes,No,DSL,Yes,No,Yes,Yes,No,No,Month-to-Month,Yes,Electronic Check,79.64,914.17,0,No
CUST-102771,Male,0,Yes,No,18-25,Mumbai,41,Yes,No,Fiber Optic,No,No,No,No,Yes,No,Month-to-Month,Yes,Mailed Check,85.36,3529.31,1,No
CUST-102772,Female,0,No,No,36-45,Chennai,21,Yes,No,Fiber Optic,No,Yes,No,No,Yes,No,Month-to-Month,Yes,Electronic Check,105.42,2215.35,1,No
CUST-102773,Female,0,Yes,No,18-25,Delhi,72,Yes,Yes,DSL,Yes,No,Yes,Yes,No,Yes,One Year,Yes,Credit Card (Auto),93.5,6786.39,1,No
CUST-102774,Female,0,No,No,46-55,Bangalore,37,Yes,No,Fiber Optic,No,No,No,No,No,Yes,Month-to-Month,No,Mailed Check,91.59,3377.19,2,No
CUST-102775,Female,0,No,No,26-35,Pune,7,Yes,No,Fiber Optic,Yes,No,Yes,Yes,Yes,No,Two Year,No,Credit Card (Auto),121.99,915.64,2,No
CUST-102776,Male,0,No,No,18-25,Delhi,7,Yes,No,DSL,No,No,Yes,No,No,No,Month-to-Month,Yes,Mailed Check,73.81,524.5,1,Yes
CUST-102777,Male,0,No,No,26-35,Pune,9,Yes,Yes,No,No Internet Service,No Internet Service,No Internet Service,No Internet Service,No Internet Service,No Internet Service,One Year,Yes,Credit Card (Auto),58.76,464.18,4,No
CUST-102778,Male,1,Yes,No,18-25,Bangalore,44,No,No Phone Service,No,No Internet Service,No Internet Service,No Internet Service,No Internet Service,No Internet Service,No Internet Service,Month-to-Month,Yes,Electronic Check,34.04,1457.09,1,No
CUST-102779,Male,0,Yes,No,18-25,Mumbai,0,Yes,No,Fiber Optic,No,No,No,No,Yes,No,Month-to-Month,Yes,Electronic Check,92.02,0.0,1,Yes
CUST-102780,Male,1,Yes,No,18-25,Mumbai,6,Yes,No,Fiber Optic,No,Yes,Yes,No,No,Yes,One Year,Yes,Electronic Check,112.47,680.55,2,No
CUST-102781,Female,0,Yes,No,26-35,Bangalore,56,Yes,No,DSL,Yes,No,No,Yes,Yes,No,Month-to-Month,No,Bank Transfer (Auto),76.12,4307.71,2,No
CUST-102782,Male,0,No,No,18-25,Bangalore,24,Yes,Yes,No,No Internet Service,No Internet Service,No Internet Service,No Internet Service,No Internet Service,No Internet Service,Month-to-Month,No,Electronic Check,63.17,1546.62,2,No
CUST-102783,Female,1,No,No,56-65,Bangalore,6,Yes,No,No,No Internet Service,No Internet Service,No Internet Service,No Internet Service,No Internet Service,No Internet Service,Month-to-Month,No,Mailed Check,39.13,268.01,1,No
CUST-102784,Female,0,Yes,No,18-25,Hyderabad,5,Yes,No,No,No Internet Service,No Internet Service,No Internet Service,No Internet Service,No Internet Service,No Internet Service,Month-to-Month,Yes,Credit Card (Auto),54.87,237.03,0,No
CUST-102785,Female,0,Yes,No,56-65,Ahmedabad,47,Yes,Yes,DSL,No,Yes,No,Yes,No,Yes,Month-to-Month,Yes,Electronic Check,79.66,3788.14,2,No
CUST-102786,Female,1,Yes,No,18-25,Hyderabad,53,Yes,No,Fiber Optic,No,Yes,Yes,No,Yes,Yes,One Year,No,Electronic Check,93.68,4970.24,1,No
CUST-102787,Male,0,Yes,No,26-35,Kolkata,7,Yes,Yes,Fiber Optic,No,Yes,No,No,Yes,No,One Year,Yes,Credit Card (Auto),86.37,644.32,0,No
CUST-102788,Female,0,No,No,26-35,Kolkata,13,Yes,Yes,Fiber Optic,No,No,No,Yes,Yes,Yes,Month-to-Month,Yes,Mailed Check,102.1,1253.43,1,Yes
CUST-102789,Female,0,Yes,No,18-25,Kolkata,43,No,No Phone Service,DSL,Yes,Yes,No,No,Yes,Yes,Month-to-Month,No,Credit Card (Auto),93.11,4026.35,2,No
CUST-102790,Female,0,No,No,18-25,Hyderabad,35,Yes,No,Fiber Optic,No,No,No,No,No,Yes,Month-to-Month,No,Mailed Check,86.97,3013.41,4,No
CUST-102791,Male,0,Yes,No,18-25,Delhi,40,Yes,Yes,DSL,No,No,No,No,No,No,Month-to-Month,Yes,Mailed Check,60.94,2374.33,2,No
CUST-102792,Male,0,Yes,No,18-25,Pune,17,Yes,Yes,DSL,No,Yes,No,Yes,Yes,Yes,One Year,Yes,Electronic Check,93.31,1618.6,0,No
CUST-102793,Male,0,No,No,26-35,Bangalore,58,Yes,Yes,Fiber Optic,No,No,Yes,Yes,No,No,One Year,Yes,Credit Card (Auto),89.65,5178.25,0,No
CUST-102794,Female,0,No,No,26-35,Kolkata,9,Yes,No,No,No Internet Service,No Internet Service,No Internet Service,No Internet Service,No Internet Service,No Internet Service,Month-to-Month,No,Credit Card (Auto),40.29,389.13,2,No
CUST-102795,Female,0,No,No,46-55,Mumbai,4,Yes,No,DSL,No,No,No,No,No,No,Month-to-Month,Yes,Credit Card (Auto),66.79,218.25,0,Yes
CUST-102796,Male,0,No,No,18-25,Chennai,29,Yes,No,No,No Internet Service,No Internet Service,No Internet Service,No Internet Service,No Internet Service,No Internet Service,Two Year,Yes,Mailed Check,45.33,1416.15,1,No
CUST-102797,Female,0,Yes,Yes,18-25,Hyderabad,18,Yes,Yes,No,No Internet Service,No Internet Service,No Internet Service,No Internet Service,No Internet Service,No Internet Service,Month-to-Month,No,Credit Card (Auto),50.18,897.29,0,No
CUST-102798,Male,0,Yes,No,36-45,Chennai,46,Yes,Yes,Fiber Optic,No,No,No,Yes,Yes,Yes,Month-to-Month,Yes,Mailed Check,102.5,4691.54,0,No
CUST-102799,Male,0,No,No,36-45,Mumbai,2,Yes,No,Fiber Optic,No,No,No,Yes,No,No,One Year,Yes,Mailed Check,85.07,219.64,2,No
CUST-102800,Female,0,No,No,36-45,Ahmedabad,44,Yes,Yes,Fiber Optic,Yes,No,No,Yes,No,Yes,One Year,Yes,Credit Card (Auto),105.79,4650.47,0,No
CUST-102801,Female,0,No,No,18-25,Pune,8,Yes,No,DSL,No,Yes,No,No,No,Yes,Month-to-Month,No,Electronic Check,73.21,743.97,1,Yes
CUST-102802,Female,0,Yes,Yes,46-55,Delhi,25,Yes,No,DSL,Yes,Yes,Yes,No,Yes,Yes,Two Year,Yes,Electronic Check,74.06,1909.75,0,No
CUST-102803,Female,1,No,No,18-25,Kolkata,0,Yes,Yes,No,No Internet Service,No Internet Service,No Internet Service,No Internet Service,No Internet Service,No Internet Service,Month-to-Month,Yes,Electronic Check,48.47,0.0,1,No
CUST-102804,Male,0,Yes,No,18-25,Bangalore,22,Yes,Yes,Fiber Optic,Yes,Yes,No,No,No,No,One Year,Yes,Credit Card (Auto),102.02,2248.15,0,No
CUST-102805,Male,0,No,Yes,18-25,Delhi,30,No,No Phone Service,DSL,No,Yes,Yes,Yes,No,Yes,Month-to-Month,No,Mailed Check,95.3,2862.31,1,No
CUST-102806,Male,0,No,No,18-25,Bangalore,11,Yes,No,No,No Internet Service,No Internet Service,No Internet Service,No Internet Service,No Internet Service,No Internet Service,One Year,No,Mailed Check,54.55,547.29,2,No
CUST-102807,Male,0,Yes,No,18-25,Bangalore,5,Yes,No,DSL,No,No,No,Yes,No,Yes,Two Year,Yes,Credit Card (Auto),67.62,402.28,0,No
CUST-102808,Male,1,No,No,26-35,Pune,18,No,No Phone Service,Fiber Optic,No,No,Yes,No,No,No,Month-to-Month,No,Mailed Check,104.13,1852.86,3,Yes
CUST-102809,Female,1,Yes,Yes,18-25,Mumbai,42,No,No Phone Service,DSL,No,No,Yes,Yes,No,No,One Year,No,Electronic Check,84.97,3556.37,1,No
CUST-102810,Male,0,No,No,18-25,Kolkata,9,Yes,No,Fiber Optic,Yes,No,No,Yes,Yes,No,Two Year,No,Bank Transfer (Auto),91.58,835.15,1,No
CUST-102811,Male,0,Yes,No,26-35,Bangalore,6,No,No Phone Service,Fiber Optic,Yes,No,No,No,No,No,Month-to-Month,Yes,Credit Card (Auto),84.75,462.72,2,No
CUST-102812,Male,1,No,Yes,18-25,Mumbai,7,Yes,Yes,Fiber Optic,No,No,No,Yes,No,Yes,One Year,Yes,Electronic Check,103.45,734.72,0,No
CUST-102813,Female,1,Yes,Yes,26-35,Pune,71,Yes,No,Fiber Optic,No,No,No,No,Yes,Yes,Two Year,Yes,Bank Transfer (Auto),97.14,6871.8,3,No
CUST-102814,Female,0,No,Yes,36-45,Ahmedabad,10,Yes,No,No,No Internet Service,No Internet Service,No Internet Service,No Internet Service,No Internet Service,No Internet Service,One Year,Yes,Electronic Check,50.36,479.77,3,Yes
CUST-102815,Female,0,No,No,26-35,Kolkata,0,Yes,No,Fiber Optic,No,No,No,No,Yes,Yes,Month-to-Month,No,Mailed Check,96.57,0.0,2,No
CUST-102816,Female,0,Yes,Yes,18-25,Delhi,36,Yes,No,DSL,Yes,No,No,No,No,No,Month-to-Month,No,Electronic Check,53.71,1896.81,1,No
CUST-102817,Male,1,Yes,Yes,18-25,Delhi,28,Yes,No,Fiber Optic,Yes,No,No,Yes,No,Yes,Month-to-Month,No,Electronic Check,90.84,2465.28,1,Yes
CUST-102818,Male,0,No,No,18-25,Ahmedabad,3,Yes,No,Fiber Optic,No,Yes,Yes,Yes,No,Yes,Month-to-Month,Yes,Mailed Check,96.59,298.46,1,Yes
CUST-102819,Female,0,Yes,No,18-25,Delhi,72,Yes,No,Fiber Optic,Yes,No,Yes,No,Yes,No,Month-to-Month,Yes,Credit Card (Auto),94.41,6683.04,2,Yes
CUST-102820,Female,0,No,No,36-45,Delhi,22,Yes,No,Fiber Optic,Yes,No,No,No,No,No,Month-to-Month,Yes,Bank Transfer (Auto),73.43,1502.79,0,No
CUST-102821,Male,0,Yes,No,36-45,Chennai,16,Yes,Yes,Fiber Optic,No,Yes,Yes,No,No,No,Month-to-Month,No,Credit Card (Auto),93.51,1498.4,0,No
CUST-102822,Male,0,No,Yes,18-25,Delhi,11,No,No Phone Service,DSL,Yes,No,No,No,Yes,Yes,Month-to-Month,No,Bank Transfer (Auto),82.46,897.97,2,No
CUST-102823,Female,1,Yes,No,26-35,Bangalore,54,Yes,No,No,No Internet Service,No Internet Service,No Internet Service,No Internet Service,No Internet Service,No Internet Service,Month-to-Month,Yes,Electronic Check,52.6,2853.37,1,No
CUST-102824,Female,0,Yes,Yes,46-55,Pune,6,Yes,No,Fiber Optic,No,No,Yes,Yes,No,No,One Year,Yes,Electronic Check,100.1,633.82,2,No
CUST-102825,Female,0,Yes,No,46-55,Chennai,8,Yes,No,Fiber Optic,No,No,No,No,Yes,No,One Year,Yes,Credit Card (Auto),103.86,732.02,1,Yes
CUST-102826,Female,0,Yes,No,36-45,Kolkata,3,Yes,Yes,Fiber Optic,Yes,No,No,No,Yes,No,Month-to-Month,Yes,Bank Transfer (Auto),87.9,232.97,0,No
CUST-102827,Male,0,Yes,Yes,18-25,Pune,34,No,No Phone Service,No,No Internet Service,No Internet Service,No Internet Service,No Internet Service,No Internet Service,No Internet Service,Month-to-Month,Yes,Credit Card (Auto),34.62,1154.7,4,No
CUST-102828,Male,0,No,No,65+,Pune,21,Yes,No,DSL,Yes,No,No,No,Yes,No,Month-to-Month,No,Electronic Check,82.52,1748.53,1,Yes
CUST-102829,Male,0,No,No,36-45,Delhi,22,Yes,No,No,No Internet Service,No Internet Service,No Internet Service,No Internet Service,No Internet Service,No Internet Service,Month-to-Month,Yes,Electronic Check,59.74,1325.69,4,Yes
CUST-102830,Female,0,No,Yes,26-35,Delhi,5,Yes,Yes,Fiber Optic,No,No,Yes,No,No,Yes,Month-to-Month,Yes,Mailed Check,93.0,444.75,1,No
CUST-102831,Female,0,No,No,46-55,Delhi,25,No,No Phone Service,Fiber Optic,No,Yes,No,Yes,Yes,Yes,One Year,Yes,Electronic Check,104.25,2608.46,2,No
CUST-102832,Male,0,Yes,No,18-25,Mumbai,34,No,No Phone Service,Fiber Optic,No,Yes,No,Yes,No,No,Month-to-Month,Yes,Electronic Check,97.82,3312.14,0,No
CUST-102833,Male,0,No,No,26-35,Kolkata,10,Yes,No,No,No Internet Service,No Internet Service,No Internet Service,No Internet Service,No Internet Service,No Internet Service,Two Year,Yes,Mailed Check,44.33,397.67,2,No
CUST-102834,Male,1,Yes,No,26-35,Mumbai,38,Yes,No,Fiber Optic,Yes,No,Yes,No,Yes,No,Month-to-Month,Yes,Bank Transfer (Auto),108.15,4112.4,2,No
CUST-102835,Male,1,No,No,18-25,Chennai,10,Yes,No,DSL,No,No,No,No,No,Yes,Month-to-Month,Yes,Electronic Check,73.41,626.89,2,Yes
CUST-102836,Female,0,Yes,Yes,18-25,Kolkata,34,Yes,Yes,DSL,Yes,Yes,No,Yes,No,No,One Year,Yes,Electronic Check,79.06,2700.3,0,No
CUST-102837,Male,0,Yes,Yes,36-45,Delhi,0,Yes,Yes,DSL,No,Yes,No,Yes,No,Yes,One Year,No,Bank Transfer (Auto),68.58,70.62,0,No
CUST-102838,Male,1,Yes,No,18-25,Ahmedabad,19,Yes,Yes,Fiber Optic,No,Yes,No,Yes,Yes,Yes,One Year,Yes,Mailed Check,107.59,2026.86,4,No
CUST-102839,Male,0,No,Yes,26-35,Ahmedabad,72,Yes,No,DSL,No,No,Yes,No,Yes,Yes,Two Year,No,Bank Transfer (Auto),89.5,6547.1,1,No
CUST-102840,Male,0,Yes,No,36-45,Hyderabad,72,No,No Phone Service,Fiber Optic,No,Yes,No,No,Yes,No,Month-to-Month,Yes,Mailed Check,97.42,7044.39,1,No
CUST-102841,Male,1,No,No,36-45,Chennai,7,Yes,Yes,No,No Internet Service,No Internet Service,No Internet Service,No Internet Service,No Internet Service,No Internet Service,Two Year,No,Credit Card (Auto),40.0,352.92,0,No
CUST-102842,Male,0,Yes,Yes,46-55,Delhi,13,No,No Phone Service,Fiber Optic,Yes,No,No,Yes,No,Yes,Month-to-Month,Yes,Bank Transfer (Auto),110.41,1454.62,0,No
CUST-102843,Male,0,No,Yes,26-35,Ahmedabad,1,Yes,No,Fiber Optic,No,No,Yes,No,No,No,Two Year,No,Credit Card (Auto),95.22,122.8,2,No
CUST-102844,Female,1,No,No,18-25,Pune,49,Yes,No,Fiber Optic,No,No,Yes,No,No,No,Month-to-Month,Yes,Mailed Check,100.75,4943.91,0,No
CUST-102845,Female,0,Yes,No,36-45,Hyderabad,20,Yes,Yes,No,No Internet Service,No Internet Service,No Internet Service,No Internet Service,No Internet Service,No Internet Service,Month-to-Month,Yes,Electronic Check,53.69,995.41,1,No
CUST-102846,Female,0,No,No,26-35,Hyderabad,11,No,No Phone Service,Fiber Optic,No,Yes,No,No,No,No,One Year,Yes,Mailed Check,81.65,799.88,0,No
CUST-102847,Female,0,No,No,36-45,Chennai,2,Yes,No,DSL,Yes,No,Yes,Yes,Yes,Yes,Month-to-Month,Yes,Mailed Check,105.35,198.63,4,Yes
CUST-102848,Male,0,No,Yes,18-25,Delhi,70,Yes,Yes,Fiber Optic,Yes,No,No,No,No,No,Month-to-Month,No,Mailed Check,77.8,5415.86,3,No
CUST-102849,Female,0,No,No,18-25,Chennai,18,Yes,No,Fiber Optic,Yes,No,No,No,No,Yes,Month-to-Month,Yes,Bank Transfer (Auto),80.77,1425.33,2,Yes
CUST-102850,Female,0,No,Yes,18-25,Mumbai,7,Yes,Yes,DSL,No,No,No,No,Yes,Yes,One Year,No,Electronic Check,61.21,365.26,0,No
CUST-102851,Male,1,No,No,18-25,Chennai,10,Yes,No,Fiber Optic,Yes,No,Yes,No,Yes,No,Two Year,No,Bank Transfer (Auto),114.2,1197.43,0,No
CUST-102852,Male,0,Yes,No,36-45,Hyderabad,7,Yes,Yes,DSL,Yes,Yes,Yes,Yes,No,No,One Year,No,Credit Card (Auto),89.05,571.79,3,No
CUST-102853,Female,0,No,No,26-35,Bangalore,22,Yes,No,No,No Internet Service,No Internet Service,No Internet Service,No Internet Service,No Internet Service,No Internet Service,Two Year,Yes,Bank Transfer (Auto),53.02,1111.65,0,No
CUST-102854,Female,0,Yes,No,18-25,Mumbai,63,Yes,No,No,No Internet Service,No Internet Service,No Internet Service,No Internet Service,No Internet Service,No Internet Service,Month-to-Month,Yes,Mailed Check,58.01,3656.55,1,No
CUST-102855,Male,0,Yes,No,18-25,Hyderabad,46,Yes,Yes,Fiber Optic,No,No,No,No,No,Yes,Month-to-Month,Yes,Credit Card (Auto),88.66,4132.53,0,No
CUST-102856,Female,0,No,No,18-25,Bangalore,14,No,No Phone Service,DSL,No,Yes,Yes,No,Yes,No,Month-to-Month,No,Mailed Check,93.81,1355.76,3,No
CUST-102857,Male,1,Yes,No,56-65,Bangalore,42,Yes,Yes,No,No Internet Service,No Internet Service,No Internet Service,No Internet Service,No Internet Service,No Internet Service,One Year,No,Electronic Check,35.85,1473.22,0,No
CUST-102858,Male,1,Yes,No,18-25,Bangalore,13,Yes,No,DSL,Yes,No,No,Yes,No,No,Month-to-Month,Yes,Credit Card (Auto),81.87,1053.69,3,No
CUST-102859,Male,0,No,No,26-35,Mumbai,6,Yes,Yes,Fiber Optic,No,Yes,Yes,Yes,No,Yes,Month-to-Month,No,Electronic Check,107.34,726.06,1,Yes
CUST-102860,Male,0,No,No,36-45,Mumbai,72,Yes,No,DSL,No,Yes,No,No,No,No,Month-to-Month,Yes,Bank Transfer (Auto),64.15,4674.1,3,No
CUST-102861,Female,0,No,Yes,18-25,Mumbai,8,Yes,Yes,No,No Internet Service,No Internet Service,No Internet Service,No Internet Service,No Internet Service,No Internet Service,One Year,No,Electronic Check,39.58,360.47,1,No
CUST-102862,Male,0,No,Yes,36-45,Hyderabad,9,Yes,No,DSL,No,No,No,No,Yes,No,Month-to-Month,No,Electronic Check,74.96,693.9,3,Yes
CUST-102863,Male,0,No,Yes,18-25,Delhi,72,No,No Phone Service,No,No Internet Service,No Internet Service,No Internet Service,No Internet Service,No Internet Service,No Internet Service,Two Year,Yes,Electronic Check,39.34,2837.49,1,No
CUST-102864,Female,0,Yes,No,26-35,Delhi,3,No,No Phone Service,DSL,No,No,No,No,No,Yes,One Year,No,Mailed Check,67.28,302.27,3,Yes
CUST-102865,Male,1,Yes,Yes,18-25,Chennai,34,Yes,Yes,Fiber Optic,No,No,No,No,No,No,One Year,No,Electronic Check,74.86,2601.67,1,No
CUST-102866,Female,0,No,No,26-35,Chennai,65,Yes,No,Fiber Optic,Yes,Yes,Yes,Yes,Yes,Yes,Two Year,No,Electronic Check,135.25,8797.36,1,No
CUST-102867,Female,0,Yes,No,18-25,Bangalore,17,Yes,No,Fiber Optic,No,No,Yes,Yes,No,No,Month-to-Month,Yes,Bank Transfer (Auto),79.97,1395.65,4,No
CUST-102868,Female,0,No,Yes,36-45,Ahmedabad,0,Yes,No,Fiber Optic,No,No,Yes,No,No,Yes,One Year,No,Bank Transfer (Auto),85.65,0.0,0,Yes
CUST-102869,Male,0,No,No,26-35,Bangalore,11,Yes,Yes,No,No Internet Service,No Internet Service,No Internet Service,No Internet Service,No Internet Service,No Internet Service,Two Year,Yes,Credit Card (Auto),38.83,346.91,3,No
CUST-102870,Female,0,Yes,Yes,46-55,Delhi,2,Yes,Yes,DSL,No,Yes,Yes,No,No,No,One Year,No,Credit Card (Auto),76.63,102.14,1,No
CUST-102871,Female,0,No,No,26-35,Kolkata,12,Yes,No,DSL,No,Yes,No,No,Yes,No,One Year,Yes,Mailed Check,72.28,844.32,2,No
CUST-102872,Male,0,No,No,36-45,Pune,37,Yes,No,DSL,No,Yes,No,No,Yes,No,Month-to-Month,Yes,Credit Card (Auto),82.25,3016.98,0,No
CUST-102873,Female,0,Yes,No,46-55,Pune,13,Yes,Yes,Fiber Optic,Yes,No,No,No,Yes,Yes,One Year,No,Mailed Check,90.18,1136.19,2,No
CUST-102874,Female,0,No,Yes,26-35,Kolkata,13,Yes,No,Fiber Optic,No,Yes,No,No,Yes,Yes,Month-to-Month,Yes,Mailed Check,94.67,1196.83,2,Yes
CUST-102875,Female,0,No,No,36-45,Pune,19,Yes,Yes,No,No Internet Service,No Internet Service,No Internet Service,No Internet Service,No Internet Service,No Internet Service,Two Year,No,Bank Transfer (Auto),33.09,694.02,0,No
CUST-102876,Female,0,Yes,No,26-35,Kolkata,20,Yes,No,DSL,Yes,No,No,Yes,No,Yes,Two Year,Yes,Electronic Check,84.04,1772.43,3,No
CUST-102877,Female,0,No,No,18-25,Delhi,46,Yes,No,DSL,No,No,No,Yes,No,Yes,Two Year,Yes,Credit Card (Auto),79.75,3734.12,1,No
CUST-102878,Male,0,No,No,36-45,Chennai,8,Yes,No,No,No Internet Service,No Internet Service,No Internet Service,No Internet Service,No Internet Service,No Internet Service,One Year,Yes,Mailed Check,50.58,296.77,2,No
CUST-102879,Female,0,No,Yes,65+,Chennai,41,Yes,Yes,Fiber Optic,Yes,Yes,No,No,Yes,Yes,Month-to-Month,Yes,Electronic Check,112.97,4685.67,0,No
CUST-102880,Female,0,No,No,46-55,Delhi,20,Yes,Yes,No,No Internet Service,No Internet Service,No Internet Service,No Internet Service,No Internet Service,No Internet Service,Month-to-Month,Yes,Electronic Check,39.17,820.23,1,No
CUST-102881,Male,0,No,No,18-25,Ahmedabad,8,Yes,No,No,No Internet Service,No Internet Service,No Internet Service,No Internet Service,No Internet Service,No Internet Service,Two Year,No,Electronic Check,36.73,291.98,1,No
CUST-102882,Male,0,Yes,Yes,56-65,Pune,8,Yes,Yes,Fiber Optic,Yes,Yes,Yes,No,No,No,Month-to-Month,Yes,Credit Card (Auto),105.36,818.03,3,No
CUST-102883,Male,0,No,No,18-25,Ahmedabad,10,Yes,Yes,Fiber Optic,Yes,Yes,No,No,Yes,Yes,Month-to-Month,Yes,Credit Card (Auto),105.08,1035.55,1,No
CUST-102884,Female,0,No,No,18-25,Mumbai,23,Yes,No,No,No Internet Service,No Internet Service,No Internet Service,No Internet Service,No Internet Service,No Internet Service,One Year,Yes,Mailed Check,44.23,1066.79,3,No
CUST-102885,Male,0,Yes,No,18-25,Mumbai,6,Yes,Yes,Fiber Optic,Yes,No,No,Yes,No,Yes,Month-to-Month,Yes,Electronic Check,101.96,631.04,4,No
CUST-102886,Female,0,Yes,Yes,26-35,Mumbai,60,Yes,No,Fiber Optic,Yes,No,No,No,No,No,One Year,No,Electronic Check,89.13,5408.78,3,No
CUST-102887,Female,1,No,Yes,18-25,Kolkata,20,Yes,Yes,DSL,No,No,Yes,No,No,Yes,Month-to-Month,Yes,Credit Card (Auto),74.14,1523.53,1,No
CUST-102888,Male,0,No,No,18-25,Hyderabad,60,Yes,No,DSL,Yes,No,No,Yes,No,Yes,One Year,No,Electronic Check,81.2,4944.03,0,No
CUST-102889,Male,1,No,No,18-25,Delhi,1,Yes,Yes,DSL,No,Yes,No,Yes,Yes,Yes,Two Year,Yes,Credit Card (Auto),92.56,124.26,2,No
CUST-102890,Female,0,No,Yes,18-25,Pune,10,Yes,No,No,No Internet Service,No Internet Service,No Internet Service,No Internet Service,No Internet Service,No Internet Service,Month-to-Month,Yes,Bank Transfer (Auto),39.17,334.84,2,No
CUST-102891,Male,0,No,No,18-25,Chennai,0,Yes,No,No,No Internet Service,No Internet Service,No Internet Service,No Internet Service,No Internet Service,No Internet Service,Month-to-Month,No,Credit Card (Auto),49.46,0.0,1,No
CUST-102892,Female,1,No,Yes,26-35,Chennai,7,Yes,No,No,No Internet Service,No Internet Service,No Internet Service,No Internet Service,No Internet Service,No Internet Service,Month-to-Month,No,Bank Transfer (Auto),45.21,348.77,1,No
CUST-102893,Male,0,No,No,18-25,Pune,47,Yes,No,Fiber Optic,No,No,Yes,Yes,No,No,Two Year,No,Bank Transfer (Auto),103.35,4887.48,2,No
CUST-102894,Male,0,Yes,No,26-35,Bangalore,0,Yes,Yes,DSL,No,No,Yes,No,No,Yes,Month-to-Month,Yes,Bank Transfer (Auto),86.41,0.0,1,No
CUST-102895,Male,0,No,No,36-45,Delhi,13,Yes,Yes,Fiber Optic,No,No,No,No,Yes,Yes,Month-to-Month,Yes,Credit Card (Auto),98.69,1295.34,0,No
CUST-102896,Female,0,No,No,18-25,Ahmedabad,3,Yes,No,Fiber Optic,No,No,Yes,No,No,No,One Year,No,Credit Card (Auto),80.57,218.99,1,No
CUST-102897,Male,0,No,No,18-25,Kolkata,12,Yes,Yes,No,No Internet Service,No Internet Service,No Internet Service,No Internet Service,No Internet Service,No Internet Service,Month-to-Month,Yes,Bank Transfer (Auto),51.67,595.38,0,No
CUST-102898,Female,0,No,No,18-25,Delhi,43,Yes,No,Fiber Optic,No,Yes,No,No,No,Yes,Two Year,Yes,Bank Transfer (Auto),91.12,3846.5,0,No
CUST-102899,Female,1,No,No,26-35,Bangalore,23,Yes,No,No,No Internet Service,No Internet Service,No Internet Service,No Internet Service,No Internet Service,No Internet Service,Two Year,Yes,Credit Card (Auto),42.85,987.79,2,No
CUST-102900,Female,0,Yes,No,18-25,Kolkata,32,Yes,Yes,Fiber Optic,No,Yes,No,No,Yes,No,Month-to-Month,No,Credit Card (Auto),91.2,2892.56,1,No
CUST-102901,Female,1,Yes,Yes,26-35,Ahmedabad,10,Yes,No,No,No Internet Service,No Internet Service,No Internet Service,No Internet Service,No Internet Service,No Internet Service,One Year,No,Bank Transfer (Auto),50.04,519.32,1,No
CUST-102902,Male,1,Yes,No,36-45,Pune,69,No,No Phone Service,Fiber Optic,No,Yes,No,No,Yes,No,Month-to-Month,Yes,Electronic Check,81.52,5537.21,0,No
CUST-102903,Female,0,Yes,Yes,26-35,Mumbai,29,Yes,Yes,Fiber Optic,No,No,No,No,Yes,Yes,One Year,No,Electronic Check,86.28,2532.21,3,No
CUST-102904,Female,0,No,No,18-25,Bangalore,13,Yes,Yes,DSL,Yes,No,No,No,Yes,No,One Year,Yes,Credit Card (Auto),64.42,811.7,3,No
CUST-102905,Male,1,Yes,Yes,26-35,Pune,13,Yes,No,Fiber Optic,No,No,Yes,No,No,No,Month-to-Month,No,Electronic Check,73.73,905.16,1,Yes
CUST-102906,Female,1,Yes,No,36-45,Bangalore,60,Yes,Yes,DSL,No,No,No,No,No,No,Month-to-Month,Yes,Electronic Check,64.97,3876.2,2,No
CUST-102907,Male,0,No,Yes,18-25,Chennai,20,No,No Phone Service,No,No Internet Service,No Internet Service,No Internet Service,No Internet Service,No Internet Service,No Internet Service,Two Year,No,Electronic Check,51.76,955.29,1,No
CUST-102908,Female,0,No,No,18-25,Mumbai,29,Yes,Yes,DSL,Yes,No,Yes,Yes,No,No,Month-to-Month,Yes,Bank Transfer (Auto),85.68,2470.17,1,No
CUST-102909,Male,0,Yes,No,56-65,Delhi,12,Yes,Yes,Fiber Optic,No,Yes,Yes,No,Yes,No,One Year,Yes,Bank Transfer (Auto),106.8,1287.76,1,No
CUST-102910,Female,0,No,No,46-55,Pune,6,Yes,No,Fiber Optic,No,Yes,No,No,No,Yes,Month-to-Month,No,Electronic Check,85.33,515.61,0,Yes
CUST-102911,Male,0,No,No,18-25,Delhi,30,Yes,No,Fiber Optic,No,Yes,No,No,No,Yes,Month-to-Month,Yes,Electronic Check,74.01,2243.3,1,No
CUST-102912,Female,0,Yes,No,18-25,Ahmedabad,22,No,No Phone Service,DSL,No,Yes,Yes,Yes,No,No,Two Year,Yes,Bank Transfer (Auto),70.82,1529.66,4,No
CUST-102913,Female,0,Yes,No,26-35,Bangalore,16,No,No Phone Service,DSL,Yes,Yes,No,No,Yes,Yes,Month-to-Month,Yes,Credit Card (Auto),91.81,1507.93,1,No
CUST-102914,Male,0,No,No,26-35,Delhi,23,Yes,No,Fiber Optic,No,No,No,Yes,No,No,One Year,No,Electronic Check,82.58,1912.65,1,No
CUST-102915,Male,0,No,No,18-25,Delhi,5,Yes,Yes,DSL,No,Yes,No,Yes,No,Yes,Month-to-Month,No,Electronic Check,84.15,461.55,1,No
CUST-102916,Male,0,No,Yes,18-25,Delhi,37,No,No Phone Service,Fiber Optic,No,No,No,Yes,No,No,Month-to-Month,No,Bank Transfer (Auto),78.08,2971.92,1,No
CUST-102917,Male,0,Yes,No,36-45,Bangalore,71,Yes,No,DSL,No,No,Yes,No,No,No,Two Year,No,Credit Card (Auto),75.81,5304.95,0,No
CUST-102918,Female,0,Yes,No,56-65,Hyderabad,53,Yes,Yes,DSL,Yes,No,No,No,No,No,One Year,Yes,Credit Card (Auto),81.28,4288.71,1,No
CUST-102919,female,0,No,No,18-25,Kolkata,9,Yes,No,Fiber Optic,Yes,No,Yes,No,Yes,No,Two Year,Yes,Bank Transfer (Auto),85.22,728.84,1,No
CUST-102920,Male,0,Yes,No,36-45,Ahmedabad,12,Yes,Yes,No,No Internet Service,No Internet Service,No Internet Service,No Internet Service,No Internet Service,No Internet Service,Two Year,No,Credit Card (Auto),21.6,366.11,2,No
CUST-102921,Female,0,Yes,No,26-35,Chennai,39,Yes,No,DSL,No,No,No,No,No,No,Two Year,Yes,Electronic Check,68.0,2681.86,2,No
CUST-102922,Male,1,No,Yes,18-25,Chennai,21,Yes,Yes,DSL,No,No,No,No,Yes,Yes,Two Year,No,Electronic Check,76.38,1618.34,2,No
CUST-102923,Male,0,Yes,No,18-25,Hyderabad,19,Yes,Yes,DSL,No,No,No,Yes,No,Yes,Month-to-Month,Yes,Bank Transfer (Auto),79.01,1560.99,2,No
CUST-102924,Female,0,No,No,46-55,Bangalore,62,Yes,No,No,No Internet Service,No Internet Service,No Internet Service,No Internet Service,No Internet Service,No Internet Service,Two Year,Yes,Credit Card (Auto),46.57,2887.96,2,No
CUST-102925,Female,0,No,No,18-25,Hyderabad,18,Yes,Yes,DSL,Yes,No,Yes,No,No,No,Month-to-Month,Yes,Bank Transfer (Auto),82.04,1500.05,1,Yes
CUST-102926,Female,1,Yes,No,18-25,Delhi,17,Yes,Yes,Fiber Optic,No,No,No,No,Yes,No,Month-to-Month,Yes,Credit Card (Auto),92.34,1546.98,1,Yes
CUST-102927,Female,0,No,Yes,65+,Bangalore,1,Yes,Yes,Fiber Optic,No,No,No,Yes,Yes,No,Month-to-Month,No,Credit Card (Auto),80.52,12.3,2,No
CUST-102928,Female,0,Yes,No,18-25,Delhi,1,Yes,Yes,Fiber Optic,No,No,No,Yes,No,Yes,Month-to-Month,Yes,Bank Transfer (Auto),84.18,129.05,1,No
CUST-102929,Female,0,No,Yes,46-55,Kolkata,0,Yes,Yes,Fiber Optic,No,Yes,Yes,No,Yes,No,One Year,Yes,Electronic Check,96.48,0.0,3,Yes
CUST-102930,Female,0,Yes,No,26-35,Delhi,58,Yes,Yes,No,No Internet Service,No Internet Service,No Internet Service,No Internet Service,No Internet Service,No Internet Service,Month-to-Month,Yes,Electronic Check,44.53,2620.17,0,No
CUST-102931,Male,0,Yes,No,18-25,Pune,12,Yes,No,Fiber Optic,No,No,No,No,Yes,No,Month-to-Month,Yes,Credit Card (Auto),91.42,1151.22,1,No
CUST-102932,Male,0,No,No,18-25,Mumbai,15,Yes,No,No,No Internet Service,No Internet Service,No Internet Service,No Internet Service,No Internet Service,No Internet Service,Month-to-Month,Yes,Electronic Check,37.36,448.18,1,Yes
CUST-102933,Male,0,Yes,No,18-25,Chennai,44,Yes,No,Fiber Optic,Yes,Yes,No,Yes,No,Yes,Month-to-Month,Yes,Electronic Check,118.0,5244.24,0,No
CUST-102934,Male,0,No,No,18-25,Pune,22,Yes,No,Fiber Optic,Yes,No,No,No,No,No,One Year,Yes,Credit Card (Auto),95.21,2107.35,0,No
CUST-102935,Male,0,Yes,Yes,36-45,Mumbai,22,Yes,Yes,No,No Internet Service,No Internet Service,No Internet Service,No Internet Service,No Internet Service,No Internet Service,Month-to-Month,Yes,Credit Card (Auto),57.06,1206.83,1,No
CUST-102936,Female,0,Yes,No,26-35,Pune,8,Yes,Yes,Fiber Optic,Yes,No,No,No,Yes,Yes,Month-to-Month,Yes,Electronic Check,89.92,632.37,0,No
CUST-102937,Male,1,No,Yes,46-55,Hyderabad,43,Yes,No,DSL,Yes,No,No,No,Yes,No,Month-to-Month,Yes,Credit Card (Auto),70.84,3042.58,1,No
CUST-102938,Male,0,Yes,No,46-55,Chennai,4,No,No Phone Service,No,No Internet Service,No Internet Service,No Internet Service,No Internet Service,No Internet Service,No Internet Service,Month-to-Month,Yes,Electronic Check,48.75,186.07,0,No
CUST-102939,Male,1,Yes,Yes,46-55,Pune,1,Yes,Yes,No,No Internet Service,No Internet Service,No Internet Service,No Internet Service,No Internet Service,No Internet Service,One Year,No,Electronic Check,52.35,106.95,1,No
CUST-102940,Male,0,No,No,26-35,Delhi,5,Yes,No,No,No Internet Service,No Internet Service,No Internet Service,No Internet Service,No Internet Service,No Internet Service,Month-to-Month,Yes,Bank Transfer (Auto),32.63,166.39,0,Yes
CUST-102941,Male,0,No,Yes,26-35,Pune,7,Yes,No,No,No Internet Service,No Internet Service,No Internet Service,No Internet Service,No Internet Service,No Internet Service,Month-to-Month,No,Bank Transfer (Auto),33.36,179.14,0,No
CUST-102942,Male,0,No,No,18-25,Pune,7,Yes,Yes,DSL,Yes,No,No,Yes,No,No,Month-to-Month,No,Electronic Check,76.51,457.88,1,No
CUST-102943,Male,1,No,No,36-45,Chennai,26,Yes,No,Fiber Optic,No,Yes,Yes,No,Yes,Yes,Month-to-Month,Yes,Electronic Check,107.06,2790.88,4,No
CUST-102944,Female,0,Yes,No,18-25,Hyderabad,5,Yes,Yes,DSL,Yes,No,Yes,No,No,No,Two Year,Yes,Electronic Check,79.56,398.01,3,No
CUST-102945,Female,0,No,No,18-25,Kolkata,27,Yes,No,No,No Internet Service,No Internet Service,No Internet Service,No Internet Service,No Internet Service,No Internet Service,Month-to-Month,Yes,Credit Card (Auto),51.18,1447.88,0,No
CUST-102946,Male,0,Yes,No,36-45,Kolkata,2,Yes,Yes,DSL,No,No,No,No,No,No,Two Year,No,Bank Transfer (Auto),70.28,115.97,3,No
CUST-102947,Female,0,No,No,46-55,Bangalore,3,Yes,Yes,Fiber Optic,No,No,No,No,Yes,Yes,One Year,Yes,Mailed Check,85.55,277.58,1,No
CUST-102948,Female,0,Yes,No,26-35,Hyderabad,17,No,No Phone Service,DSL,Yes,No,No,No,Yes,No,Month-to-Month,No,Electronic Check,84.86,1435.98,1,No
CUST-102949,Female,0,No,No,36-45,Bangalore,61,Yes,Yes,DSL,Yes,Yes,No,No,Yes,Yes,Two Year,No,Bank Transfer (Auto),83.06,4931.54,5,No
CUST-102950,Female,0,No,No,18-25,Bangalore,47,Yes,Yes,Fiber Optic,No,No,No,No,Yes,Yes,One Year,No,Bank Transfer (Auto),77.61,3683.47,0,No
CUST-102951,Male,0,No,Yes,46-55,Kolkata,72,No,No Phone Service,DSL,No,Yes,Yes,Yes,No,No,One Year,Yes,Credit Card (Auto),78.07,5599.74,3,No
CUST-102952,Female,0,No,No,26-35,Chennai,25,Yes,Yes,DSL,No,No,No,No,Yes,Yes,Month-to-Month,Yes,Electronic Check,68.67,1749.71,0,No
CUST-102953,Female,0,No,No,46-55,Hyderabad,27,Yes,No,DSL,Yes,No,Yes,No,No,No,One Year,Yes,Credit Card (Auto),81.07,2197.35,0,No
CUST-102954,Female,0,No,Yes,18-25,Pune,23,Yes,No,Fiber Optic,No,No,No,No,Yes,No,Month-to-Month,Yes,Mailed Check,86.91,1949.49,2,No
CUST-102955,Male,0,Yes,No,18-25,Ahmedabad,23,Yes,No,Fiber Optic,Yes,No,Yes,Yes,Yes,No,Month-to-Month,Yes,Electronic Check,110.89,2541.76,2,No
CUST-102956,Male,0,Yes,No,65+,Bangalore,3,Yes,Yes,DSL,No,Yes,No,No,No,Yes,Two Year,No,Mailed Check,93.93,280.22,0,No
CUST-102957,Male,0,Yes,Yes,36-45,Mumbai,18,Yes,No,DSL,Yes,No,No,No,No,No,Two Year,Yes,Mailed Check,70.21,1272.98,3,No
CUST-102958,Male,1,Yes,No,18-25,Ahmedabad,11,Yes,Yes,Fiber Optic,No,No,No,No,Yes,Yes,Month-to-Month,No,Credit Card (Auto),97.05,1093.17,2,Yes
CUST-102959,Male,1,No,No,26-35,Ahmedabad,14,Yes,No,Fiber Optic,No,No,Yes,No,No,No,One Year,No,Bank Transfer (Auto),79.33,1112.15,2,No
CUST-102960,Male,0,No,Yes,56-65,Bangalore,17,Yes,Yes,Fiber Optic,No,No,No,No,Yes,No,One Year,Yes,Bank Transfer (Auto),93.08,1669.67,2,No
CUST-102961,Male,0,No,No,46-55,Chennai,3,Yes,Yes,DSL,No,No,No,Yes,Yes,No,Month-to-Month,Yes,Electronic Check,75.2,267.63,3,No
CUST-102962,Female,0,No,No,56-65,Mumbai,10,Yes,Yes,No,No Internet Service,No Internet Service,No Internet Service,No Internet Service,No Internet Service,No Internet Service,Month-to-Month,No,Electronic Check,49.35,543.3,4,No
CUST-102963,Female,0,No,Yes,18-25,Mumbai,1,Yes,Yes,DSL,No,No,Yes,Yes,No,Yes,Month-to-Month,Yes,Mailed Check,88.41,129.66,3,No
CUST-102964,Female,0,Yes,No,46-55,Mumbai,72,No,No Phone Service,No,No Internet Service,No Internet Service,No Internet Service,No Internet Service,No Internet Service,No Internet Service,One Year,Yes,Bank Transfer (Auto),51.74,3729.1,0,No
CUST-102965,Male,0,Yes,No,46-55,Pune,3,Yes,No,DSL,No,Yes,No,No,No,Yes,Two Year,Yes,Bank Transfer (Auto),79.6,275.39,1,No
CUST-102966,Male,0,Yes,No,18-25,Bangalore,7,Yes,Yes,DSL,No,No,Yes,No,No,Yes,Month-to-Month,Yes,Electronic Check,76.96,601.16,0,No
CUST-102967,Male,1,Yes,No,36-45,Chennai,53,Yes,Yes,Fiber Optic,No,No,Yes,No,No,Yes,One Year,No,Electronic Check,95.05,5043.95,1,Yes
CUST-102968,Male,1,No,No,26-35,Hyderabad,15,Yes,No,DSL,No,Yes,Yes,Yes,Yes,No,One Year,Yes,Mailed Check,106.63,1651.99,3,No
CUST-102969,Male,0,No,No,26-35,Delhi,3,Yes,No,Fiber Optic,No,No,No,Yes,No,Yes,One Year,Yes,Credit Card (Auto),91.12,208.25,4,No
CUST-102970,Female,0,No,Yes,26-35,Kolkata,11,Yes,No,DSL,No,No,Yes,No,Yes,No,Month-to-Month,Yes,Bank Transfer (Auto),80.55,941.0,1,Yes
CUST-102971,Female,0,No,No,18-25,Delhi,2,No,No Phone Service,Fiber Optic,No,No,No,Yes,No,No,Month-to-Month,No,Electronic Check,72.45,106.35,2,Yes
CUST-102972,Male,0,No,No,18-25,Delhi,5,Yes,Yes,Fiber Optic,No,Yes,Yes,No,No,Yes,Two Year,No,Electronic Check,108.06,475.08,0,No
CUST-102973,Male,0,Yes,Yes,18-25,Chennai,1,Yes,No,Fiber Optic,No,Yes,Yes,No,Yes,No,Month-to-Month,Yes,Electronic Check,100.04,86.09,2,No
CUST-102974,Male,0,No,No,46-55,Kolkata,13,Yes,Yes,No,No Internet Service,No Internet Service,No Internet Service,No Internet Service,No Internet Service,No Internet Service,Month-to-Month,Yes,Mailed Check,58.07,765.28,3,No
CUST-102975,Male,0,Yes,Yes,18-25,Kolkata,39,Yes,No,Fiber Optic,No,Yes,No,No,No,No,Two Year,Yes,Credit Card (Auto),74.72,2930.82,3,Yes
CUST-102976,Female,0,Yes,No,26-35,Bangalore,21,Yes,No,Fiber Optic,No,Yes,No,No,No,No,Month-to-Month,No,Credit Card (Auto),83.9,1826.42,1,No
CUST-102977,Male,0,Yes,No,26-35,Chennai,22,No,No Phone Service,No,No Internet Service,No Internet Service,No Internet Service,No Internet Service,No Internet Service,No Internet Service,Two Year,No,Mailed Check,60.23,1297.2,0,No
CUST-102978,Male,0,No,No,56-65,Kolkata,5,Yes,No,DSL,Yes,No,Yes,No,Yes,Yes,Month-to-Month,Yes,Electronic Check,98.51,574.75,4,Yes
CUST-102979,Male,0,Yes,Yes,18-25,Delhi,10,Yes,No,Fiber Optic,Yes,No,No,No,No,No,Month-to-Month,Yes,Bank Transfer (Auto),96.76,1049.91,1,No
CUST-102980,Male,0,Yes,No,26-35,Bangalore,44,Yes,No,Fiber Optic,Yes,Yes,Yes,No,Yes,No,Month-to-Month,Yes,Bank Transfer (Auto),107.26,4730.72,2,No
CUST-102981,Female,0,No,Yes,36-45,Chennai,2,Yes,No,Fiber Optic,No,Yes,No,Yes,Yes,Yes,Month-to-Month,No,Electronic Check,106.42,171.46,1,No
CUST-102982,Male,0,No,No,18-25,Kolkata,46,Yes,Yes,DSL,No,Yes,No,No,Yes,No,Month-to-Month,Yes,Credit Card (Auto),64.55,3093.84,0,No
CUST-102983,Male,0,Yes,No,36-45,Bangalore,15,No,No Phone Service,DSL,No,No,No,Yes,Yes,No,One Year,No,Credit Card (Auto),94.12,1498.04,1,No
CUST-102984,Female,0,Yes,No,18-25,Chennai,43,No,No Phone Service,Fiber Optic,No,No,No,No,Yes,Yes,Month-to-Month,No,Mailed Check,106.1,4571.82,2,No
CUST-102985,Female,1,No,No,26-35,Mumbai,9,Yes,No,No,No Internet Service,No Internet Service,No Internet Service,No Internet Service,No Internet Service,No Internet Service,Two Year,Yes,Bank Transfer (Auto),44.51,332.48,2,No
CUST-102986,Female,0,Yes,No,18-25,Ahmedabad,9,Yes,No,Fiber Optic,No,Yes,No,Yes,No,Yes,Month-to-Month,Yes,Bank Transfer (Auto),108.84,1010.59,2,No
CUST-102987,Male,0,No,Yes,18-25,Kolkata,33,Yes,Yes,Fiber Optic,No,No,No,No,No,No,Month-to-Month,No,Bank Transfer (Auto),79.51,2594.33,1,No
CUST-102988,Male,0,No,No,18-25,Ahmedabad,36,Yes,No,No,No Internet Service,No Internet Service,No Internet Service,No Internet Service,No Internet Service,No Internet Service,Month-to-Month,Yes,Electronic Check,48.61,1793.66,0,No
CUST-102989,Female,1,Yes,No,36-45,Ahmedabad,6,Yes,No,Fiber Optic,No,No,No,No,Yes,Yes,One Year,No,Electronic Check,83.16,510.44,1,Yes
CUST-102990,Female,0,Yes,No,18-25,Kolkata,72,Yes,No,No,No Internet Service,No Internet Service,No Internet Service,No Internet Service,No Internet Service,No Internet Service,Month-to-Month,No,Electronic Check,43.05,3019.8,1,No
CUST-102991,Female,0,Yes,Yes,18-25,Delhi,2,Yes,Yes,DSL,Yes,No,No,No,Yes,No,Month-to-Month,Yes,Bank Transfer (Auto),68.97,78.94,2,Yes
CUST-102992,Female,0,Yes,No,26-35,Hyderabad,1,Yes,No,Fiber Optic,No,No,No,No,Yes,No,Two Year,No,Mailed Check,90.2,52.09,1,Yes
CUST-102993,Female,0,Yes,No,18-25,Delhi,21,Yes,No,DSL,No,No,No,Yes,Yes,No,Month-to-Month,Yes,Bank Transfer (Auto),69.07,1532.51,3,No
CUST-102994,Female,0,No,No,56-65,Mumbai,30,Yes,No,DSL,No,No,No,No,No,No,Month-to-Month,Yes,Credit Card (Auto),56.71,1668.8,0,No
CUST-102995,Male,0,Yes,No,26-35,Mumbai,72,No,No Phone Service,No,No Internet Service,No Internet Service,No Internet Service,No Internet Service,No Internet Service,No Internet Service,Month-to-Month,Yes,Mailed Check,49.08,3420.07,0,No
CUST-102996,Male,0,No,No,26-35,Kolkata,12,Yes,No,Fiber Optic,Yes,No,Yes,Yes,No,No,One Year,Yes,Bank Transfer (Auto),96.63,1149.48,1,No
CUST-102997,Male,1,No,Yes,46-55,Pune,0,No,No Phone Service,DSL,Yes,No,No,No,Yes,No,Month-to-Month,No,Mailed Check,57.42,0.0,1,No
CUST-102998,Female,0,Yes,Yes,26-35,Pune,22,Yes,No,Fiber Optic,Yes,Yes,No,Yes,No,No,Two Year,No,Mailed Check,93.35,2133.19,2,No
CUST-102999,Female,0,Yes,No,18-25,Bangalore,8,Yes,No,DSL,No,No,No,No,No,Yes,One Year,No,Electronic Check,68.64,624.85,0,No
CUST-103000,Female,0,Yes,No,36-45,Mumbai,13,No,No Phone Service,Fiber Optic,No,No,Yes,No,No,Yes,One Year,Yes,Credit Card (Auto),81.31,991.59,1,No
CUST-103001,Female,0,Yes,No,46-55,Bangalore,16,Yes,No,Fiber Optic,No,Yes,No,No,No,No,Month-to-Month,No,Credit Card (Auto),83.51,1355.83,1,No
CUST-103002,Female,0,No,No,36-45,Bangalore,1,Yes,No,No,No Internet Service,No Internet Service,No Internet Service,No Internet Service,No Internet Service,No Internet Service,Two Year,Yes,Electronic Check,39.05,78.64,2,Yes
CUST-103003,Female,0,Yes,No,18-25,Bangalore,15,Yes,No,Fiber Optic,No,No,Yes,No,No,No,Month-to-Month,No,Credit Card (Auto),93.76,1400.34,5,Yes
CUST-103004,Male,0,No,No,26-35,Hyderabad,13,Yes,Yes,Fiber Optic,No,No,No,No,No,No,One Year,No,Credit Card (Auto),77.14,1011.62,2,No
CUST-103005,Male,0,Yes,No,18-25,Chennai,29,No,No Phone Service,DSL,No,No,No,No,No,Yes,Month-to-Month,Yes,Electronic Check,58.22,1743.66,2,No
CUST-103006,Female,0,Yes,No,26-35,Mumbai,24,Yes,No,No,No Internet Service,No Internet Service,No Internet Service,No Internet Service,No Internet Service,No Internet Service,One Year,Yes,Electronic Check,40.6,989.04,2,No
CUST-103007,Male,0,No,No,36-45,Kolkata,4,Yes,Yes,Fiber Optic,No,Yes,Yes,No,Yes,Yes,Month-to-Month,Yes,Electronic Check,112.97,485.4,2,Yes
CUST-103008,Female,0,No,No,18-25,Hyderabad,5,Yes,Yes,Fiber Optic,No,No,Yes,No,Yes,Yes,Month-to-Month,No,Bank Transfer (Auto),102.26,581.64,1,No
CUST-103009,Male,0,Yes,Yes,26-35,Kolkata,6,Yes,No,Fiber Optic,No,No,Yes,No,No,No,Two Year,No,Bank Transfer (Auto),103.35,597.77,0,No
CUST-103010,Female,0,Yes,Yes,18-25,Hyderabad,4,Yes,No,Fiber Optic,No,Yes,No,No,No,Yes,Month-to-Month,No,Electronic Check,89.33,397.13,0,No
CUST-103011,Female,1,No,No,18-25,Pune,25,Yes,No,DSL,No,No,No,No,No,No,Month-to-Month,No,Mailed Check,64.17,1582.03,2,No
CUST-103012,Male,1,Yes,No,26-35,Kolkata,72,Yes,No,DSL,No,No,No,No,Yes,No,One Year,No,Electronic Check,81.89,5949.76,2,No
CUST-103013,Male,0,Yes,No,65+,Chennai,25,Yes,Yes,DSL,No,Yes,Yes,Yes,No,Yes,One Year,Yes,Electronic Check,97.77,2413.18,2,No
CUST-103014,Female,0,No,No,18-25,Bangalore,22,Yes,Yes,DSL,Yes,No,No,No,Yes,Yes,Month-to-Month,No,Mailed Check,101.12,2246.37,0,No
CUST-103015,Female,0,No,Yes,18-25,Hyderabad,12,Yes,No,No,No Internet Service,No Internet Service,No Internet Service,No Internet Service,No Internet Service,No Internet Service,Month-to-Month,No,Mailed Check,48.51,570.72,1,No
CUST-103016,Male,0,No,Yes,46-55,Delhi,8,No,No Phone Service,DSL,No,No,No,No,No,No,Two Year,Yes,Bank Transfer (Auto),69.26,583.43,1,No
CUST-103017,Male,0,No,No,26-35,Pune,58,Yes,No,No,No Internet Service,No Internet Service,No Internet Service,No Internet Service,No Internet Service,No Internet Service,One Year,Yes,Credit Card (Auto),37.19,2114.78,2,No
CUST-103018,Female,0,No,No,65+,Mumbai,72,Yes,Yes,DSL,No,No,No,No,Yes,No,Month-to-Month,No,Electronic Check,53.88,3865.48,4,No
CUST-103019,Male,0,No,No,18-25,Bangalore,16,Yes,No,No,No Internet Service,No Internet Service,No Internet Service,No Internet Service,No Internet Service,No Internet Service,Two Year,No,Electronic Check,47.77,761.69,2,No
CUST-103020,Female,0,No,Yes,18-25,Hyderabad,8,Yes,No,Fiber Optic,Yes,No,No,No,Yes,Yes,Month-to-Month,No,Electronic Check,95.13,707.31,2,No
CUST-103021,Female,0,No,No,18-25,Bangalore,35,Yes,Yes,Fiber Optic,No,No,No,No,Yes,No,Month-to-Month,No,Mailed Check,83.8,2902.62,2,No
CUST-103022,Female,0,No,No,26-35,Hyderabad,3,Yes,Yes,No,No Internet Service,No Internet Service,No Internet Service,No Internet Service,No Internet Service,No Internet Service,Month-to-Month,Yes,Bank Transfer (Auto),40.6,39.82,1,Yes
CUST-103023,Female,0,Yes,No,18-25,Delhi,34,Yes,No,Fiber Optic,No,No,No,No,Yes,No,Month-to-Month,Yes,Bank Transfer (Auto),87.19,2983.32,1,No
CUST-103024,Male,0,Yes,No,18-25,Mumbai,41,Yes,Yes,DSL,No,No,No,No,Yes,No,Two Year,No,Mailed Check,75.22,3123.73,1,No
CUST-103025,Male,0,No,Yes,18-25,Bangalore,3,No,No Phone Service,DSL,No,No,No,No,No,No,Month-to-Month,No,Mailed Check,71.13,143.82,1,No
CUST-103026,Male,0,No,No,26-35,Ahmedabad,72,Yes,Yes,DSL,No,No,Yes,Yes,Yes,No,Month-to-Month,Yes,Electronic Check,72.92,5191.68,1,No
CUST-103027,Male,0,Yes,No,18-25,Delhi,72,Yes,Yes,DSL,No,Yes,No,No,No,No,Two Year,Yes,Mailed Check,71.59,5106.54,2,No
CUST-103028,Male,0,No,No,65+,Delhi,66,Yes,Yes,DSL,No,Yes,No,Yes,No,No,Month-to-Month,Yes,Bank Transfer (Auto),81.96,5345.69,1,No
CUST-103029,Male,0,Yes,No,18-25,Kolkata,16,Yes,Yes,Fiber Optic,No,No,No,No,No,Yes,One Year,Yes,Electronic Check,81.41,1322.53,1,Yes
CUST-103030,Male,0,No,Yes,46-55,Delhi,6,Yes,Yes,No,No Internet Service,No Internet Service,No Internet Service,No Internet Service,No Internet Service,No Internet Service,Month-to-Month,No,Credit Card (Auto),43.66,227.37,1,Yes
CUST-103031,Female,0,No,No,18-25,Bangalore,20,Yes,No,Fiber Optic,No,No,No,No,No,No,One Year,No,Bank Transfer (Auto),93.19,1876.31,3,No
CUST-103032,Male,0,No,No,26-35,Mumbai,13,Yes,Yes,No,No Internet Service,No Internet Service,No Internet Service,No Internet Service,No Internet Service,No Internet Service,Month-to-Month,No,Electronic Check,46.45,566.47,2,No
CUST-103033,Male,0,Yes,Yes,56-65,Mumbai,5,Yes,No,Fiber Optic,Yes,No,No,No,Yes,No,Month-to-Month,Yes,Mailed Check,83.85,402.23,1,No
CUST-103034,Female,0,No,Yes,36-45,Chennai,13,Yes,No,Fiber Optic,Yes,Yes,No,No,No,No,One Year,Yes,Credit Card (Auto),92.61,1255.85,4,No
CUST-103035,Male,0,Yes,No,18-25,Mumbai,26,Yes,Yes,Fiber Optic,No,No,No,No,No,No,One Year,Yes,Electronic Check,74.04,1867.27,2,No
CUST-103036,Male,0,Yes,Yes,26-35,Hyderabad,1,Yes,Yes,DSL,Yes,Yes,No,No,No,No,One Year,Yes,Electronic Check,72.68,44.59,2,No
CUST-103037,Female,1,Yes,No,18-25,Bangalore,9,Yes,No,Fiber Optic,No,No,No,No,No,No,One Year,Yes,Mailed Check,66.62,620.46,2,No
CUST-103038,Male,0,No,No,36-45,Mumbai,0,Yes,Yes,Fiber Optic,Yes,Yes,No,No,No,Yes,Month-to-Month,No,Bank Transfer (Auto),95.54,0.0,1,No
CUST-103039,Male,0,Yes,No,26-35,Bangalore,33,Yes,No,Fiber Optic,No,No,No,Yes,Yes,Yes,Month-to-Month,No,Electronic Check,102.59,3394.9,0,Yes
CUST-103040,Male,0,Yes,No,26-35,Delhi,24,Yes,No,Fiber Optic,No,No,No,Yes,No,No,One Year,Yes,Credit Card (Auto),81.48,1955.61,2,No
CUST-103041,Female,0,No,Yes,18-25,Kolkata,1,Yes,Yes,Fiber Optic,No,No,No,No,No,Yes,One Year,Yes,Bank Transfer (Auto),78.23,2.89,1,No
CUST-103042,Male,1,No,Yes,18-25,Delhi,72,Yes,No,Fiber Optic,No,Yes,No,No,No,Yes,One Year,Yes,Credit Card (Auto),100.46,7303.07,2,No
CUST-103043,Male,0,No,No,18-25,Chennai,0,Yes,No,DSL,No,Yes,No,No,No,No,One Year,No,Electronic Check,55.7,0.0,1,Yes
CUST-103044,Female,0,No,No,26-35,Chennai,21,Yes,Yes,Fiber Optic,No,Yes,No,No,Yes,Yes,Month-to-Month,No,Credit Card (Auto),98.6,2150.34,3,No
CUST-103045,Male,0,Yes,No,46-55,Delhi,35,Yes,Yes,Fiber Optic,No,No,No,No,Yes,Yes,Month-to-Month,No,Mailed Check,92.87,3267.35,2,No
CUST-103046,Female,0,No,No,18-25,Hyderabad,37,Yes,No,No,No Internet Service,No Internet Service,No Internet Service,No Internet Service,No Internet Service,No Internet Service,Month-to-Month,No,Electronic Check,55.64,2124.51,4,Yes
CUST-103047,Female,0,No,Yes,36-45,Kolkata,0,No,No Phone Service,DSL,No,Yes,No,No,No,Yes,Two Year,Yes,Credit Card (Auto),76.33,51.11,1,No
CUST-103048,Male,0,Yes,Yes,18-25,Mumbai,56,No,No Phone Service,No,No Internet Service,No Internet Service,No Internet Service,No Internet Service,No Internet Service,No Internet Service,One Year,Yes,Electronic Check,32.78,1897.12,4,No
CUST-103049,Female,0,Yes,No,18-25,Chennai,60,Yes,Yes,Fiber Optic,No,No,No,No,No,No,One Year,Yes,Credit Card (Auto),68.44,4095.26,2,No
CUST-103050,Female,0,Yes,No,26-35,Delhi,19,Yes,Yes,Fiber Optic,Yes,No,No,No,Yes,No,Month-to-Month,Yes,Mailed Check,97.38,1939.58,2,Yes
CUST-103051,Male,0,Yes,No,18-25,Delhi,15,Yes,Yes,Fiber Optic,No,No,No,No,No,Yes,Month-to-Month,No,Credit Card (Auto),98.48,1453.6,2,No
CUST-103052,Female,1,No,Yes,18-25,Chennai,1,Yes,Yes,DSL,No,No,No,Yes,No,Yes,Two Year,Yes,Bank Transfer (Auto),70.4,88.53,2,No
CUST-103053,Female,0,No,Yes,18-25,Chennai,19,Yes,Yes,DSL,No,Yes,Yes,No,Yes,No,Two Year,Yes,Bank Transfer (Auto),79.91,1561.45,0,Yes
CUST-103054,Male,0,No,No,18-25,Chennai,12,Yes,No,Fiber Optic,Yes,No,No,No,Yes,No,Month-to-Month,No,Electronic Check,97.09,1323.69,1,Yes
CUST-103055,Male,0,No,No,18-25,Hyderabad,35,Yes,No,No,No Internet Service,No Internet Service,No Internet Service,No Internet Service,No Internet Service,No Internet Service,One Year,No,Mailed Check,51.43,1854.75,0,No
CUST-103056,Male,0,Yes,No,36-45,Pune,12,Yes,No,DSL,No,No,No,No,Yes,No,Month-to-Month,Yes,Bank Transfer (Auto),67.17,779.74,2,No
CUST-103057,Female,0,No,No,26-35,Chennai,27,Yes,No,Fiber Optic,Yes,No,Yes,Yes,No,No,Month-to-Month,Yes,Credit Card (Auto),92.41,2508.54,1,Yes
CUST-103058,Male,0,Yes,No,18-25,Delhi,2,No,No Phone Service,DSL,No,No,Yes,No,No,Yes,One Year,Yes,Electronic Check,69.43,71.54,1,Yes
CUST-103059,Female,0,No,No,18-25,Mumbai,3,Yes,Yes,No,No Internet Service,No Internet Service,No Internet Service,No Internet Service,No Internet Service,No Internet Service,One Year,No,Mailed Check,33.47,173.91,0,No
CUST-103060,Female,0,Yes,No,18-25,Mumbai,3,Yes,No,Fiber Optic,No,No,Yes,No,Yes,Yes,One Year,Yes,Mailed Check,86.09,101.93,0,No
CUST-103061,Female,1,No,Yes,36-45,Mumbai,1,Yes,No,Fiber Optic,No,No,Yes,No,Yes,No,Month-to-Month,Yes,Electronic Check,102.02,93.4,2,No
CUST-103062,Female,0,Yes,No,26-35,Mumbai,18,Yes,No,No,No Internet Service,No Internet Service,No Internet Service,No Internet Service,No Internet Service,No Internet Service,Month-to-Month,No,Mailed Check,47.88,971.62,0,No
CUST-103063,Female,0,Yes,Yes,26-35,Bangalore,37,Yes,Yes,No,No Internet Service,No Internet Service,No Internet Service,No Internet Service,No Internet Service,No Internet Service,Month-to-Month,Yes,Credit Card (Auto),47.68,1802.15,2,No
CUST-103064,Female,1,Yes,Yes,18-25,Mumbai,22,Yes,No,Fiber Optic,No,No,Yes,No,Yes,No,Month-to-Month,Yes,Electronic Check,85.82,1912.53,0,Yes
CUST-103065,Female,0,No,Yes,36-45,Bangalore,20,Yes,Yes,No,No Internet Service,No Internet Service,No Internet Service,No Internet Service,No Internet Service,No Internet Service,Month-to-Month,Yes,Mailed Check,52.22,984.81,0,No
CUST-103066,Male,0,No,No,18-25,Pune,27,Yes,No,Fiber Optic,No,Yes,No,No,No,Yes,Month-to-Month,Yes,Credit Card (Auto),89.95,2495.19,2,No
CUST-103067,Male,0,Yes,No,26-35,Mumbai,9,Yes,Yes,No,No Internet Service,No Internet Service,No Internet Service,No Internet Service,No Internet Service,No Internet Service,Month-to-Month,No,Electronic Check,44.34,353.34,0,No
CUST-103068,Female,0,No,Yes,26-35,Pune,10,Yes,No,DSL,No,No,No,No,No,Yes,Month-to-Month,Yes,Bank Transfer (Auto),79.43,748.99,0,No
CUST-103069,Female,1,No,No,46-55,Delhi,9,Yes,Yes,No,No Internet Service,No Internet Service,No Internet Service,No Internet Service,No Internet Service,No Internet Service,One Year,Yes,Bank Transfer (Auto),46.55,485.4,0,No
CUST-103070,Male,1,No,No,36-45,Delhi,29,Yes,No,No,No Internet Service,No Internet Service,No Internet Service,No Internet Service,No Internet Service,No Internet Service,One Year,Yes,Bank Transfer (Auto),39.16,1088.26,1,No
CUST-103071,Female,0,No,No,18-25,Delhi,4,Yes,No,Fiber Optic,No,No,Yes,No,Yes,No,One Year,Yes,Bank Transfer (Auto),98.9,322.43,1,No
CUST-103072,Male,0,Yes,No,18-25,Bangalore,0,Yes,No,Fiber Optic,No,Yes,Yes,No,No,No,Month-to-Month,Yes,Bank Transfer (Auto),98.51,0.0,1,Yes
CUST-103073,Male,0,Yes,Yes,26-35,Hyderabad,21,Yes,No,DSL,No,Yes,No,No,No,No,Month-to-Month,Yes,Electronic Check,70.28,1485.34,0,No
CUST-103074,Male,0,No,Yes,18-25,Chennai,68,Yes,Yes,Fiber Optic,No,No,No,No,Yes,No,Month-to-Month,No,Bank Transfer (Auto),67.09,4537.0,1,Yes
CUST-103075,Female,0,No,No,18-25,Pune,22,Yes,No,DSL,Yes,No,No,No,No,Yes,Month-to-Month,Yes,Credit Card (Auto),83.9,1936.64,0,No
CUST-103076,Female,0,No,No,46-55,Mumbai,36,Yes,No,No,No Internet Service,No Internet Service,No Internet Service,No Internet Service,No Internet Service,No Internet Service,Month-to-Month,Yes,Electronic Check,42.86,1544.67,2,Yes
CUST-103077,Male,1,No,No,36-45,Mumbai,26,No,No Phone Service,Fiber Optic,No,No,No,No,Yes,Yes,Month-to-Month,No,Electronic Check,91.05,2305.29,0,Yes
CUST-103078,Male,1,Yes,No,18-25,Pune,16,Yes,No,DSL,No,No,Yes,Yes,No,Yes,One Year,Yes,Credit Card (Auto),84.51,1258.76,1,No
CUST-103079,Male,0,No,No,26-35,Pune,30,Yes,Yes,Fiber Optic,Yes,No,No,Yes,Yes,Yes,Two Year,Yes,Bank Transfer (Auto),100.87,3071.12,2,No
CUST-103080,Male,0,Yes,No,18-25,Ahmedabad,41,Yes,No,DSL,Yes,No,No,Yes,Yes,No,Month-to-Month,No,Mailed Check,90.79,3737.4,1,No
CUST-103081,Male,0,No,No,26-35,Delhi,6,Yes,No,Fiber Optic,No,No,Yes,No,Yes,No,Two Year,No,Credit Card (Auto),88.11,559.08,1,No
CUST-103082,Female,0,Yes,Yes,18-25,Delhi,9,Yes,No,Fiber Optic,Yes,No,No,Yes,No,Yes,Month-to-Month,No,Bank Transfer (Auto),112.97,995.38,2,No
CUST-103083,Male,0,No,No,26-35,Hyderabad,6,Yes,Yes,No,No Internet Service,No Internet Service,No Internet Service,No Internet Service,No Internet Service,No Internet Service,One Year,No,Credit Card (Auto),29.77,186.33,0,No
CUST-103084,Female,0,No,Yes,46-55,Mumbai,14,Yes,No,No,No Internet Service,No Internet Service,No Internet Service,No Internet Service,No Internet Service,No Internet Service,One Year,Yes,Credit Card (Auto),51.53,780.95,1,No
CUST-103085,Male,0,Yes,Yes,26-35,Pune,51,Yes,Yes,No,No Internet Service,No Internet Service,No Internet Service,No Internet Service,No Internet Service,No Internet Service,Two Year,No,Mailed Check,50.68,2584.96,1,No
CUST-103086,Female,0,Yes,Yes,18-25,Hyderabad,10,Yes,No,DSL,No,Yes,No,No,Yes,No,Month-to-Month,Yes,Bank Transfer (Auto),67.42,616.84,1,No
CUST-103087,Female,0,No,No,26-35,Pune,11,Yes,No,DSL,No,Yes,Yes,Yes,Yes,No,Month-to-Month,No,Bank Transfer (Auto),76.17,874.01,0,No
CUST-103088,Female,1,No,Yes,18-25,Mumbai,47,Yes,No,DSL,No,Yes,No,No,No,No,Month-to-Month,Yes,Credit Card (Auto),67.58,3158.81,1,No
CUST-103089,Female,0,Yes,Yes,18-25,Bangalore,17,Yes,No,Fiber Optic,No,Yes,Yes,Yes,No,Yes,Month-to-Month,Yes,Credit Card (Auto),114.33,1991.92,1,No
CUST-103090,Female,0,No,No,18-25,Bangalore,18,Yes,No,Fiber Optic,Yes,Yes,Yes,Yes,No,Yes,Two Year,No,Electronic Check,119.99,2161.09,2,No
CUST-103091,Female,0,No,No,18-25,Hyderabad,47,Yes,No,Fiber Optic,No,Yes,Yes,No,No,Yes,One Year,No,Electronic Check,99.38,4713.95,1,No
CUST-103092,Male,0,Yes,No,46-55,Hyderabad,16,Yes,No,Fiber Optic,No,No,Yes,No,No,No,One Year,Yes,Electronic Check,94.08,1530.63,3,No
CUST-103093,Female,1,Yes,No,18-25,Chennai,27,Yes,Yes,Fiber Optic,Yes,Yes,Yes,No,No,Yes,Month-to-Month,Yes,Credit Card (Auto),117.11,3226.87,1,Yes
CUST-103094,Male,0,No,Yes,26-35,Kolkata,2,Yes,Yes,Fiber Optic,No,No,No,No,Yes,No,Two Year,Yes,Credit Card (Auto),76.47,201.04,2,No
CUST-103095,Female,0,No,Yes,26-35,Delhi,4,Yes,No,DSL,Yes,No,No,No,No,No,Month-to-Month,No,Mailed Check,66.48,200.68,2,No
CUST-103096,Female,0,No,Yes,18-25,Bangalore,12,Yes,No,Fiber Optic,No,Yes,No,No,No,No,Month-to-Month,Yes,Bank Transfer (Auto),62.84,660.4,1,No
CUST-103097,Male,0,No,No,36-45,Mumbai,16,Yes,No,DSL,No,Yes,No,No,Yes,No,Two Year,Yes,Credit Card (Auto),83.76,1336.31,1,Yes
CUST-103098,Female,0,Yes,No,26-35,Bangalore,72,Yes,No,DSL,No,Yes,Yes,No,No,Yes,Month-to-Month,No,Electronic Check,92.74,6707.37,1,No
CUST-103099,Male,0,Yes,Yes,36-45,Bangalore,72,Yes,No,No,No Internet Service,No Internet Service,No Internet Service,No Internet Service,No Internet Service,No Internet Service,Month-to-Month,No,Electronic Check,39.38,2799.09,3,No
CUST-103100,Male,0,Yes,No,18-25,Bangalore,45,Yes,No,Fiber Optic,No,No,No,No,No,No,Month-to-Month,No,Mailed Check,83.26,3768.98,2,No
CUST-103101,Male,0,Yes,No,18-25,Ahmedabad,9,Yes,Yes,DSL,No,No,No,Yes,No,No,One Year,No,Credit Card (Auto),52.98,497.0,0,No
CUST-103102,Male,0,No,No,18-25,Kolkata,72,Yes,Yes,DSL,No,No,No,No,No,No,One Year,Yes,Credit Card (Auto),69.69,5014.03,2,No
CUST-103103,Female,0,No,No,26-35,Mumbai,28,Yes,Yes,No,No Internet Service,No Internet Service,No Internet Service,No Internet Service,No Internet Service,No Internet Service,Month-to-Month,No,Mailed Check,63.25,1739.27,1,No
CUST-103104,Female,0,Yes,Yes,26-35,Bangalore,11,Yes,No,Fiber Optic,No,Yes,Yes,No,No,No,One Year,Yes,Electronic Check,88.15,918.68,1,Yes
CUST-103105,Male,0,Yes,Yes,36-45,Bangalore,29,Yes,Yes,Fiber Optic,Yes,No,No,No,Yes,Yes,One Year,No,Bank Transfer (Auto),103.65,3129.81,0,No
CUST-103106,Female,1,No,No,46-55,Bangalore,0,Yes,No,Fiber Optic,Yes,No,No,Yes,No,No,Two Year,No,Credit Card (Auto),87.33,0.0,3,Yes
CUST-103107,Female,1,No,No,18-25,Pune,3,Yes,Yes,Fiber Optic,No,No,No,No,No,Yes,One Year,Yes,Bank Transfer (Auto),92.58,215.8,1,No
CUST-103108,Male,0,No,No,46-55,Delhi,42,Yes,Yes,DSL,No,Yes,Yes,No,No,No,One Year,No,Mailed Check,88.0,3826.02,1,No
CUST-103109,Female,0,No,No,18-25,Pune,24,Yes,No,No,No Internet Service,No Internet Service,No Internet Service,No Internet Service,No Internet Service,No Internet Service,One Year,Yes,Electronic Check,52.69,1212.91,1,Yes
CUST-103110,Male,0,No,No,18-25,Ahmedabad,10,Yes,Yes,Fiber Optic,No,Yes,No,Yes,No,No,Month-to-Month,Yes,Credit Card (Auto),90.52,877.07,0,Yes
CUST-103111,Male,0,No,No,26-35,Chennai,16,Yes,No,Fiber Optic,No,Yes,No,No,No,No,Month-to-Month,Yes,Electronic Check,88.39,1448.24,2,No
CUST-103112,Female,0,Yes,Yes,26-35,Bangalore,56,Yes,No,Fiber Optic,No,No,No,Yes,No,Yes,Month-to-Month,Yes,Electronic Check,85.4,4806.45,1,Yes
CUST-103113,Female,0,Yes,No,18-25,Mumbai,23,Yes,No,Fiber Optic,No,Yes,Yes,No,No,No,Month-to-Month,No,Credit Card (Auto),96.28,2236.59,2,No
CUST-103114,Female,0,Yes,No,18-25,Mumbai,12,Yes,No,No,No Internet Service,No Internet Service,No Internet Service,No Internet Service,No Internet Service,No Internet Service,Month-to-Month,Yes,Credit Card (Auto),50.01,674.89,0,No
CUST-103115,Male,0,No,No,18-25,Pune,3,Yes,No,No,No Internet Service,No Internet Service,No Internet Service,No Internet Service,No Internet Service,No Internet Service,Month-to-Month,No,Bank Transfer (Auto),34.27,54.91,2,No
CUST-103116,Male,1,No,No,26-35,Mumbai,8,Yes,Yes,Fiber Optic,Yes,Yes,Yes,No,No,Yes,Month-to-Month,Yes,Bank Transfer (Auto),113.39,915.87,2,Yes
CUST-103117,Female,0,No,No,18-25,Bangalore,72,Yes,No,Fiber Optic,No,Yes,No,No,Yes,Yes,Month-to-Month,Yes,Electronic Check,90.41,6506.84,1,Yes
CUST-103118,Female,0,Yes,No,18-25,Kolkata,13,Yes,Yes,No,No Internet Service,No Internet Service,No Internet Service,No Internet Service,No Internet Service,No Internet Service,Month-to-Month,No,Electronic Check,43.29,518.82,1,No
CUST-103119,Female,0,Yes,No,18-25,Hyderabad,15,Yes,Yes,Fiber Optic,No,No,Yes,No,No,No,One Year,No,Electronic Check,98.2,1478.19,3,Yes
CUST-103120,Female,0,Yes,No,18-25,Bangalore,16,Yes,Yes,DSL,No,No,Yes,No,No,Yes,Two Year,Yes,Bank Transfer (Auto),80.23,1311.7,0,No
CUST-103121,Male,1,Yes,No,26-35,Delhi,51,Yes,No,No,No Internet Service,No Internet Service,No Internet Service,No Internet Service,No Internet Service,No Internet Service,Month-to-Month,No,Electronic Check,51.81,2671.55,3,No
CUST-103122,Female,0,No,No,18-25,Hyderabad,22,Yes,No,DSL,No,Yes,No,No,No,Yes,Month-to-Month,Yes,Credit Card (Auto),81.96,1856.59,2,No
CUST-103123,Male,0,No,No,18-25,Bangalore,28,Yes,No,Fiber Optic,No,Yes,Yes,No,No,No,Month-to-Month,Yes,Electronic Check,90.41,2529.48,1,Yes
CUST-103124,Male,0,No,No,26-35,Ahmedabad,11,Yes,No,Fiber Optic,Yes,Yes,No,Yes,No,No,Month-to-Month,No,Mailed Check,90.89,949.42,0,Yes
CUST-103125,Female,1,No,No,46-55,Mumbai,0,Yes,Yes,No,No Internet Service,No Internet Service,No Internet Service,No Internet Service,No Internet Service,No Internet Service,Month-to-Month,Yes,Mailed Check,52.11,0.0,1,No
CUST-103126,Female,0,No,No,18-25,Ahmedabad,64,Yes,No,Fiber Optic,Yes,No,No,Yes,Yes,No,One Year,No,Bank Transfer (Auto),100.81,6428.77,0,No
CUST-103127,Female,0,No,No,26-35,Delhi,71,No,No Phone Service,Fiber Optic,Yes,Yes,No,No,No,Yes,Month-to-Month,No,Electronic Check,96.33,6771.8,4,No
CUST-103128,Male,0,Yes,No,46-55,Hyderabad,71,Yes,Yes,No,No Internet Service,No Internet Service,No Internet Service,No Internet Service,No Internet Service,No Internet Service,One Year,No,Credit Card (Auto),41.35,2900.31,1,No
CUST-103129,Female,0,No,Yes,18-25,Delhi,69,Yes,Yes,No,No Internet Service,No Internet Service,No Internet Service,No Internet Service,No Internet Service,No Internet Service,One Year,Yes,Mailed Check,55.47,3768.34,2,No
CUST-103130,Female,0,No,No,56-65,Kolkata,40,Yes,No,DSL,No,No,Yes,No,No,No,Month-to-Month,Yes,Bank Transfer (Auto),68.62,2712.06,0,No
CUST-103131,Male,0,No,No,18-25,Chennai,27,Yes,No,Fiber Optic,No,No,No,Yes,No,No,Month-to-Month,No,Bank Transfer (Auto),82.29,2311.0,2,No
CUST-103132,Female,0,Yes,No,18-25,Delhi,44,Yes,No,DSL,Yes,Yes,Yes,No,No,No,Month-to-Month,Yes,Electronic Check,80.93,3554.75,1,No
CUST-103133,Male,0,Yes,No,26-35,Hyderabad,22,Yes,No,Fiber Optic,Yes,No,No,No,No,No,Month-to-Month,Yes,Bank Transfer (Auto),84.51,1937.83,2,Yes
CUST-103134,Female,0,Yes,No,26-35,Kolkata,3,Yes,Yes,Fiber Optic,No,No,No,No,No,No,Month-to-Month,Yes,Bank Transfer (Auto),83.73,272.07,1,No
CUST-103135,Male,0,No,Yes,65+,Delhi,11,Yes,Yes,No,No Internet Service,No Internet Service,No Internet Service,No Internet Service,No Internet Service,No Internet Service,Two Year,Yes,Credit Card (Auto),51.45,534.83,1,No
CUST-103136,Female,0,Yes,No,18-25,Kolkata,72,Yes,No,Fiber Optic,Yes,Yes,No,No,No,No,Two Year,No,Credit Card (Auto),74.85,5383.04,0,No
CUST-103137,Female,1,No,Yes,65+,Pune,10,Yes,Yes,Fiber Optic,No,Yes,No,Yes,Yes,No,Two Year,No,Electronic Check,90.17,819.17,1,No
CUST-103138,Male,0,No,No,46-55,Bangalore,48,Yes,Yes,Fiber Optic,No,Yes,Yes,Yes,No,No,Month-to-Month,Yes,Electronic Check,81.46,3893.53,0,Yes
CUST-103139,Male,0,Yes,No,18-25,Mumbai,2,Yes,No,DSL,No,No,Yes,No,Yes,Yes,Month-to-Month,No,Electronic Check,92.2,118.86,0,No
CUST-103140,Female,0,No,No,18-25,Delhi,9,Yes,No,DSL,Yes,No,No,No,No,No,Month-to-Month,No,Credit Card (Auto),80.15,751.28,3,Yes
CUST-103141,Male,0,No,No,18-25,Hyderabad,10,Yes,No,No,No Internet Service,No Internet Service,No Internet Service,No Internet Service,No Internet Service,No Internet Service,Month-to-Month,No,Electronic Check,48.66,464.86,0,Yes
CUST-103142,Male,0,Yes,No,46-55,Hyderabad,1,Yes,No,DSL,No,Yes,No,No,Yes,No,Month-to-Month,Yes,Bank Transfer (Auto),95.91,80.73,2,Yes
CUST-103143,Male,0,No,Yes,18-25,Mumbai,3,Yes,No,DSL,No,No,No,No,No,No,One Year,Yes,Bank Transfer (Auto),66.5,178.6,1,No
CUST-103144,Male,0,Yes,Yes,18-25,Delhi,5,Yes,Yes,DSL,No,Yes,Yes,Yes,No,Yes,Month-to-Month,Yes,Bank Transfer (Auto),92.09,505.37,1,No
CUST-103145,Female,0,Yes,No,26-35,Bangalore,43,Yes,No,Fiber Optic,No,No,Yes,No,No,No,Two Year,Yes,Electronic Check,92.18,3919.25,3,Yes
CUST-103146,Female,0,No,No,18-25,Kolkata,1,Yes,No,Fiber Optic,No,No,Yes,No,No,No,Two Year,Yes,Electronic Check,89.32,41.53,1,No
CUST-103147,Male,0,No,No,18-25,Kolkata,8,No,No Phone Service,DSL,No,No,Yes,Yes,Yes,No,Month-to-Month,No,Mailed Check,78.4,644.33,1,Yes
CUST-103148,Male,0,No,Yes,26-35,Chennai,0,Yes,Yes,Fiber Optic,No,No,No,No,No,Yes,Two Year,Yes,Electronic Check,79.65,54.32,1,No
CUST-103149,Male,0,No,Yes,18-25,Delhi,28,Yes,No,Fiber Optic,No,Yes,No,Yes,No,No,Month-to-Month,No,Electronic Check,95.06,2678.24,0,Yes
CUST-103150,Male,0,No,Yes,26-35,Chennai,23,No,No Phone Service,Fiber Optic,No,No,No,No,Yes,No,Month-to-Month,Yes,Electronic Check,62.54,1547.76,0,No
CUST-103151,Female,0,No,Yes,18-25,Ahmedabad,24,Yes,No,DSL,Yes,Yes,Yes,No,No,Yes,One Year,Yes,Bank Transfer (Auto),75.48,1764.81,2,No
CUST-103152,Female,0,No,No,36-45,Mumbai,11,Yes,No,DSL,No,No,Yes,No,Yes,Yes,Month-to-Month,No,Mailed Check,70.02,661.89,3,No
CUST-103153,Male,0,No,Yes,18-25,Delhi,5,Yes,No,DSL,Yes,No,No,Yes,No,No,Two Year,Yes,Electronic Check,57.09,309.81,0,No
CUST-103154,Male,0,Yes,No,56-65,Hyderabad,30,Yes,No,DSL,No,Yes,No,No,Yes,No,One Year,No,Electronic Check,87.83,2627.24,0,No
CUST-103155,Male,0,No,Yes,36-45,Bangalore,39,Yes,No,No,No Internet Service,No Internet Service,No Internet Service,No Internet Service,No Internet Service,No Internet Service,Two Year,Yes,Electronic Check,47.64,1881.54,0,No
CUST-103156,Female,0,Yes,No,18-25,Kolkata,3,Yes,No,Fiber Optic,No,Yes,No,Yes,No,Yes,Two Year,Yes,Mailed Check,99.76,342.1,2,No
CUST-103157,Male,1,No,No,18-25,Delhi,16,No,No Phone Service,DSL,No,Yes,Yes,No,No,No,Month-to-Month,Yes,Electronic Check,82.98,1251.41,2,Yes
CUST-103158,Female,1,Yes,Yes,18-25,Kolkata,6,Yes,No,Fiber Optic,No,No,Yes,Yes,Yes,No,Month-to-Month,Yes,Bank Transfer (Auto),107.55,630.96,1,No
CUST-103159,Male,0,No,No,18-25,Kolkata,4,Yes,No,Fiber Optic,Yes,No,No,Yes,Yes,No,Month-to-Month,Yes,Electronic Check,106.6,455.7,5,No
CUST-103160,Female,0,Yes,No,18-25,Delhi,31,Yes,Yes,No,No Internet Service,No Internet Service,No Internet Service,No Internet Service,No Internet Service,No Internet Service,Month-to-Month,No,Credit Card (Auto),63.15,1970.42,1,No
CUST-103161,Male,0,Yes,Yes,36-45,Mumbai,18,Yes,No,Fiber Optic,Yes,No,No,Yes,No,Yes,Month-to-Month,No,Electronic Check,94.03,1683.74,6,Yes
CUST-103162,Female,0,No,No,18-25,Chennai,5,Yes,Yes,Fiber Optic,No,No,No,No,Yes,Yes,Two Year,Yes,Credit Card (Auto),98.24,528.11,1,No
CUST-103163,Male,0,Yes,No,18-25,Bangalore,8,Yes,No,DSL,Yes,No,No,No,No,No,Month-to-Month,No,Credit Card (Auto),69.17,603.19,3,Yes
CUST-103164,Male,0,No,No,18-25,Delhi,72,Yes,Yes,Fiber Optic,No,Yes,No,Yes,No,Yes,Two Year,Yes,Bank Transfer (Auto),81.98,5800.0,1,No
CUST-103165,Male,0,Yes,No,65+,Ahmedabad,45,No,No Phone Service,DSL,No,No,No,No,No,Yes,One Year,No,Credit Card (Auto),69.21,3193.24,1,No
CUST-103166,Female,0,Yes,No,46-55,Mumbai,50,Yes,No,Fiber Optic,No,No,No,No,Yes,No,Month-to-Month,No,Electronic Check,90.31,4454.36,0,No
CUST-103167,Male,0,Yes,Yes,18-25,Kolkata,14,Yes,No,Fiber Optic,Yes,No,No,No,Yes,No,Month-to-Month,Yes,Electronic Check,88.31,1266.11,1,Yes
CUST-103168,Female,0,No,No,18-25,Hyderabad,23,Yes,No,No,No Internet Service,No Internet Service,No Internet Service,No Internet Service,No Internet Service,No Internet Service,Month-to-Month,Yes,Electronic Check,42.48,960.51,2,Yes
CUST-103169,Female,0,Yes,Yes,18-25,Mumbai,11,Yes,No,DSL,No,Yes,Yes,No,No,Yes,Month-to-Month,Yes,Electronic Check,90.97,1063.42,3,No
CUST-103170,Male,1,No,No,18-25,Bangalore,1,Yes,No,DSL,No,No,Yes,No,No,No,Month-to-Month,No,Electronic Check,66.04,102.09,1,Yes
CUST-103171,Male,0,Yes,No,18-25,Hyderabad,12,Yes,Yes,DSL,Yes,No,Yes,Yes,No,No,Month-to-Month,Yes,Bank Transfer (Auto),80.6,996.67,1,No
CUST-103172,Male,0,Yes,Yes,26-35,Delhi,21,No,No Phone Service,DSL,No,No,Yes,Yes,No,No,One Year,Yes,Electronic Check,66.01,1397.31,1,No
CUST-103173,Female,0,Yes,No,18-25,Mumbai,8,Yes,Yes,DSL,No,No,No,No,Yes,No,Month-to-Month,No,Mailed Check,76.96,588.81,3,No
CUST-103174,Male,1,Yes,No,18-25,Delhi,45,Yes,No,Fiber Optic,Yes,No,No,No,Yes,Yes,One Year,No,Electronic Check,101.6,4522.5,1,No
CUST-103175,Female,0,No,No,26-35,Hyderabad,3,No,No Phone Service,Fiber Optic,No,Yes,No,No,No,No,Two Year,Yes,Bank Transfer (Auto),78.49,166.32,1,No
CUST-103176,Female,0,No,No,36-45,Pune,10,Yes,No,Fiber Optic,No,Yes,Yes,No,No,No,Month-to-Month,No,Credit Card (Auto),83.3,801.72,2,Yes
CUST-103177,Male,0,No,No,26-35,Ahmedabad,3,Yes,No,Fiber Optic,Yes,No,Yes,No,No,Yes,Month-to-Month,No,Mailed Check,108.33,370.6,1,Yes
CUST-103178,Male,0,Yes,No,36-45,Mumbai,12,Yes,No,Fiber Optic,No,Yes,No,Yes,No,Yes,One Year,Yes,Mailed Check,107.7,1242.3,1,Yes
CUST-103179,Male,0,Yes,No,18-25,Mumbai,0,Yes,Yes,Fiber Optic,No,No,No,No,Yes,Yes,Two Year,No,Mailed Check,93.7,60.45,1,No
CUST-103180,Male,0,Yes,No,18-25,Ahmedabad,7,No,No Phone Service,No,No Internet Service,No Internet Service,No Internet Service,No Internet Service,No Internet Service,No Internet Service,Month-to-Month,Yes,Credit Card (Auto),45.56,267.63,1,No
CUST-103181,Male,0,No,Yes,46-55,Mumbai,12,Yes,Yes,DSL,Yes,Yes,No,Yes,No,No,Month-to-Month,Yes,Electronic Check,83.46,993.3,1,No
CUST-103182,Male,1,Yes,Yes,65+,Pune,15,Yes,No,Fiber Optic,No,Yes,No,No,No,No,Month-to-Month,Yes,Credit Card (Auto),86.7,1323.05,2,No
CUST-103183,Female,0,No,No,36-45,Pune,18,Yes,Yes,DSL,Yes,No,No,Yes,No,No,Month-to-Month,Yes,Mailed Check,79.86,1488.81,3,No
CUST-103184,Female,0,Yes,No,36-45,Mumbai,7,Yes,No,DSL,No,Yes,No,Yes,No,Yes,Month-to-Month,No,Electronic Check,84.37,572.26,3,No
CUST-103185,Female,0,Yes,No,18-25,Kolkata,17,Yes,No,Fiber Optic,No,No,Yes,No,Yes,No,Month-to-Month,Yes,Credit Card (Auto),80.7,1395.96,5,Yes
CUST-103186,Male,0,Yes,No,,Delhi,17,Yes,Yes,DSL,No,No,No,No,Yes,No,One Year,Yes,Credit Card (Auto),57.91,995.1,1,No
CUST-103187,Female,1,Yes,Yes,18-25,Pune,9,No,No Phone Service,Fiber Optic,No,Yes,No,No,Yes,No,Month-to-Month,Yes,Bank Transfer (Auto),94.9,841.61,1,No
CUST-103188,Female,0,No,Yes,18-25,Bangalore,42,Yes,No,DSL,No,No,Yes,No,Yes,Yes,Month-to-Month,Yes,Electronic Check,87.17,3609.21,1,No
CUST-103189,Female,0,Yes,No,26-35,Pune,18,Yes,Yes,Fiber Optic,No,No,No,No,No,No,Month-to-Month,No,Bank Transfer (Auto),79.88,1459.84,2,Yes
CUST-103190,Female,0,No,Yes,26-35,Kolkata,9,Yes,No,Fiber Optic,Yes,Yes,No,Yes,No,No,Two Year,No,Electronic Check,109.96,991.03,0,Yes
CUST-103191,Female,0,Yes,No,65+,Mumbai,70,Yes,No,Fiber Optic,Yes,No,Yes,Yes,No,No,Month-to-Month,No,Mailed Check,112.04,7826.82,0,No
CUST-103192,Male,0,No,No,26-35,Hyderabad,44,Yes,Yes,DSL,No,No,No,Yes,No,No,Two Year,No,Electronic Check,77.01,3394.18,3,No
CUST-103193,Male,0,Yes,Yes,18-25,Bangalore,72,Yes,No,DSL,No,No,No,No,No,Yes,Month-to-Month,Yes,Mailed Check,55.56,4028.88,0,No
CUST-103194,female,0,No,Yes,26-35,Kolkata,28,Yes,Yes,Fiber Optic,No,No,No,Yes,No,Yes,Month-to-Month,Yes,Bank Transfer (Auto),99.89,2712.93,4,No
CUST-103195,Female,0,No,No,18-25,Hyderabad,11,Yes,Yes,Fiber Optic,No,Yes,No,No,No,Yes,Month-to-Month,Yes,Electronic Check,84.65,903.84,2,Yes
CUST-103196,Female,0,No,No,26-35,Bangalore,7,Yes,No,DSL,No,Yes,Yes,No,No,No,One Year,No,Credit Card (Auto),69.3,436.39,1,No
CUST-103197,Male,0,Yes,No,18-25,Mumbai,26,No,No Phone Service,No,No Internet Service,No Internet Service,No Internet Service,No Internet Service,No Internet Service,No Internet Service,Month-to-Month,No,Electronic Check,46.85,1173.17,3,No
CUST-103198,Male,1,No,No,18-25,Delhi,72,Yes,Yes,DSL,Yes,Yes,No,No,Yes,No,One Year,Yes,Electronic Check,87.86,6286.47,2,No
CUST-103199,Female,0,Yes,No,26-35,Ahmedabad,23,Yes,No,No,No Internet Service,No Internet Service,No Internet Service,No Internet Service,No Internet Service,No Internet Service,One Year,Yes,Bank Transfer (Auto),45.48,1100.96,2,No
CUST-103200,Male,0,Yes,Yes,36-45,Kolkata,51,Yes,Yes,Fiber Optic,No,Yes,Yes,No,No,No,One Year,No,Credit Card (Auto),96.36,4931.02,2,Yes
CUST-103201,Male,0,Yes,Yes,36-45,Delhi,9,Yes,Yes,Fiber Optic,No,Yes,No,Yes,No,No,Month-to-Month,Yes,Credit Card (Auto),93.84,789.56,2,No
CUST-103202,Female,0,Yes,No,46-55,Chennai,12,No,No Phone Service,DSL,No,Yes,No,No,No,Yes,Two Year,Yes,Bank Transfer (Auto),69.95,848.69,1,No
CUST-103203,Male,0,No,Yes,18-25,Ahmedabad,56,No,No Phone Service,Fiber Optic,No,No,No,No,No,No,Month-to-Month,Yes,Electronic Check,98.41,5532.37,0,Yes
CUST-103204,Male,1,Yes,Yes,26-35,Chennai,33,Yes,No,Fiber Optic,No,Yes,Yes,Yes,No,No,Month-to-Month,No,Credit Card (Auto),100.9,3311.77,1,No
CUST-103205,Female,0,No,No,26-35,Bangalore,72,Yes,No,Fiber Optic,No,No,Yes,No,Yes,No,Month-to-Month,No,Credit Card (Auto),78.8,5609.23,1,No
CUST-103206,Male,1,No,No,46-55,Mumbai,35,Yes,No,Fiber Optic,No,No,No,No,Yes,Yes,One Year,No,Electronic Check,89.02,3061.27,1,Yes
CUST-103207,Male,0,No,Yes,46-55,Pune,14,No,No Phone Service,Fiber Optic,No,No,Yes,No,No,No,Month-to-Month,Yes,Bank Transfer (Auto),84.28,1100.61,0,No
CUST-103208,Female,0,No,No,26-35,Delhi,18,Yes,No,No,No Internet Service,No Internet Service,No Internet Service,No Internet Service,No Internet Service,No Internet Service,Month-to-Month,Yes,Bank Transfer (Auto),42.85,878.3,1,No
CUST-103209,Male,1,Yes,No,26-35,Mumbai,55,Yes,Yes,Fiber Optic,No,No,No,No,No,No,Month-to-Month,Yes,Mailed Check,86.8,4687.57,3,No
CUST-103210,Male,0,No,Yes,46-55,Mumbai,19,Yes,No,Fiber Optic,Yes,No,Yes,No,Yes,Yes,Month-to-Month,No,Credit Card (Auto),118.67,2192.02,1,No
CUST-103211,Female,1,Yes,No,,Mumbai,7,Yes,No,Fiber Optic,No,Yes,No,Yes,Yes,Yes,Month-to-Month,No,Electronic Check,108.27,756.72,1,Yes
CUST-103212,Female,0,No,Yes,36-45,Mumbai,13,Yes,Yes,No,No Internet Service,No Internet Service,No Internet Service,No Internet Service,No Internet Service,No Internet Service,Month-to-Month,Yes,Bank Transfer (Auto),34.41,355.96,2,No
CUST-103213,Female,1,No,No,18-25,Hyderabad,17,Yes,Yes,DSL,Yes,No,Yes,No,No,Yes,Month-to-Month,Yes,Electronic Check,93.56,1532.58,1,Yes
CUST-103214,Male,0,No,Yes,46-55,Pune,2,Yes,Yes,Fiber Optic,No,No,Yes,No,No,No,Month-to-Month,No,Mailed Check,74.44,154.63,4,Yes
CUST-103215,Female,0,Yes,No,26-35,Kolkata,32,Yes,No,Fiber Optic,No,No,No,No,No,Yes,Two Year,Yes,Credit Card (Auto),84.23,2705.52,0,No
CUST-103216,Male,0,Yes,Yes,18-25,Chennai,2,Yes,No,DSL,No,No,Yes,Yes,No,No,Month-to-Month,Yes,Electronic Check,72.84,166.17,0,No
CUST-103217,Female,0,Yes,No,18-25,Mumbai,12,Yes,No,Fiber Optic,Yes,Yes,No,No,No,No,Month-to-Month,Yes,Mailed Check,102.84,1269.85,0,No
CUST-103218,Male,0,Yes,No,36-45,Ahmedabad,39,Yes,No,No,No Internet Service,No Internet Service,No Internet Service,No Internet Service,No Internet Service,No Internet Service,Month-to-Month,No,Credit Card (Auto),45.07,1755.71,2,No
CUST-103219,Female,0,Yes,No,46-55,Mumbai,15,Yes,Yes,DSL,No,No,No,Yes,No,No,One Year,No,Bank Transfer (Auto),68.58,994.26,4,No
CUST-103220,Female,0,No,No,26-35,Pune,44,Yes,Yes,Fiber Optic,No,No,Yes,No,No,No,Month-to-Month,Yes,Bank Transfer (Auto),88.77,3928.75,1,No
CUST-103221,Female,0,Yes,Yes,18-25,Ahmedabad,10,Yes,No,No,No Internet Service,No Internet Service,No Internet Service,No Internet Service,No Internet Service,No Internet Service,Month-to-Month,Yes,Electronic Check,48.33,552.83,2,No
CUST-103222,Female,0,No,No,65+,Kolkata,72,Yes,No,Fiber Optic,No,No,Yes,No,No,No,Month-to-Month,Yes,Mailed Check,93.49,6762.16,1,No
CUST-103223,Male,0,No,Yes,26-35,Pune,5,Yes,Yes,Fiber Optic,No,No,Yes,No,Yes,No,Two Year,Yes,Credit Card (Auto),95.05,432.06,1,No
CUST-103224,Female,0,No,No,36-45,Hyderabad,0,No,No Phone Service,Fiber Optic,No,No,No,No,No,Yes,One Year,No,Credit Card (Auto),92.93,30.71,2,No
CUST-103225,Female,0,Yes,Yes,36-45,Ahmedabad,49,Yes,Yes,DSL,No,No,No,No,No,No,Month-to-Month,Yes,Electronic Check,80.03,3949.43,1,No
CUST-103226,Male,0,Yes,No,18-25,Chennai,33,Yes,Yes,Fiber Optic,Yes,No,No,No,Yes,No,Month-to-Month,Yes,Bank Transfer (Auto),85.01,2743.48,0,No
CUST-103227,Female,0,Yes,No,46-55,Kolkata,6,Yes,No,Fiber Optic,Yes,No,No,No,Yes,No,Month-to-Month,No,Electronic Check,105.62,622.07,2,Yes
CUST-103228,Male,0,Yes,No,18-25,Delhi,72,Yes,Yes,Fiber Optic,Yes,Yes,Yes,No,No,No,Month-to-Month,Yes,Electronic Check,103.55,7483.93,0,Yes
CUST-103229,Female,1,No,Yes,65+,Chennai,16,Yes,Yes,No,No Internet Service,No Internet Service,No Internet Service,No Internet Service,No Internet Service,No Internet Service,One Year,Yes,Bank Transfer (Auto),35.38,624.14,1,No
CUST-103230,Female,0,Yes,No,65+,Mumbai,72,Yes,No,Fiber Optic,Yes,Yes,No,No,Yes,Yes,Month-to-Month,Yes,Electronic Check,92.64,6637.75,1,No
CUST-103231,Female,0,No,No,18-25,Pune,16,Yes,No,Fiber Optic,No,No,No,Yes,No,Yes,One Year,No,Electronic Check,108.62,1665.06,1,No
CUST-103232,Male,0,No,No,18-25,Bangalore,15,Yes,Yes,DSL,No,Yes,No,No,Yes,No,Month-to-Month,Yes,Bank Transfer (Auto),82.36,1260.83,4,No
CUST-103233,Female,0,No,No,18-25,Delhi,14,Yes,Yes,DSL,No,No,Yes,No,Yes,Yes,One Year,No,Mailed Check,75.91,1050.33,3,No
CUST-103234,Female,0,Yes,No,18-25,Delhi,9,Yes,No,No,No Internet Service,No Internet Service,No Internet Service,No Internet Service,No Internet Service,No Internet Service,Month-to-Month,Yes,Credit Card (Auto),40.58,377.2,2,No
CUST-103235,Female,0,Yes,No,26-35,Ahmedabad,18,Yes,Yes,Fiber Optic,No,Yes,Yes,No,No,No,Month-to-Month,No,Bank Transfer (Auto),104.55,1891.41,3,No
CUST-103236,Male,0,No,Yes,18-25,Kolkata,14,Yes,Yes,No,No Internet Service,No Internet Service,No Internet Service,No Internet Service,No Internet Service,No Internet Service,One Year,Yes,Bank Transfer (Auto),57.87,817.61,3,No
CUST-103237,Male,0,No,No,56-65,Pune,0,Yes,Yes,DSL,No,Yes,Yes,No,No,No,Month-to-Month,Yes,Electronic Check,87.3,0.0,1,Yes
CUST-103238,Female,0,Yes,No,26-35,Hyderabad,7,Yes,Yes,Fiber Optic,No,Yes,No,Yes,No,No,One Year,No,Electronic Check,94.49,706.76,1,No
CUST-103239,Male,0,Yes,No,26-35,Bangalore,5,Yes,No,No,No Internet Service,No Internet Service,No Internet Service,No Internet Service,No Internet Service,No Internet Service,Two Year,No,Bank Transfer (Auto),40.71,161.11,1,No
CUST-103240,Female,1,Yes,No,26-35,Chennai,48,Yes,No,DSL,No,No,No,No,Yes,No,Month-to-Month,Yes,Electronic Check,67.14,3235.99,2,Yes
CUST-103241,Female,0,No,No,26-35,Hyderabad,21,Yes,No,DSL,No,No,No,No,No,Yes,Two Year,No,Credit Card (Auto),63.29,1348.6,1,No
CUST-103242,Female,0,Yes,No,26-35,Kolkata,34,Yes,No,No,No Internet Service,No Internet Service,No Internet Service,No Internet Service,No Internet Service,No Internet Service,Month-to-Month,Yes,Mailed Check,51.69,1747.68,5,Yes
CUST-103243,Female,1,No,No,18-25,Ahmedabad,72,Yes,No,DSL,No,Yes,Yes,No,No,Yes,Month-to-Month,Yes,Electronic Check,78.26,5674.38,3,No
CUST-103244,Female,0,Yes,No,26-35,Ahmedabad,24,Yes,Yes,Fiber Optic,No,No,Yes,No,Yes,No,One Year,No,Bank Transfer (Auto),96.61,2295.38,2,No
CUST-103245,Female,0,No,No,18-25,Pune,72,No,No Phone Service,No,No Internet Service,No Internet Service,No Internet Service,No Internet Service,No Internet Service,No Internet Service,One Year,No,Credit Card (Auto),40.43,3025.8,0,No
CUST-103246,Female,0,No,No,18-25,Bangalore,8,No,No Phone Service,Fiber Optic,No,No,No,No,No,Yes,Month-to-Month,Yes,Electronic Check,100.62,816.79,3,Yes
CUST-103247,Male,1,No,Yes,18-25,Pune,4,Yes,Yes,DSL,No,No,Yes,No,Yes,Yes,One Year,Yes,Electronic Check,82.19,390.68,0,No
CUST-103248,Male,1,Yes,Yes,36-45,Pune,12,Yes,No,Fiber Optic,No,No,No,No,No,Yes,Two Year,Yes,Credit Card (Auto),82.56,1035.12,1,No
CUST-103249,Male,0,Yes,Yes,18-25,Delhi,15,Yes,No,Fiber Optic,No,Yes,Yes,Yes,Yes,No,Month-to-Month,Yes,Electronic Check,99.81,1568.33,1,Yes
CUST-103250,Male,0,Yes,No,18-25,Kolkata,54,Yes,No,DSL,No,Yes,No,Yes,Yes,No,Two Year,Yes,Electronic Check,90.73,4903.82,0,No
CUST-103251,Male,0,No,No,18-25,Ahmedabad,19,Yes,Yes,Fiber Optic,No,No,No,No,No,Yes,One Year,Yes,Mailed Check,87.6,1720.76,3,Yes
CUST-103252,Male,0,No,No,65+,Pune,8,Yes,Yes,DSL,Yes,No,No,No,No,Yes,Two Year,No,Mailed Check,89.94,792.32,1,No
CUST-103253,Male,0,No,No,18-25,Chennai,32,Yes,Yes,No,No Internet Service,No Internet Service,No Internet Service,No Internet Service,No Internet Service,No Internet Service,Month-to-Month,Yes,Bank Transfer (Auto),39.69,1284.48,3,No
CUST-103254,Female,1,Yes,No,18-25,Delhi,16,Yes,Yes,Fiber Optic,No,No,Yes,Yes,No,No,One Year,Yes,Mailed Check,89.3,1393.87,2,No
CUST-103255,Female,0,No,No,65+,Chennai,4,Yes,No,DSL,No,No,No,No,No,No,Month-to-Month,No,Credit Card (Auto),42.44,261.25,1,No
CUST-103256,Female,0,Yes,No,26-35,Chennai,20,No,No Phone Service,DSL,Yes,No,No,Yes,Yes,No,Two Year,No,Bank Transfer (Auto),96.23,1925.55,2,Yes
CUST-103257,Female,0,No,Yes,26-35,Bangalore,58,Yes,No,DSL,Yes,Yes,No,No,No,No,One Year,Yes,Credit Card (Auto),86.11,4998.31,5,No
CUST-103258,Male,0,Yes,Yes,36-45,Mumbai,44,Yes,Yes,DSL,No,No,No,No,Yes,Yes,Month-to-Month,Yes,Mailed Check,75.5,3335.52,2,No
CUST-103259,Male,0,No,Yes,26-35,Bangalore,21,Yes,No,Fiber Optic,No,Yes,Yes,Yes,No,No,Month-to-Month,Yes,Electronic Check,97.61,2010.65,0,Yes
CUST-103260,Female,0,Yes,Yes,26-35,Ahmedabad,11,Yes,No,Fiber Optic,No,No,Yes,No,No,Yes,Two Year,No,Credit Card (Auto),87.2,976.21,0,No
CUST-103261,Female,1,Yes,Yes,,Pune,2,Yes,No,Fiber Optic,No,No,No,No,Yes,No,One Year,Yes,Electronic Check,80.74,178.89,1,Yes
CUST-103262,Male,1,No,No,26-35,Bangalore,15,No,No Phone Service,Fiber Optic,No,No,No,No,No,No,Month-to-Month,No,Credit Card (Auto),71.73,1075.45,2,No
CUST-103263,Female,0,Yes,Yes,36-45,Delhi,33,Yes,Yes,DSL,No,No,No,No,No,Yes,Month-to-Month,No,Electronic Check,75.85,2499.72,2,No
CUST-103264,Female,1,No,Yes,18-25,Bangalore,10,Yes,Yes,Fiber Optic,No,Yes,Yes,Yes,No,Yes,Two Year,No,Bank Transfer (Auto),107.05,1059.39,2,No
CUST-103265,Female,0,No,Yes,18-25,Pune,6,Yes,No,No,No Internet Service,No Internet Service,No Internet Service,No Internet Service,No Internet Service,No Internet Service,Month-to-Month,Yes,Credit Card (Auto),29.73,159.37,1,No
CUST-103266,Female,0,No,No,26-35,Chennai,64,Yes,No,DSL,No,Yes,No,No,No,No,Month-to-Month,Yes,Mailed Check,71.22,4594.41,1,No
CUST-103267,Male,0,Yes,No,36-45,Kolkata,41,Yes,No,Fiber Optic,No,Yes,No,No,No,No,Two Year,Yes,Electronic Check,85.69,3527.81,1,No
CUST-103268,Female,0,No,No,36-45,Bangalore,24,Yes,No,Fiber Optic,No,No,No,No,No,No,Month-to-Month,No,Electronic Check,75.95,1869.36,2,No
CUST-103269,Female,1,No,Yes,36-45,Hyderabad,3,Yes,No,DSL,No,No,No,No,No,Yes,Month-to-Month,Yes,Mailed Check,74.22,196.59,1,Yes
CUST-103270,Male,0,Yes,No,36-45,Delhi,3,Yes,No,DSL,No,Yes,No,Yes,Yes,No,Month-to-Month,No,Electronic Check,67.94,260.21,1,Yes
CUST-103271,Male,0,No,Yes,18-25,Pune,2,Yes,No,No,No Internet Service,No Internet Service,No Internet Service,No Internet Service,No Internet Service,No Internet Service,Two Year,No,Bank Transfer (Auto),42.85,130.27,2,No
CUST-103272,Female,0,Yes,Yes,36-45,Bangalore,22,No,No Phone Service,Fiber Optic,No,No,No,No,No,No,Month-to-Month,No,Mailed Check,87.5,1912.85,1,No
CUST-103273,Male,0,Yes,No,36-45,Bangalore,2,Yes,Yes,Fiber Optic,Yes,No,Yes,Yes,No,Yes,One Year,Yes,Electronic Check,105.75,,2,Yes
CUST-103274,Female,0,Yes,No,18-25,Kolkata,44,Yes,No,No,No Internet Service,No Internet Service,No Internet Service,No Internet Service,No Internet Service,No Internet Service,Two Year,No,Mailed Check,37.53,1681.06,0,No
CUST-103275,Female,0,Yes,No,18-25,Pune,72,Yes,No,Fiber Optic,No,No,No,Yes,Yes,No,Month-to-Month,No,Bank Transfer (Auto),82.14,5834.78,2,No
CUST-103276,Male,0,Yes,No,26-35,Hyderabad,10,Yes,Yes,DSL,Yes,No,No,Yes,Yes,No,Two Year,No,Electronic Check,82.43,803.55,3,No
CUST-103277,Female,0,No,No,65+,Bangalore,14,Yes,No,Fiber Optic,No,No,No,Yes,Yes,Yes,Month-to-Month,Yes,Bank Transfer (Auto),98.79,1396.83,2,No
CUST-103278,Female,0,No,Yes,36-45,Chennai,29,Yes,Yes,DSL,No,No,Yes,No,Yes,Yes,One Year,No,Credit Card (Auto),66.95,1934.06,0,No
CUST-103279,Female,0,Yes,No,36-45,Ahmedabad,66,Yes,No,Fiber Optic,Yes,Yes,Yes,Yes,Yes,No,Month-to-Month,Yes,Electronic Check,105.85,6932.54,2,No
CUST-103280,Female,0,No,Yes,18-25,Bangalore,53,Yes,Yes,DSL,Yes,No,No,No,Yes,No,One Year,Yes,Electronic Check,71.88,3814.16,1,No
CUST-103281,Male,0,No,No,26-35,Mumbai,1,Yes,No,DSL,Yes,Yes,No,No,Yes,No,Month-to-Month,No,Bank Transfer (Auto),94.77,44.83,3,No
CUST-103282,Male,0,No,Yes,26-35,Kolkata,4,Yes,No,No,No Internet Service,No Internet Service,No Internet Service,No Internet Service,No Internet Service,No Internet Service,Month-to-Month,Yes,Electronic Check,43.2,185.84,2,Yes
CUST-103283,Female,0,No,No,18-25,Delhi,33,Yes,No,Fiber Optic,No,Yes,No,No,Yes,No,Two Year,Yes,Electronic Check,96.12,3152.39,2,No
CUST-103284,Male,0,No,No,18-25,Kolkata,28,Yes,Yes,Fiber Optic,No,No,Yes,No,No,No,Month-to-Month,Yes,Bank Transfer (Auto),79.3,2213.48,0,No
CUST-103285,Female,1,Yes,No,18-25,Kolkata,3,Yes,No,Fiber Optic,No,No,No,No,Yes,Yes,Two Year,Yes,Electronic Check,82.34,205.92,0,No
CUST-103286,Female,0,Yes,Yes,46-55,Chennai,16,Yes,Yes,No,No Internet Service,No Internet Service,No Internet Service,No Internet Service,No Internet Service,No Internet Service,Month-to-Month,Yes,Electronic Check,51.06,855.65,1,No
CUST-103287,Female,0,Yes,No,36-45,Kolkata,36,Yes,Yes,DSL,No,Yes,Yes,No,Yes,No,Month-to-Month,No,Credit Card (Auto),89.07,3199.22,5,No
CUST-103288,Female,1,No,No,26-35,Delhi,5,Yes,Yes,DSL,Yes,No,Yes,Yes,Yes,No,Two Year,Yes,Electronic Check,94.48,435.5,0,No
CUST-103289,Female,0,Yes,No,36-45,Kolkata,49,Yes,No,Fiber Optic,Yes,No,No,No,No,No,Month-to-Month,Yes,Credit Card (Auto),89.76,4392.2,2,No
CUST-103290,Male,0,No,No,26-35,Hyderabad,1,Yes,Yes,DSL,Yes,No,No,No,No,No,Two Year,Yes,Electronic Check,74.2,160.94,2,No
CUST-103291,Female,0,Yes,No,56-65,Delhi,36,Yes,No,Fiber Optic,No,No,No,Yes,No,No,Month-to-Month,Yes,Credit Card (Auto),79.84,2890.98,1,No
CUST-103292,Male,1,No,Yes,18-25,Delhi,22,Yes,No,Fiber Optic,No,Yes,Yes,No,Yes,No,Month-to-Month,No,Mailed Check,101.4,2284.59,0,No
CUST-103293,Male,1,Yes,No,18-25,Pune,9,Yes,No,DSL,Yes,No,No,No,No,No,One Year,Yes,Electronic Check,50.73,375.99,1,No
CUST-103294,Female,0,Yes,Yes,18-25,Kolkata,30,No,No Phone Service,Fiber Optic,Yes,No,No,No,No,No,Month-to-Month,No,Bank Transfer (Auto),89.52,2675.73,2,No
CUST-103295,Female,0,Yes,Yes,26-35,Kolkata,36,Yes,No,DSL,Yes,No,Yes,Yes,Yes,No,Month-to-Month,Yes,Credit Card (Auto),100.18,3556.48,6,No
CUST-103296,Female,0,Yes,No,18-25,Delhi,65,Yes,No,No,No Internet Service,No Internet Service,No Internet Service,No Internet Service,No Internet Service,No Internet Service,One Year,No,Electronic Check,31.0,1989.03,0,No
CUST-103297,Female,1,Yes,No,65+,Kolkata,11,Yes,No,No,No Internet Service,No Internet Service,No Internet Service,No Internet Service,No Internet Service,No Internet Service,Month-to-Month,No,Bank Transfer (Auto),30.09,292.66,1,No
CUST-103298,Female,1,No,Yes,46-55,Hyderabad,27,Yes,No,DSL,Yes,No,Yes,No,No,No,Month-to-Month,No,Mailed Check,72.06,2010.09,1,No
CUST-103299,Male,0,Yes,Yes,26-35,Ahmedabad,22,Yes,Yes,Fiber Optic,No,No,No,No,No,Yes,Two Year,No,Bank Transfer (Auto),72.14,1622.93,0,No
CUST-103300,Female,0,Yes,No,18-25,Hyderabad,17,Yes,No,DSL,No,Yes,Yes,No,Yes,Yes,Two Year,No,Bank Transfer (Auto),105.87,1762.02,1,No
CUST-103301,Female,0,No,Yes,18-25,Delhi,53,Yes,Yes,Fiber Optic,No,No,No,No,No,Yes,Month-to-Month,No,Electronic Check,69.46,3658.15,0,No
CUST-103302,Male,0,Yes,No,18-25,Mumbai,0,Yes,Yes,Fiber Optic,No,Yes,Yes,No,No,Yes,Month-to-Month,No,Electronic Check,109.1,18.14,2,Yes
CUST-103303,Male,0,No,No,18-25,Chennai,7,Yes,No,DSL,No,Yes,Yes,Yes,Yes,No,One Year,No,Mailed Check,94.77,707.92,2,No
CUST-103304,Female,0,No,No,36-45,Mumbai,18,Yes,No,No,No Internet Service,No Internet Service,No Internet Service,No Internet Service,No Internet Service,No Internet Service,Month-to-Month,Yes,Credit Card (Auto),51.23,974.19,3,No
CUST-103305,Male,0,Yes,Yes,46-55,Kolkata,4,Yes,No,Fiber Optic,No,No,No,Yes,Yes,No,Month-to-Month,Yes,Mailed Check,93.19,404.52,1,No
CUST-103306,Female,0,Yes,Yes,,Bangalore,57,Yes,No,Fiber Optic,No,No,No,No,No,Yes,Two Year,Yes,Bank Transfer (Auto),90.11,5226.98,2,No
CUST-103307,Male,1,Yes,No,26-35,Chennai,25,Yes,Yes,DSL,No,Yes,No,No,Yes,No,Month-to-Month,No,Electronic Check,65.97,1670.59,2,No
CUST-103308,Male,0,No,No,56-65,Hyderabad,15,Yes,No,Fiber Optic,Yes,No,No,No,Yes,No,One Year,Yes,Bank Transfer (Auto),96.07,1418.81,1,Yes
CUST-103309,Female,0,No,Yes,26-35,Chennai,40,Yes,Yes,DSL,Yes,Yes,No,No,No,No,Two Year,Yes,Bank Transfer (Auto),76.56,3021.66,1,No
CUST-103310,Male,0,No,Yes,26-35,Mumbai,14,Yes,No,Fiber Optic,Yes,Yes,No,No,No,No,One Year,No,Bank Transfer (Auto),95.6,1284.42,0,No
CUST-103311,Male,1,No,Yes,18-25,Delhi,19,Yes,Yes,Fiber Optic,No,No,No,No,No,No,Two Year,Yes,Credit Card (Auto),78.61,1433.1,3,No
CUST-103312,Male,0,Yes,No,46-55,Kolkata,0,Yes,No,DSL,No,Yes,Yes,No,No,No,Month-to-Month,Yes,Electronic Check,66.2,33.73,0,No
CUST-103313,Male,0,No,No,46-55,Bangalore,10,Yes,No,No,No Internet Service,No Internet Service,No Internet Service,No Internet Service,No Internet Service,No Internet Service,Month-to-Month,Yes,Electronic Check,48.32,562.74,1,No
CUST-103314,Male,0,No,No,46-55,Hyderabad,3,Yes,No,DSL,No,Yes,No,No,No,No,Two Year,No,Credit Card (Auto),71.46,,2,No
CUST-103315,Male,0,No,No,65+,Bangalore,28,Yes,No,No,No Internet Service,No Internet Service,No Internet Service,No Internet Service,No Internet Service,No Internet Service,Month-to-Month,Yes,Electronic Check,47.38,1418.04,1,No
CUST-103316,Female,0,No,No,36-45,Ahmedabad,15,Yes,Yes,Fiber Optic,No,No,Yes,Yes,No,Yes,One Year,Yes,Bank Transfer (Auto),105.36,1581.78,3,No
CUST-103317,Female,0,No,No,18-25,Delhi,8,Yes,No,No,No Internet Service,No Internet Service,No Internet Service,No Internet Service,No Internet Service,No Internet Service,Month-to-Month,Yes,Bank Transfer (Auto),47.27,408.5,2,Yes
CUST-103318,Male,1,Yes,Yes,36-45,Kolkata,15,Yes,No,Fiber Optic,No,No,No,No,Yes,No,One Year,Yes,Bank Transfer (Auto),89.03,1256.33,4,No
CUST-103319,Female,0,Yes,Yes,26-35,Mumbai,5,Yes,No,No,No Internet Service,No Internet Service,No Internet Service,No Internet Service,No Internet Service,No Internet Service,Month-to-Month,Yes,Electronic Check,39.6,238.61,1,No
CUST-103320,Female,1,No,Yes,56-65,Kolkata,62,Yes,No,DSL,No,No,No,Yes,No,Yes,Month-to-Month,No,Electronic Check,74.91,4612.56,2,No
CUST-103321,Female,0,Yes,No,36-45,Kolkata,1,Yes,No,Fiber Optic,Yes,No,No,No,Yes,No,Month-to-Month,No,Bank Transfer (Auto),104.39,145.92,0,No
CUST-103322,Male,0,No,No,36-45,Pune,48,Yes,Yes,Fiber Optic,No,Yes,No,No,Yes,No,One Year,No,Electronic Check,91.01,4432.64,0,No
CUST-103323,Female,0,Yes,No,18-25,Delhi,17,Yes,Yes,DSL,No,No,No,No,No,No,Month-to-Month,No,Bank Transfer (Auto),57.24,988.32,2,No
CUST-103324,Male,0,No,Yes,26-35,Mumbai,23,Yes,No,Fiber Optic,No,No,No,No,No,Yes,One Year,Yes,Mailed Check,77.62,1806.92,0,No
CUST-103325,Female,0,No,Yes,26-35,Hyderabad,8,Yes,No,No,No Internet Service,No Internet Service,No Internet Service,No Internet Service,No Internet Service,No Internet Service,Month-to-Month,No,Mailed Check,56.01,454.01,2,No
CUST-103326,Male,0,Yes,Yes,26-35,Chennai,72,Yes,Yes,Fiber Optic,No,No,No,Yes,Yes,Yes,Month-to-Month,No,Electronic Check,104.9,7584.78,1,No
CUST-103327,Male,0,No,No,36-45,Kolkata,7,Yes,No,Fiber Optic,Yes,No,No,Yes,No,Yes,One Year,Yes,Credit Card (Auto),97.2,774.06,2,No
CUST-103328,Female,0,No,Yes,18-25,Hyderabad,21,Yes,Yes,Fiber Optic,No,Yes,No,No,Yes,Yes,Month-to-Month,Yes,Mailed Check,92.37,1940.34,0,Yes
CUST-103329,Female,0,No,Yes,18-25,Hyderabad,72,Yes,Yes,Fiber Optic,Yes,Yes,Yes,No,No,Yes,Month-to-Month,Yes,Bank Transfer (Auto),98.95,7132.64,3,No
CUST-103330,Male,1,Yes,No,46-55,Ahmedabad,51,Yes,Yes,DSL,No,Yes,No,Yes,No,Yes,Month-to-Month,No,Credit Card (Auto),79.34,3957.42,2,Yes
CUST-103331,Female,0,Yes,Yes,36-45,Mumbai,18,Yes,Yes,DSL,Yes,No,No,Yes,No,No,One Year,Yes,Bank Transfer (Auto),68.75,1258.6,0,No
CUST-103332,Female,0,Yes,No,26-35,Bangalore,72,No,No Phone Service,No,No Internet Service,No Internet Service,No Internet Service,No Internet Service,No Internet Service,No Internet Service,Two Year,No,Credit Card (Auto),41.44,2944.62,1,No
CUST-103333,Female,0,Yes,Yes,18-25,Bangalore,29,Yes,No,Fiber Optic,No,No,No,No,Yes,Yes,Month-to-Month,Yes,Electronic Check,81.04,2340.27,0,Yes
CUST-103334,Male,0,No,No,36-45,Chennai,5,Yes,No,No,No Internet Service,No Internet Service,No Internet Service,No Internet Service,No Internet Service,No Internet Service,Month-to-Month,Yes,Credit Card (Auto),51.83,283.02,4,Yes
CUST-103335,Male,0,No,No,18-25,Mumbai,12,Yes,No,Fiber Optic,No,No,Yes,Yes,No,No,Month-to-Month,Yes,Electronic Check,100.45,1124.6,1,No
CUST-103336,Female,1,No,No,18-25,Kolkata,9,Yes,Yes,No,No Internet Service,No Internet Service,No Internet Service,No Internet Service,No Internet Service,No Internet Service,One Year,No,Credit Card (Auto),42.76,408.12,1,No
CUST-103337,Female,0,No,No,36-45,Bangalore,10,Yes,No,Fiber Optic,No,No,No,No,No,Yes,Month-to-Month,Yes,Credit Card (Auto),82.46,837.16,1,Yes
CUST-103338,Female,0,No,No,18-25,Delhi,34,Yes,No,DSL,No,Yes,No,No,No,Yes,One Year,No,Electronic Check,66.71,2303.3,2,Yes
CUST-103339,Male,0,Yes,No,26-35,Chennai,21,Yes,No,DSL,Yes,Yes,No,No,No,No,Month-to-Month,No,Mailed Check,71.6,1471.68,3,No
CUST-103340,Male,0,No,No,26-35,Mumbai,0,Yes,Yes,Fiber Optic,No,Yes,No,Yes,No,Yes,Two Year,Yes,Bank Transfer (Auto),91.42,55.63,0,No
CUST-103341,Female,0,Yes,No,18-25,Bangalore,50,Yes,No,Fiber Optic,No,Yes,No,No,No,No,Month-to-Month,Yes,Electronic Check,81.66,4098.24,2,No
CUST-103342,Female,0,No,No,18-25,Kolkata,8,Yes,No,DSL,No,No,No,No,Yes,No,Two Year,No,Bank Transfer (Auto),84.14,637.6,1,No
CUST-103343,Female,0,Yes,No,18-25,Pune,72,Yes,Yes,Fiber Optic,No,Yes,No,No,Yes,No,Month-to-Month,No,Electronic Check,91.14,6493.61,3,No
CUST-103344,Female,1,Yes,Yes,36-45,Delhi,72,Yes,Yes,DSL,No,No,No,No,Yes,Yes,Month-to-Month,Yes,Credit Card (Auto),62.42,4467.17,2,No
CUST-103345,Female,0,No,No,18-25,Bangalore,67,Yes,Yes,DSL,No,No,No,No,Yes,No,One Year,No,Electronic Check,88.95,6003.19,2,No
CUST-103346,Female,0,No,No,65+,Hyderabad,40,Yes,Yes,DSL,No,No,No,No,No,No,One Year,Yes,Bank Transfer (Auto),59.25,2392.28,0,No
CUST-103347,Male,0,No,No,18-25,Hyderabad,5,Yes,No,No,No Internet Service,No Internet Service,No Internet Service,No Internet Service,No Internet Service,No Internet Service,Month-to-Month,Yes,Electronic Check,51.1,148.22,2,Yes
CUST-103348,Female,0,No,Yes,36-45,Delhi,18,Yes,No,Fiber Optic,No,Yes,No,Yes,No,Yes,Two Year,Yes,Electronic Check,119.31,2130.93,1,No
CUST-103349,Male,0,Yes,No,26-35,Hyderabad,6,Yes,No,Fiber Optic,No,Yes,No,Yes,No,No,Month-to-Month,No,Mailed Check,91.28,553.95,0,No
CUST-103350,Female,0,No,Yes,18-25,Pune,7,Yes,No,Fiber Optic,Yes,No,Yes,No,No,Yes,Month-to-Month,Yes,Mailed Check,92.16,740.59,2,No
CUST-103351,Female,1,Yes,No,46-55,Chennai,22,Yes,No,DSL,No,No,Yes,No,Yes,No,Month-to-Month,No,Electronic Check,80.78,1841.55,2,Yes
CUST-103352,Male,1,No,Yes,18-25,Ahmedabad,1,Yes,Yes,No,No Internet Service,No Internet Service,No Internet Service,No Internet Service,No Internet Service,No Internet Service,Month-to-Month,Yes,Credit Card (Auto),62.02,53.09,2,No
CUST-103353,Male,1,No,No,36-45,Delhi,72,Yes,No,No,No Internet Service,No Internet Service,No Internet Service,No Internet Service,No Internet Service,No Internet Service,One Year,Yes,Electronic Check,59.73,4309.62,0,No
CUST-103354,Male,0,Yes,Yes,36-45,Chennai,60,Yes,No,No,No Internet Service,No Internet Service,No Internet Service,No Internet Service,No Internet Service,No Internet Service,Month-to-Month,No,Credit Card (Auto),39.84,2322.27,0,No
CUST-103355,Male,0,No,Yes,36-45,Ahmedabad,11,Yes,No,No,No Internet Service,No Internet Service,No Internet Service,No Internet Service,No Internet Service,No Internet Service,Month-to-Month,No,Mailed Check,48.89,406.45,1,No
CUST-103356,Female,0,No,No,46-55,Mumbai,17,Yes,Yes,No,No Internet Service,No Internet Service,No Internet Service,No Internet Service,No Internet Service,No Internet Service,Month-to-Month,Yes,Mailed Check,50.46,837.97,1,Yes
CUST-103357,Male,0,Yes,No,26-35,Hyderabad,15,Yes,No,Fiber Optic,No,Yes,Yes,Yes,Yes,No,Month-to-Month,Yes,Electronic Check,102.85,1592.91,2,Yes
CUST-103358,Female,0,No,Yes,26-35,Ahmedabad,51,Yes,Yes,No,No Internet Service,No Internet Service,No Internet Service,No Internet Service,No Internet Service,No Internet Service,Two Year,No,Bank Transfer (Auto),39.14,2005.19,0,No
CUST-103359,Male,0,No,No,26-35,Mumbai,28,Yes,No,DSL,Yes,No,No,No,Yes,Yes,Two Year,No,Bank Transfer (Auto),89.03,2455.39,2,No
CUST-103360,Female,0,No,Yes,26-35,Bangalore,7,Yes,No,Fiber Optic,No,Yes,No,No,No,No,Month-to-Month,Yes,Electronic Check,98.66,736.24,0,Yes
CUST-103361,Female,0,Yes,No,18-25,Mumbai,14,Yes,Yes,Fiber Optic,No,No,No,Yes,No,No,Month-to-Month,No,Electronic Check,86.74,1304.03,1,No
CUST-103362,Female,0,Yes,No,65+,Hyderabad,13,Yes,No,Fiber Optic,No,Yes,No,No,No,No,Two Year,No,Electronic Check,95.9,1172.25,0,Yes
CUST-103363,Female,0,No,Yes,18-25,Kolkata,72,Yes,No,DSL,Yes,Yes,No,No,No,No,Month-to-Month,No,Electronic Check,72.37,5208.01,2,No
CUST-103364,Female,0,Yes,No,26-35,Delhi,4,Yes,Yes,DSL,Yes,No,No,No,No,Yes,Month-to-Month,Yes,Electronic Check,79.95,293.16,3,Yes
CUST-103365,Female,0,No,Yes,36-45,Delhi,2,No,No Phone Service,Fiber Optic,Yes,No,No,No,No,No,Month-to-Month,Yes,Electronic Check,109.47,221.16,3,Yes
CUST-103366,Male,0,Yes,No,18-25,Hyderabad,51,Yes,Yes,DSL,No,Yes,No,Yes,No,Yes,Month-to-Month,Yes,Bank Transfer (Auto),88.12,4471.31,1,No
CUST-103367,Female,0,No,No,18-25,Bangalore,54,Yes,Yes,Fiber Optic,Yes,No,No,No,Yes,Yes,Two Year,No,Electronic Check,104.8,5798.79,0,No
CUST-103368,Male,0,No,No,46-55,Kolkata,49,Yes,Yes,No,No Internet Service,No Internet Service,No Internet Service,No Internet Service,No Internet Service,No Internet Service,One Year,Yes,Mailed Check,51.27,2506.26,0,No
CUST-103369,Male,0,Yes,No,26-35,Mumbai,17,Yes,Yes,No,No Internet Service,No Internet Service,No Internet Service,No Internet Service,No Internet Service,No Internet Service,Two Year,Yes,Electronic Check,34.1,594.71,3,No
CUST-103370,Female,0,Yes,No,18-25,Ahmedabad,25,Yes,No,No,No Internet Service,No Internet Service,No Internet Service,No Internet Service,No Internet Service,No Internet Service,Month-to-Month,No,Bank Transfer (Auto),42.81,1078.63,3,No
CUST-103371,Male,0,No,Yes,46-55,Kolkata,19,Yes,No,Fiber Optic,Yes,Yes,No,Yes,Yes,No,Month-to-Month,Yes,Mailed Check,119.85,2214.49,2,Yes
CUST-103372,Female,0,No,No,18-25,Mumbai,1,Yes,No,No,No Internet Service,No Internet Service,No Internet Service,No Internet Service,No Internet Service,No Internet Service,Two Year,Yes,Bank Transfer (Auto),42.5,52.68,2,No
CUST-103373,Male,0,Yes,No,26-35,Delhi,21,Yes,Yes,Fiber Optic,No,Yes,Yes,No,No,Yes,Two Year,No,Bank Transfer (Auto),96.51,1953.11,0,No
CUST-103374,Female,0,No,No,46-55,Ahmedabad,0,No,No Phone Service,Fiber Optic,No,No,No,No,Yes,Yes,One Year,Yes,Bank Transfer (Auto),96.74,90.16,4,No
CUST-103375,Male,0,Yes,No,26-35,Kolkata,9,Yes,No,DSL,No,No,No,No,No,No,Month-to-Month,No,Electronic Check,55.41,543.85,2,No
CUST-103376,Female,1,Yes,Yes,18-25,Hyderabad,64,Yes,No,DSL,No,No,No,No,No,Yes,One Year,Yes,Mailed Check,58.48,3713.88,2,No
CUST-103377,Female,0,No,Yes,26-35,Hyderabad,8,Yes,Yes,No,No Internet Service,No Internet Service,No Internet Service,No Internet Service,No Internet Service,No Internet Service,Month-to-Month,Yes,Electronic Check,43.28,337.89,2,No
CUST-103378,Female,0,Yes,Yes,26-35,Mumbai,67,Yes,Yes,DSL,Yes,No,No,No,Yes,No,Month-to-Month,Yes,Credit Card (Auto),75.22,5091.05,4,No
CUST-103379,Female,0,No,Yes,26-35,Pune,6,Yes,Yes,No,No Internet Service,No Internet Service,No Internet Service,No Internet Service,No Internet Service,No Internet Service,One Year,No,Bank Transfer (Auto),49.37,309.86,2,No
CUST-103380,Male,0,Yes,Yes,18-25,Mumbai,9,No,No Phone Service,Fiber Optic,No,No,Yes,No,No,Yes,One Year,No,Mailed Check,78.76,626.26,1,No
CUST-103381,Female,0,Yes,No,26-35,Chennai,23,Yes,Yes,Fiber Optic,Yes,No,No,No,No,Yes,One Year,Yes,Credit Card (Auto),89.99,2078.18,1,No
CUST-103382,Male,0,Yes,No,18-25,Mumbai,34,Yes,No,DSL,No,Yes,No,No,No,Yes,One Year,No,Bank Transfer (Auto),88.0,3046.27,0,No
CUST-103383,Male,1,No,Yes,26-35,Bangalore,16,Yes,Yes,Fiber Optic,No,No,Yes,Yes,No,Yes,Month-to-Month,Yes,Electronic Check,120.08,1804.59,0,No
CUST-103384,Male,0,No,No,18-25,Bangalore,51,Yes,Yes,No,No Internet Service,No Internet Service,No Internet Service,No Internet Service,No Internet Service,No Internet Service,Month-to-Month,Yes,Electronic Check,51.43,2629.83,1,Yes
CUST-103385,Female,0,No,Yes,18-25,Bangalore,0,Yes,No,DSL,No,No,Yes,Yes,No,Yes,One Year,Yes,Bank Transfer (Auto),84.37,0.0,1,No
CUST-103386,Male,0,Yes,No,18-25,Hyderabad,61,Yes,No,DSL,No,Yes,Yes,No,No,Yes,Month-to-Month,No,Credit Card (Auto),87.85,5422.22,2,No
CUST-103387,Male,1,Yes,No,36-45,Mumbai,5,Yes,No,DSL,No,No,No,No,No,No,Month-to-Month,Yes,Credit Card (Auto),58.22,268.45,1,Yes
CUST-103388,Male,0,No,No,18-25,Delhi,51,Yes,Yes,DSL,No,No,No,No,Yes,No,Month-to-Month,No,Bank Transfer (Auto),77.52,3925.74,2,No
CUST-103389,Female,0,Yes,No,26-35,Mumbai,12,Yes,No,Fiber Optic,No,No,Yes,No,Yes,Yes,Month-to-Month,Yes,Mailed Check,90.95,,3,No
CUST-103390,Female,0,No,Yes,26-35,Chennai,42,Yes,No,DSL,Yes,No,Yes,No,No,Yes,Two Year,Yes,Bank Transfer (Auto),72.66,3006.84,0,No
CUST-103391,Male,0,Yes,No,18-25,Mumbai,26,No,No Phone Service,DSL,No,No,Yes,Yes,Yes,Yes,Month-to-Month,No,Bank Transfer (Auto),89.11,2321.05,1,No
CUST-103392,Female,0,No,No,26-35,Chennai,4,Yes,Yes,No,No Internet Service,No Internet Service,No Internet Service,No Internet Service,No Internet Service,No Internet Service,Month-to-Month,No,Mailed Check,44.33,191.38,3,No
CUST-103393,Female,0,Yes,No,56-65,Ahmedabad,60,Yes,Yes,Fiber Optic,No,No,No,Yes,No,No,One Year,Yes,Mailed Check,92.25,5525.3,2,No
CUST-103394,Male,0,No,Yes,18-25,Kolkata,6,Yes,No,DSL,No,Yes,Yes,Yes,Yes,No,Month-to-Month,Yes,Bank Transfer (Auto),74.12,379.53,2,No
CUST-103395,Male,0,Yes,No,46-55,Bangalore,6,Yes,No,Fiber Optic,Yes,No,No,No,Yes,Yes,Two Year,No,Credit Card (Auto),108.12,605.14,3,No
CUST-103396,Female,1,Yes,No,26-35,Delhi,40,No,No Phone Service,Fiber Optic,No,No,No,No,No,Yes,Month-to-Month,Yes,Credit Card (Auto),89.34,3567.07,0,No
CUST-103397,Male,0,Yes,No,36-45,Ahmedabad,2,No,No Phone Service,DSL,No,No,No,Yes,No,Yes,Two Year,Yes,Electronic Check,87.65,80.6,0,No
CUST-103398,Female,1,Yes,Yes,26-35,Bangalore,6,No,No Phone Service,Fiber Optic,No,No,Yes,Yes,Yes,No,Month-to-Month,Yes,Electronic Check,106.31,642.13,0,Yes
CUST-103399,Female,0,Yes,Yes,18-25,Bangalore,16,Yes,No,DSL,No,No,No,No,No,No,Month-to-Month,No,Credit Card (Auto),76.65,1213.24,0,No
CUST-103400,Female,0,No,No,26-35,Mumbai,42,Yes,Yes,DSL,No,No,No,No,Yes,No,Month-to-Month,Yes,Credit Card (Auto),73.55,3117.71,0,No
CUST-103401,Female,0,No,Yes,26-35,Delhi,3,Yes,No,Fiber Optic,No,No,No,No,Yes,No,Month-to-Month,Yes,Mailed Check,73.06,251.66,1,Yes
CUST-103402,Female,0,No,Yes,26-35,Pune,19,Yes,Yes,DSL,No,Yes,Yes,No,No,Yes,Two Year,Yes,Bank Transfer (Auto),67.66,1229.42,1,No
CUST-103403,Female,0,No,Yes,26-35,Delhi,29,Yes,No,Fiber Optic,Yes,No,No,No,Yes,Yes,Month-to-Month,Yes,Credit Card (Auto),95.8,2752.23,0,No
CUST-103404,Male,0,No,Yes,26-35,Delhi,47,Yes,No,No,No Internet Service,No Internet Service,No Internet Service,No Internet Service,No Internet Service,No Internet Service,One Year,Yes,Credit Card (Auto),51.81,2388.68,1,No
CUST-103405,Male,0,Yes,Yes,36-45,Bangalore,65,Yes,No,Fiber Optic,No,No,Yes,No,No,No,Month-to-Month,No,Credit Card (Auto),70.36,4547.08,0,No
CUST-103406,Female,0,Yes,No,26-35,Ahmedabad,36,Yes,No,Fiber Optic,Yes,Yes,No,Yes,Yes,No,Two Year,Yes,Electronic Check,92.51,3317.76,0,Yes
CUST-103407,Female,0,Yes,Yes,36-45,Hyderabad,25,Yes,Yes,DSL,Yes,Yes,No,No,Yes,No,One Year,Yes,Bank Transfer (Auto),82.94,2129.49,2,No
CUST-103408,Female,0,No,Yes,26-35,Pune,13,Yes,No,No,No Internet Service,No Internet Service,No Internet Service,No Internet Service,No Internet Service,No Internet Service,Month-to-Month,No,Electronic Check,46.17,570.41,1,Yes
CUST-103409,Male,0,Yes,Yes,18-25,Pune,2,Yes,No,No,No Internet Service,No Internet Service,No Internet Service,No Internet Service,No Internet Service,No Internet Service,Month-to-Month,No,Credit Card (Auto),50.11,144.55,2,No
CUST-103410,Female,0,Yes,No,56-65,Ahmedabad,29,Yes,No,Fiber Optic,No,No,Yes,No,No,Yes,One Year,No,Electronic Check,95.39,2779.32,1,No
CUST-103411,Male,1,No,No,18-25,Chennai,72,No,No Phone Service,Fiber Optic,No,Yes,Yes,No,No,No,Month-to-Month,No,Bank Transfer (Auto),109.26,7936.01,1,No
CUST-103412,Female,0,Yes,No,26-35,Mumbai,32,Yes,No,DSL,No,Yes,Yes,Yes,Yes,No,Month-to-Month,Yes,Bank Transfer (Auto),85.61,2721.85,3,Yes
CUST-103413,Female,0,No,Yes,26-35,Delhi,0,Yes,Yes,No,No Internet Service,No Internet Service,No Internet Service,No Internet Service,No Internet Service,No Internet Service,One Year,No,Credit Card (Auto),52.26,0.0,0,No
CUST-103414,Male,0,No,No,26-35,Pune,16,Yes,Yes,Fiber Optic,No,No,No,No,No,Yes,Two Year,No,Bank Transfer (Auto),90.47,1454.72,0,No
CUST-103415,Male,0,Yes,No,26-35,Delhi,22,Yes,Yes,Fiber Optic,No,No,Yes,No,No,Yes,Two Year,Yes,Electronic Check,96.67,2046.38,0,No
CUST-103416,Female,1,Yes,Yes,36-45,Kolkata,28,Yes,Yes,Fiber Optic,No,Yes,No,No,No,Yes,One Year,Yes,Bank Transfer (Auto),91.96,2582.76,1,No
CUST-103417,Female,0,No,No,36-45,Kolkata,30,Yes,No,Fiber Optic,No,No,Yes,No,No,No,Month-to-Month,No,Mailed Check,66.8,2032.29,1,No
CUST-103418,Female,0,No,No,26-35,Bangalore,19,Yes,Yes,DSL,Yes,No,No,No,Yes,No,Two Year,Yes,Electronic Check,82.06,1614.06,1,Yes
CUST-103419,Male,0,Yes,No,18-25,Bangalore,6,Yes,Yes,Fiber Optic,No,No,Yes,Yes,No,No,Month-to-Month,Yes,Credit Card (Auto),92.72,576.62,1,No
CUST-103420,Male,0,No,No,18-25,Mumbai,68,Yes,No,Fiber Optic,No,No,No,No,No,No,Month-to-Month,No,Bank Transfer (Auto),85.41,5800.74,1,No
CUST-103421,Male,1,No,No,36-45,Ahmedabad,28,Yes,No,Fiber Optic,No,No,Yes,No,No,Yes,Two Year,Yes,Bank Transfer (Auto),94.02,2729.61,0,Yes
CUST-103422,Male,0,Yes,Yes,26-35,Hyderabad,6,Yes,No,DSL,No,No,No,No,No,Yes,Month-to-Month,Yes,Mailed Check,84.42,506.05,0,No
CUST-103423,Male,0,Yes,No,18-25,Pune,9,Yes,Yes,Fiber Optic,No,No,No,No,Yes,Yes,Month-to-Month,No,Bank Transfer (Auto),101.65,861.92,2,No
CUST-103424,Male,0,No,Yes,56-65,Mumbai,61,Yes,Yes,DSL,No,No,No,No,No,No,One Year,Yes,Bank Transfer (Auto),65.47,3991.95,1,No
CUST-103425,Female,0,Yes,No,26-35,Hyderabad,52,Yes,No,No,No Internet Service,No Internet Service,No Internet Service,No Internet Service,No Internet Service,No Internet Service,Month-to-Month,No,Bank Transfer (Auto),40.32,2029.43,3,No
CUST-103426,Female,0,No,Yes,26-35,Pune,12,Yes,Yes,Fiber Optic,No,Yes,Yes,No,No,Yes,Month-to-Month,Yes,Credit Card (Auto),98.5,1120.31,1,No
CUST-103427,Male,0,Yes,No,26-35,Chennai,0,Yes,Yes,DSL,No,Yes,No,Yes,No,Yes,Month-to-Month,No,Mailed Check,73.46,12.08,1,No
CUST-103428,Female,0,No,No,26-35,Bangalore,1,No,No Phone Service,No,No Internet Service,No Internet Service,No Internet Service,No Internet Service,No Internet Service,No Internet Service,Month-to-Month,No,Bank Transfer (Auto),40.8,0.0,1,No
CUST-103429,Female,1,No,No,,Chennai,8,Yes,Yes,Fiber Optic,No,No,Yes,Yes,Yes,No,Two Year,Yes,Credit Card (Auto),98.21,754.85,2,No
CUST-103430,Male,0,No,Yes,36-45,Ahmedabad,23,Yes,No,Fiber Optic,Yes,No,No,No,No,Yes,Month-to-Month,No,Mailed Check,94.7,2119.67,2,No
CUST-103431,Female,0,Yes,No,26-35,Chennai,21,Yes,No,Fiber Optic,No,No,No,No,No,No,Month-to-Month,No,Mailed Check,94.89,1999.7,1,Yes
CUST-103432,Male,0,Yes,No,18-25,Hyderabad,24,Yes,Yes,DSL,No,No,Yes,Yes,No,No,Month-to-Month,Yes,Credit Card (Auto),66.83,1568.33,1,No
CUST-103433,Male,1,No,Yes,36-45,Kolkata,30,Yes,Yes,DSL,Yes,No,No,No,Yes,No,One Year,Yes,Electronic Check,70.7,2147.61,2,No
CUST-103434,Female,0,Yes,No,46-55,Hyderabad,0,Yes,Yes,Fiber Optic,No,Yes,No,Yes,No,Yes,One Year,Yes,Electronic Check,106.7,22.57,1,No
CUST-103435,Male,0,Yes,Yes,26-35,Bangalore,2,No,No Phone Service,No,No Internet Service,No Internet Service,No Internet Service,No Internet Service,No Internet Service,No Internet Service,Month-to-Month,No,Mailed Check,50.99,36.76,1,No
CUST-103436,Male,0,No,No,56-65,Hyderabad,10,Yes,No,DSL,No,Yes,Yes,No,No,No,Month-to-Month,Yes,Electronic Check,71.69,762.94,2,No
CUST-103437,Male,0,Yes,Yes,26-35,Bangalore,4,Yes,No,Fiber Optic,No,Yes,No,No,No,No,One Year,Yes,Credit Card (Auto),96.75,378.42,3,No
CUST-103438,Male,0,Yes,Yes,18-25,Mumbai,1,Yes,No,DSL,No,Yes,No,No,Yes,No,Month-to-Month,No,Electronic Check,86.07,24.85,1,Yes
CUST-103439,Male,0,Yes,No,26-35,Bangalore,24,Yes,Yes,Fiber Optic,No,No,No,No,No,Yes,Month-to-Month,Yes,Electronic Check,75.85,1839.05,1,No
CUST-103440,Male,0,No,No,26-35,Pune,40,Yes,Yes,DSL,Yes,Yes,No,No,No,Yes,Month-to-Month,Yes,Credit Card (Auto),76.14,3133.63,4,No
CUST-103441,Male,0,No,Yes,18-25,Hyderabad,33,Yes,No,Fiber Optic,No,Yes,Yes,Yes,Yes,No,Month-to-Month,Yes,Electronic Check,100.11,3293.81,1,Yes
CUST-103442,Male,0,Yes,No,26-35,Kolkata,40,Yes,No,DSL,Yes,No,Yes,No,Yes,Yes,Two Year,Yes,Bank Transfer (Auto),111.83,4390.79,3,No
CUST-103443,Female,1,Yes,Yes,36-45,Delhi,26,Yes,Yes,Fiber Optic,Yes,No,No,No,No,Yes,Two Year,Yes,Credit Card (Auto),97.17,2572.56,2,No
CUST-103444,Female,1,Yes,Yes,18-25,Delhi,31,Yes,No,DSL,Yes,No,Yes,No,No,No,One Year,No,Credit Card (Auto),67.44,2169.41,1,No
CUST-103445,Female,0,No,No,36-45,Chennai,7,Yes,Yes,Fiber Optic,Yes,Yes,Yes,No,No,No,Two Year,No,Credit Card (Auto),91.58,587.05,1,No
CUST-103446,Male,0,Yes,Yes,18-25,Kolkata,72,Yes,Yes,DSL,Yes,No,No,Yes,No,Yes,One Year,Yes,Electronic Check,62.09,,1,No
CUST-103447,Male,0,No,No,18-25,Chennai,4,Yes,Yes,Fiber Optic,No,No,Yes,No,No,Yes,Two Year,Yes,Electronic Check,95.01,381.81,0,No
CUST-103448,Female,0,Yes,No,36-45,Bangalore,5,Yes,No,Fiber Optic,Yes,Yes,No,No,No,Yes,Month-to-Month,Yes,Electronic Check,100.55,406.05,0,No
CUST-103449,Female,0,No,No,18-25,Kolkata,8,Yes,No,Fiber Optic,Yes,No,No,No,Yes,Yes,Month-to-Month,Yes,Electronic Check,101.27,914.24,2,Yes
CUST-103450,Female,0,Yes,No,18-25,Chennai,72,Yes,No,Fiber Optic,No,Yes,Yes,No,Yes,No,One Year,No,Mailed Check,86.47,6223.3,0,No
CUST-103451,Male,0,No,Yes,36-45,Kolkata,72,No,No Phone Service,DSL,No,No,No,No,No,No,One Year,Yes,Mailed Check,71.97,5183.9,0,No
CUST-103452,Female,0,Yes,No,18-25,Kolkata,38,Yes,No,No,No Internet Service,No Internet Service,No Internet Service,No Internet Service,No Internet Service,No Internet Service,Month-to-Month,No,Bank Transfer (Auto),46.59,1788.29,1,No
CUST-103453,Female,0,Yes,No,46-55,Hyderabad,23,Yes,Yes,DSL,Yes,Yes,No,No,No,No,Month-to-Month,No,Electronic Check,65.52,1494.05,1,No
CUST-103454,Male,0,No,Yes,18-25,Hyderabad,17,No,No Phone Service,No,No Internet Service,No Internet Service,No Internet Service,No Internet Service,No Internet Service,No Internet Service,Month-to-Month,Yes,Mailed Check,56.67,937.62,0,No
CUST-103455,Female,0,No,No,18-25,Chennai,72,Yes,Yes,Fiber Optic,No,No,No,Yes,No,No,Month-to-Month,No,Electronic Check,77.3,5518.53,3,No
CUST-103456,Male,0,Yes,No,46-55,Ahmedabad,28,Yes,No,Fiber Optic,No,No,No,Yes,Yes,Yes,Month-to-Month,No,Electronic Check,100.96,2767.97,3,No
CUST-103457,Male,0,No,No,18-25,Pune,69,Yes,No,DSL,No,No,No,No,No,Yes,Month-to-Month,No,Bank Transfer (Auto),64.21,4450.81,1,No
CUST-103458,Male,0,No,No,26-35,Mumbai,9,Yes,Yes,No,No Internet Service,No Internet Service,No Internet Service,No Internet Service,No Internet Service,No Internet Service,Two Year,Yes,Bank Transfer (Auto),52.38,539.05,1,No
CUST-103459,Female,0,No,Yes,18-25,Bangalore,9,Yes,Yes,DSL,No,Yes,No,No,No,Yes,One Year,Yes,Credit Card (Auto),91.25,868.75,3,No
CUST-103460,Female,0,Yes,No,26-35,Kolkata,46,Yes,No,Fiber Optic,No,Yes,No,Yes,Yes,Yes,Two Year,No,Credit Card (Auto),102.4,4695.94,1,No
CUST-103461,Male,1,No,No,36-45,Mumbai,3,Yes,Yes,Fiber Optic,Yes,No,Yes,No,No,No,Two Year,Yes,Bank Transfer (Auto),96.32,279.33,2,No
CUST-103462,Female,0,No,No,46-55,Chennai,70,Yes,No,Fiber Optic,No,No,No,No,No,Yes,Month-to-Month,Yes,Bank Transfer (Auto),89.12,6319.31,1,No
CUST-103463,Female,0,Yes,Yes,26-35,Ahmedabad,16,Yes,No,Fiber Optic,Yes,Yes,Yes,Yes,No,No,Month-to-Month,Yes,Electronic Check,98.69,1539.1,1,No
CUST-103464,Female,0,No,No,18-25,Bangalore,62,Yes,No,DSL,No,Yes,Yes,No,No,No,Month-to-Month,Yes,Electronic Check,63.31,3841.8,3,Yes
CUST-103465,Female,1,Yes,No,18-25,Pune,9,Yes,No,Fiber Optic,No,No,No,No,No,No,Two Year,Yes,Credit Card (Auto),78.58,719.79,1,No
CUST-103466,Male,1,Yes,No,18-25,Bangalore,30,Yes,No,No,No Internet Service,No Internet Service,No Internet Service,No Internet Service,No Internet Service,No Internet Service,Month-to-Month,Yes,Electronic Check,28.34,892.83,1,No
CUST-103467,Female,0,No,No,26-35,Chennai,15,Yes,Yes,No,No Internet Service,No Internet Service,No Internet Service,No Internet Service,No Internet Service,No Internet Service,One Year,Yes,Mailed Check,47.46,587.5,2,No
CUST-103468,Male,1,No,No,36-45,Ahmedabad,23,No,No Phone Service,No,No Internet Service,No Internet Service,No Internet Service,No Internet Service,No Internet Service,No Internet Service,Month-to-Month,Yes,Electronic Check,51.47,1203.72,1,No
CUST-103469,Male,0,Yes,No,18-25,Bangalore,16,Yes,Yes,No,No Internet Service,No Internet Service,No Internet Service,No Internet Service,No Internet Service,No Internet Service,Two Year,Yes,Electronic Check,44.42,654.3,1,No
CUST-103470,Female,0,Yes,No,18-25,Ahmedabad,72,Yes,No,Fiber Optic,Yes,Yes,Yes,No,No,No,Month-to-Month,Yes,Credit Card (Auto),93.94,6692.75,3,Yes
CUST-103471,Male,0,No,Yes,18-25,Bangalore,28,Yes,No,No,No Internet Service,No Internet Service,No Internet Service,No Internet Service,No Internet Service,No Internet Service,Two Year,Yes,Electronic Check,42.18,1166.58,2,No
CUST-103472,Female,0,Yes,No,26-35,Bangalore,6,Yes,Yes,Fiber Optic,No,No,Yes,No,No,Yes,Month-to-Month,Yes,Mailed Check,76.97,404.08,1,Yes
CUST-103473,Female,1,No,No,18-25,Pune,57,Yes,No,No,No Internet Service,No Internet Service,No Internet Service,No Internet Service,No Internet Service,No Internet Service,Month-to-Month,Yes,Electronic Check,31.15,1687.05,3,No
CUST-103474,Male,0,No,No,26-35,Bangalore,8,No,No Phone Service,Fiber Optic,No,No,Yes,No,No,Yes,One Year,Yes,Bank Transfer (Auto),92.31,743.89,0,No
CUST-103475,Male,1,Yes,No,18-25,Bangalore,11,Yes,No,DSL,No,No,Yes,No,No,No,Two Year,Yes,Bank Transfer (Auto),91.59,1005.27,1,Yes
CUST-103476,Male,0,No,No,36-45,Delhi,2,Yes,Yes,Fiber Optic,No,Yes,No,No,No,No,Month-to-Month,No,Mailed Check,88.42,90.94,0,Yes
CUST-103477,Male,0,No,No,26-35,Mumbai,55,Yes,No,Fiber Optic,No,No,No,Yes,No,No,Two Year,Yes,Credit Card (Auto),91.52,4963.25,1,No
CUST-103478,Female,0,Yes,Yes,26-35,Kolkata,8,Yes,Yes,No,No Internet Service,No Internet Service,No Internet Service,No Internet Service,No Internet Service,No Internet Service,One Year,No,Electronic Check,42.07,359.81,1,No
CUST-103479,Female,0,No,Yes,18-25,Hyderabad,7,Yes,No,No,No Internet Service,No Internet Service,No Internet Service,No Internet Service,No Internet Service,No Internet Service,One Year,No,Bank Transfer (Auto),39.1,300.12,1,No
CUST-103480,Female,0,No,No,56-65,Chennai,60,Yes,Yes,DSL,No,No,Yes,Yes,No,No,Month-to-Month,Yes,Bank Transfer (Auto),81.84,4778.09,1,No
CUST-103481,Male,0,No,No,56-65,Hyderabad,39,Yes,Yes,DSL,Yes,Yes,No,No,No,No,Month-to-Month,Yes,Credit Card (Auto),72.65,2770.17,5,No
CUST-103482,Male,1,No,No,36-45,Bangalore,3,Yes,No,DSL,No,Yes,Yes,No,Yes,Yes,Month-to-Month,No,Electronic Check,94.98,280.81,1,Yes
CUST-103483,Male,0,Yes,No,18-25,Bangalore,35,Yes,No,Fiber Optic,No,Yes,No,Yes,Yes,No,Two Year,No,Electronic Check,101.71,3581.01,1,No
CUST-103484,Female,0,Yes,No,36-45,Mumbai,58,Yes,No,DSL,Yes,No,Yes,No,No,No,Two Year,Yes,Electronic Check,70.01,4081.12,0,No
CUST-103485,Male,0,Yes,No,36-45,Chennai,1,Yes,No,DSL,No,No,No,No,Yes,No,One Year,Yes,Electronic Check,70.0,100.15,0,No
CUST-103486,Female,0,Yes,No,18-25,Hyderabad,41,Yes,No,DSL,No,No,No,Yes,No,No,Month-to-Month,No,Electronic Check,49.96,2012.34,1,No
CUST-103487,Male,1,Yes,No,18-25,Mumbai,19,Yes,No,No,No Internet Service,No Internet Service,No Internet Service,No Internet Service,No Internet Service,No Internet Service,Month-to-Month,Yes,Electronic Check,36.07,694.22,1,Yes
CUST-103488,Female,0,No,No,18-25,Chennai,26,Yes,No,DSL,No,No,No,No,No,Yes,Two Year,Yes,Mailed Check,71.72,1845.03,0,No
CUST-103489,Female,0,No,No,46-55,Delhi,16,Yes,No,Fiber Optic,Yes,No,No,No,No,No,Month-to-Month,Yes,Credit Card (Auto),81.26,1272.14,2,No
CUST-103490,Male,0,No,No,18-25,Mumbai,28,Yes,No,No,No Internet Service,No Internet Service,No Internet Service,No Internet Service,No Internet Service,No Internet Service,Two Year,Yes,Electronic Check,57.16,1524.9,2,No
CUST-103491,Male,0,No,No,36-45,Ahmedabad,0,No,No Phone Service,No,No Internet Service,No Internet Service,No Internet Service,No Internet Service,No Internet Service,No Internet Service,Month-to-Month,No,Credit Card (Auto),30.4,14.87,1,No
CUST-103492,Female,0,No,No,18-25,Mumbai,34,No,No Phone Service,No,No Internet Service,No Internet Service,No Internet Service,No Internet Service,No Internet Service,No Internet Service,Month-to-Month,No,Credit Card (Auto),51.98,1684.86,2,Yes
CUST-103493,Female,0,No,No,36-45,Pune,0,Yes,No,DSL,No,No,No,No,No,No,Two Year,No,Credit Card (Auto),66.81,0.0,2,No
CUST-103494,Male,0,No,No,46-55,Chennai,14,No,No Phone Service,Fiber Optic,No,Yes,No,Yes,Yes,No,Month-to-Month,Yes,Credit Card (Auto),82.61,1190.86,2,No
CUST-103495,Male,0,Yes,Yes,36-45,Hyderabad,3,Yes,No,Fiber Optic,No,No,No,No,No,No,Month-to-Month,No,Bank Transfer (Auto),92.38,268.84,2,No
CUST-103496,Female,0,No,No,26-35,Mumbai,41,Yes,Yes,Fiber Optic,No,No,Yes,No,No,Yes,Two Year,Yes,Credit Card (Auto),79.95,3330.53,3,No
CUST-103497,Male,0,No,No,18-25,Delhi,9,Yes,Yes,DSL,No,No,Yes,No,No,No,One Year,No,Mailed Check,73.0,640.18,1,No
CUST-103498,Female,0,Yes,No,18-25,Delhi,14,Yes,No,Fiber Optic,No,No,No,No,Yes,No,One Year,Yes,Mailed Check,84.27,1152.01,0,No
CUST-103499,Female,0,No,No,36-45,Ahmedabad,13,Yes,No,DSL,Yes,No,No,No,No,No,One Year,No,Credit Card (Auto),62.6,871.15,2,No
CUST-103500,Male,0,No,Yes,18-25,Mumbai,35,No,No Phone Service,No,No Internet Service,No Internet Service,No Internet Service,No Internet Service,No Internet Service,No Internet Service,Month-to-Month,No,Mailed Check,60.75,2106.24,1,No
CUST-103501,Male,0,Yes,Yes,65+,Mumbai,15,Yes,No,No,No Internet Service,No Internet Service,No Internet Service,No Internet Service,No Internet Service,No Internet Service,Month-to-Month,No,Electronic Check,45.25,692.81,1,No
CUST-103502,Male,1,No,No,65+,Delhi,37,Yes,Yes,Fiber Optic,No,No,Yes,Yes,No,No,Month-to-Month,No,Bank Transfer (Auto),101.85,3760.33,2,No
CUST-103503,Male,0,Yes,Yes,18-25,Pune,1,Yes,Yes,Fiber Optic,No,No,No,Yes,No,No,Month-to-Month,Yes,Bank Transfer (Auto),84.39,90.4,2,No
CUST-103504,Male,0,Yes,No,18-25,Kolkata,5,Yes,Yes,No,No Internet Service,No Internet Service,No Internet Service,No Internet Service,No Internet Service,No Internet Service,Month-to-Month,No,Credit Card (Auto),40.44,191.13,0,No
CUST-103505,Female,1,No,Yes,36-45,Pune,19,No,No Phone Service,DSL,No,No,No,No,No,No,One Year,No,Electronic Check,50.59,1005.11,0,No
CUST-103506,Female,0,No,No,18-25,Bangalore,70,Yes,No,No,No Internet Service,No Internet Service,No Internet Service,No Internet Service,No Internet Service,No Internet Service,Month-to-Month,Yes,Bank Transfer (Auto),43.23,3029.5,1,No
CUST-103507,Male,0,No,Yes,36-45,Pune,1,Yes,No,No,No Internet Service,No Internet Service,No Internet Service,No Internet Service,No Internet Service,No Internet Service,One Year,Yes,Electronic Check,42.96,26.35,0,No
CUST-103508,Male,0,No,No,18-25,Chennai,1,Yes,Yes,DSL,No,Yes,No,No,Yes,No,Month-to-Month,Yes,Credit Card (Auto),90.83,103.53,2,Yes
CUST-103509,Male,0,Yes,No,18-25,Ahmedabad,4,Yes,Yes,Fiber Optic,Yes,No,No,No,No,No,Month-to-Month,No,Electronic Check,84.89,262.16,2,Yes
CUST-103510,Female,0,No,Yes,26-35,Bangalore,24,Yes,No,DSL,No,Yes,No,Yes,No,Yes,Month-to-Month,Yes,Credit Card (Auto),80.1,1973.03,1,No
CUST-103511,Male,0,No,No,18-25,Delhi,12,Yes,No,DSL,No,No,No,No,No,No,Two Year,No,Electronic Check,73.44,805.95,2,No
CUST-103512,Male,1,No,No,65+,Mumbai,41,Yes,Yes,Fiber Optic,Yes,No,No,No,No,No,Month-to-Month,Yes,Electronic Check,90.58,3680.59,0,No
CUST-103513,Female,0,Yes,No,18-25,Chennai,1,No,No Phone Service,DSL,No,Yes,No,No,Yes,No,One Year,Yes,Electronic Check,61.31,38.68,0,No
CUST-103514,Female,0,No,Yes,56-65,Ahmedabad,5,Yes,No,No,No Internet Service,No Internet Service,No Internet Service,No Internet Service,No Internet Service,No Internet Service,One Year,Yes,Electronic Check,39.1,207.97,2,No
CUST-103515,Male,0,No,No,18-25,Pune,8,Yes,Yes,Fiber Optic,No,No,No,No,No,No,Month-to-Month,Yes,Bank Transfer (Auto),76.09,689.73,1,No
CUST-103516,Male,0,No,No,26-35,Pune,23,Yes,No,No,No Internet Service,No Internet Service,No Internet Service,No Internet Service,No Internet Service,No Internet Service,Month-to-Month,Yes,Electronic Check,46.56,1122.44,0,Yes
CUST-103517,Male,0,No,No,,Hyderabad,27,Yes,Yes,DSL,No,No,No,No,No,No,Two Year,No,Mailed Check,51.72,1322.83,1,No
CUST-103518,Female,0,Yes,No,18-25,Delhi,3,Yes,No,No,No Internet Service,No Internet Service,No Internet Service,No Internet Service,No Internet Service,No Internet Service,Month-to-Month,Yes,Electronic Check,49.52,104.27,0,Yes
CUST-103519,Male,0,No,No,26-35,Delhi,69,Yes,No,Fiber Optic,No,No,No,No,No,No,Month-to-Month,Yes,Credit Card (Auto),74.62,5078.81,1,No
CUST-103520,Male,0,No,No,18-25,Delhi,10,Yes,Yes,Fiber Optic,Yes,No,No,No,No,No,One Year,No,Electronic Check,82.23,757.3,2,Yes
CUST-103521,Male,1,Yes,No,18-25,Chennai,29,No,No Phone Service,Fiber Optic,No,No,No,No,Yes,Yes,One Year,Yes,Mailed Check,95.48,2739.41,1,No
CUST-103522,Female,1,No,Yes,18-25,Kolkata,17,Yes,No,Fiber Optic,No,No,Yes,No,No,Yes,Month-to-Month,No,Bank Transfer (Auto),90.31,1600.76,1,No
CUST-103523,Female,0,No,No,36-45,Mumbai,6,Yes,Yes,Fiber Optic,No,No,Yes,No,Yes,No,Month-to-Month,No,Credit Card (Auto),99.96,587.48,2,Yes
CUST-103524,Male,0,Yes,No,26-35,Mumbai,44,No,No Phone Service,No,No Internet Service,No Internet Service,No Internet Service,No Internet Service,No Internet Service,No Internet Service,Month-to-Month,No,Credit Card (Auto),44.49,1951.77,1,No
CUST-103525,Male,0,No,No,26-35,Hyderabad,40,Yes,Yes,Fiber Optic,No,No,No,No,Yes,No,Month-to-Month,No,Credit Card (Auto),88.92,3568.24,1,Yes
CUST-103526,Female,1,Yes,No,18-25,Kolkata,12,Yes,No,No,No Internet Service,No Internet Service,No Internet Service,No Internet Service,No Internet Service,No Internet Service,Month-to-Month,Yes,Electronic Check,38.25,412.02,1,Yes
CUST-103527,Female,0,Yes,No,18-25,Ahmedabad,21,Yes,No,DSL,No,No,No,Yes,No,No,Month-to-Month,No,Credit Card (Auto),66.3,1388.76,1,No
CUST-103528,Female,0,No,Yes,26-35,Hyderabad,7,No,No Phone Service,Fiber Optic,Yes,Yes,No,No,Yes,No,Month-to-Month,No,Credit Card (Auto),112.65,800.89,0,Yes
CUST-103529,Female,0,Yes,No,18-25,Delhi,28,Yes,No,DSL,No,No,No,No,Yes,Yes,Two Year,No,Credit Card (Auto),74.16,2199.44,1,No
CUST-103530,Female,0,Yes,No,26-35,Pune,8,Yes,No,No,No Internet Service,No Internet Service,No Internet Service,No Internet Service,No Internet Service,No Internet Service,One Year,No,Electronic Check,47.48,426.04,1,No
CUST-103531,Female,0,Yes,Yes,18-25,Delhi,44,Yes,No,DSL,Yes,No,Yes,No,Yes,No,Two Year,Yes,Credit Card (Auto),94.45,4238.1,2,No
CUST-103532,Female,0,Yes,No,26-35,Kolkata,5,Yes,No,Fiber Optic,No,No,No,No,No,No,Month-to-Month,No,Mailed Check,83.78,420.35,1,No
CUST-103533,Female,0,No,No,36-45,Kolkata,0,No,No Phone Service,No,No Internet Service,No Internet Service,No Internet Service,No Internet Service,No Internet Service,No Internet Service,Month-to-Month,Yes,Bank Transfer (Auto),54.04,26.42,2,No
CUST-103534,Female,0,No,No,46-55,Bangalore,7,Yes,No,Fiber Optic,No,No,No,No,Yes,No,Month-to-Month,Yes,Mailed Check,82.52,,0,No
CUST-103535,Male,0,No,No,26-35,Delhi,5,Yes,No,DSL,No,No,No,No,Yes,Yes,Two Year,Yes,Mailed Check,78.71,304.12,1,No
CUST-103536,Male,0,No,No,26-35,Mumbai,17,Yes,No,DSL,Yes,No,Yes,No,Yes,Yes,Month-to-Month,Yes,Bank Transfer (Auto),83.43,1295.19,2,Yes
CUST-103537,Male,1,Yes,No,26-35,Chennai,5,Yes,Yes,Fiber Optic,Yes,No,Yes,Yes,Yes,No,Month-to-Month,No,Mailed Check,109.06,489.06,3,No
CUST-103538,Female,0,No,No,26-35,Ahmedabad,34,Yes,No,Fiber Optic,No,No,Yes,Yes,No,Yes,Month-to-Month,Yes,Credit Card (Auto),95.58,3311.89,3,No
CUST-103539,Male,1,No,No,18-25,Bangalore,6,Yes,Yes,No,No Internet Service,No Internet Service,No Internet Service,No Internet Service,No Internet Service,No Internet Service,Month-to-Month,Yes,Bank Transfer (Auto),51.91,291.71,1,No
CUST-103540,Female,0,No,Yes,36-45,Delhi,29,Yes,No,No,No Internet Service,No Internet Service,No Internet Service,No Internet Service,No Internet Service,No Internet Service,Month-to-Month,Yes,Bank Transfer (Auto),31.89,963.73,1,No
CUST-103541,Female,0,No,No,18-25,Kolkata,20,No,No Phone Service,DSL,Yes,No,No,Yes,Yes,No,Month-to-Month,Yes,Electronic Check,87.39,1813.03,0,No
CUST-103542,Male,0,No,Yes,26-35,Pune,72,Yes,Yes,Fiber Optic,No,No,Yes,Yes,Yes,No,Month-to-Month,No,Credit Card (Auto),95.82,6834.88,0,No
CUST-103543,Female,0,No,No,26-35,Mumbai,72,Yes,Yes,Fiber Optic,Yes,No,No,No,Yes,No,One Year,No,Bank Transfer (Auto),99.56,7242.11,1,No
CUST-103544,Male,0,Yes,No,18-25,Delhi,48,Yes,No,Fiber Optic,Yes,No,No,No,Yes,No,Month-to-Month,No,Electronic Check,103.75,,1,Yes
CUST-103545,Male,0,No,No,18-25,Bangalore,34,Yes,Yes,DSL,No,No,Yes,Yes,Yes,No,One Year,No,Bank Transfer (Auto),75.61,2560.42,1,No
CUST-103546,Male,0,Yes,No,26-35,Delhi,11,Yes,No,Fiber Optic,No,No,Yes,Yes,No,No,Month-to-Month,Yes,Electronic Check,107.7,1130.71,2,No
CUST-103547,Female,0,Yes,Yes,18-25,Kolkata,33,Yes,Yes,Fiber Optic,No,No,No,Yes,No,No,Month-to-Month,No,Electronic Check,89.3,2958.75,3,No
CUST-103548,Male,0,Yes,No,36-45,Delhi,72,No,No Phone Service,DSL,No,No,No,No,No,Yes,Month-to-Month,No,Mailed Check,76.09,5470.39,2,No
CUST-103549,Female,1,Yes,No,26-35,Pune,0,No,No Phone Service,DSL,No,Yes,No,No,Yes,No,Month-to-Month,Yes,Bank Transfer (Auto),82.45,39.85,1,Yes
CUST-103550,Male,0,Yes,No,26-35,Pune,18,Yes,Yes,No,No Internet Service,No Internet Service,No Internet Service,No Internet Service,No Internet Service,No Internet Service,Month-to-Month,Yes,Electronic Check,46.4,885.18,2,No
CUST-103551,Male,1,Yes,No,18-25,Mumbai,5,Yes,No,DSL,No,No,No,No,Yes,No,Month-to-Month,Yes,Mailed Check,65.37,405.86,1,Yes
CUST-103552,Male,0,No,No,26-35,Delhi,19,No,No Phone Service,DSL,No,No,No,No,Yes,No,One Year,Yes,Credit Card (Auto),64.52,1263.47,3,No
CUST-103553,Female,0,No,No,26-35,Hyderabad,15,Yes,Yes,Fiber Optic,No,Yes,No,No,Yes,No,Month-to-Month,Yes,Electronic Check,100.72,1551.54,1,Yes
CUST-103554,Female,1,No,No,36-45,Delhi,20,Yes,No,DSL,No,No,Yes,No,No,Yes,Month-to-Month,Yes,Electronic Check,82.4,1625.59,1,Yes
CUST-103555,Female,0,Yes,No,26-35,Kolkata,19,Yes,No,DSL,No,No,Yes,No,Yes,No,Month-to-Month,Yes,Credit Card (Auto),77.75,1468.35,1,No
CUST-103556,Male,0,No,No,26-35,Mumbai,72,Yes,No,DSL,No,No,Yes,Yes,Yes,Yes,Month-to-Month,Yes,Electronic Check,77.49,5594.98,0,No
CUST-103557,Male,0,No,No,18-25,Delhi,19,Yes,No,Fiber Optic,No,No,Yes,Yes,No,Yes,Month-to-Month,Yes,Bank Transfer (Auto),107.79,1985.97,0,No
CUST-103558,Female,1,Yes,No,65+,Hyderabad,44,No,No Phone Service,DSL,No,No,Yes,No,No,Yes,Two Year,Yes,Electronic Check,74.5,3334.16,2,No
CUST-103559,Female,0,No,Yes,46-55,Mumbai,9,No,No Phone Service,No,No Internet Service,No Internet Service,No Internet Service,No Internet Service,No Internet Service,No Internet Service,Month-to-Month,No,Bank Transfer (Auto),51.71,458.7,2,No
CUST-103560,Female,0,No,No,18-25,Ahmedabad,13,Yes,No,DSL,No,No,Yes,No,Yes,No,Month-to-Month,Yes,Mailed Check,65.84,865.64,0,No
CUST-103561,Female,0,Yes,Yes,46-55,Hyderabad,15,No,No Phone Service,DSL,Yes,Yes,Yes,Yes,No,Yes,One Year,No,Credit Card (Auto),89.65,1268.84,3,No
CUST-103562,Female,0,No,Yes,18-25,Chennai,7,No,No Phone Service,No,No Internet Service,No Internet Service,No Internet Service,No Internet Service,No Internet Service,No Internet Service,One Year,No,Mailed Check,58.26,389.63,5,No
CUST-103563,Female,0,No,Yes,18-25,Delhi,11,Yes,No,Fiber Optic,No,No,No,No,No,Yes,Two Year,No,Bank Transfer (Auto),92.79,1063.82,1,No
CUST-103564,Male,0,Yes,Yes,18-25,Ahmedabad,21,Yes,Yes,DSL,Yes,No,Yes,No,No,No,Two Year,Yes,Credit Card (Auto),81.69,1736.46,0,No
CUST-103565,Female,0,Yes,No,46-55,Bangalore,20,Yes,No,No,No Internet Service,No Internet Service,No Internet Service,No Internet Service,No Internet Service,No Internet Service,One Year,No,Credit Card (Auto),45.04,942.28,0,No
CUST-103566,Male,0,Yes,Yes,46-55,Mumbai,24,Yes,Yes,Fiber Optic,No,Yes,No,No,No,Yes,Two Year,Yes,Electronic Check,84.47,2010.41,1,No
CUST-103567,Male,0,Yes,Yes,56-65,Bangalore,10,Yes,Yes,Fiber Optic,No,No,No,No,No,No,Month-to-Month,Yes,Credit Card (Auto),88.9,895.45,0,No
CUST-103568,Female,0,No,Yes,36-45,Mumbai,9,Yes,No,DSL,Yes,No,No,No,No,Yes,One Year,No,Mailed Check,75.78,676.83,1,Yes
CUST-103569,Female,0,No,Yes,18-25,Ahmedabad,22,No,No Phone Service,Fiber Optic,No,No,Yes,No,No,No,Two Year,Yes,Bank Transfer (Auto),64.59,1454.2,0,No
CUST-103570,Male,1,Yes,Yes,18-25,Hyderabad,3,No,No Phone Service,DSL,No,No,No,No,No,No,One Year,Yes,Mailed Check,47.98,156.98,1,No
CUST-103571,Female,0,No,No,46-55,Chennai,7,Yes,Yes,Fiber Optic,Yes,Yes,Yes,Yes,Yes,No,Two Year,No,Mailed Check,113.2,773.26,0,No
CUST-103572,Female,0,Yes,No,26-35,Hyderabad,1,Yes,Yes,DSL,No,No,Yes,No,No,Yes,Month-to-Month,Yes,Electronic Check,68.39,0.0,1,Yes
CUST-103573,Male,0,Yes,No,18-25,Delhi,1,Yes,Yes,DSL,Yes,No,Yes,No,No,No,Month-to-Month,Yes,Bank Transfer (Auto),70.56,79.09,2,Yes
CUST-103574,Male,0,Yes,No,18-25,Delhi,6,Yes,No,Fiber Optic,No,Yes,No,No,No,No,Two Year,No,Bank Transfer (Auto),86.11,432.76,4,Yes
CUST-103575,Male,0,No,Yes,18-25,Ahmedabad,0,Yes,No,Fiber Optic,No,Yes,No,No,Yes,No,Month-to-Month,No,Electronic Check,95.86,34.46,0,Yes
CUST-103576,Female,0,Yes,Yes,18-25,Bangalore,6,Yes,No,Fiber Optic,No,Yes,No,No,Yes,Yes,One Year,Yes,Bank Transfer (Auto),111.87,712.82,2,No
CUST-103577,Male,0,Yes,Yes,26-35,Mumbai,25,Yes,No,Fiber Optic,No,Yes,No,Yes,No,Yes,Month-to-Month,Yes,Credit Card (Auto),91.64,2176.78,1,No
CUST-103578,Female,0,Yes,No,18-25,Hyderabad,1,Yes,No,DSL,Yes,No,No,No,Yes,No,One Year,Yes,Bank Transfer (Auto),83.1,98.08,0,No
CUST-103579,Male,0,No,Yes,18-25,Delhi,13,No,No Phone Service,Fiber Optic,No,No,Yes,No,No,No,Two Year,No,Mailed Check,80.55,1060.9,2,No
CUST-103580,Male,0,No,No,26-35,Pune,58,Yes,No,No,No Internet Service,No Internet Service,No Internet Service,No Internet Service,No Internet Service,No Internet Service,Month-to-Month,Yes,Credit Card (Auto),41.06,2400.28,1,No
CUST-103581,Male,1,Yes,Yes,36-45,Bangalore,37,Yes,No,DSL,No,No,No,No,Yes,Yes,Month-to-Month,No,Bank Transfer (Auto),72.98,2638.65,3,No
CUST-103582,Female,0,Yes,Yes,18-25,Ahmedabad,8,Yes,Yes,Fiber Optic,No,No,No,Yes,No,No,Month-to-Month,No,Electronic Check,90.56,748.32,0,Yes
CUST-103583,Female,0,No,No,18-25,Bangalore,62,Yes,No,Fiber Optic,No,No,Yes,No,Yes,Yes,Two Year,No,Bank Transfer (Auto),91.23,5593.3,1,No
CUST-103584,Male,0,No,No,26-35,Chennai,9,Yes,Yes,Fiber Optic,No,No,No,No,Yes,Yes,One Year,Yes,Electronic Check,99.38,928.93,1,No
CUST-103585,Male,0,Yes,No,26-35,Kolkata,1,Yes,Yes,DSL,No,Yes,Yes,Yes,No,No,Month-to-Month,No,Bank Transfer (Auto),95.23,116.92,1,No
CUST-103586,Male,0,No,No,18-25,Kolkata,72,Yes,Yes,Fiber Optic,No,Yes,No,No,Yes,No,Month-to-Month,Yes,Credit Card (Auto),114.66,8239.02,0,No
CUST-103587,Female,0,No,No,18-25,Hyderabad,48,Yes,No,Fiber Optic,Yes,No,No,No,No,Yes,Two Year,Yes,Mailed Check,94.58,4561.08,1,No
CUST-103588,Male,0,Yes,No,26-35,Pune,15,Yes,No,Fiber Optic,Yes,No,No,Yes,No,No,Two Year,Yes,Mailed Check,92.35,1337.9,1,No
CUST-103589,Female,0,No,No,36-45,Delhi,26,Yes,No,No,No Internet Service,No Internet Service,No Internet Service,No Internet Service,No Internet Service,No Internet Service,Month-to-Month,No,Mailed Check,45.23,1148.05,2,Yes
CUST-103590,Male,0,No,Yes,18-25,Chennai,26,Yes,No,DSL,No,No,No,No,No,No,Month-to-Month,No,Electronic Check,53.19,1441.14,1,No
CUST-103591,Male,0,No,No,26-35,Mumbai,5,Yes,No,No,No Internet Service,No Internet Service,No Internet Service,No Internet Service,No Internet Service,No Internet Service,One Year,No,Credit Card (Auto),38.5,248.73,1,No
CUST-103592,Male,0,Yes,No,26-35,Bangalore,5,Yes,Yes,Fiber Optic,Yes,No,No,No,Yes,No,Month-to-Month,No,Bank Transfer (Auto),96.25,426.37,6,No
CUST-103593,Male,0,Yes,No,26-35,Bangalore,15,Yes,No,Fiber Optic,No,No,No,Yes,Yes,Yes,Two Year,Yes,Electronic Check,75.6,1103.04,0,Yes
CUST-103594,Male,0,Yes,No,36-45,Kolkata,58,Yes,No,Fiber Optic,No,Yes,No,No,Yes,No,Month-to-Month,Yes,Credit Card (Auto),87.65,5055.93,1,No
CUST-103595,Male,0,Yes,No,18-25,Hyderabad,0,No,No Phone Service,No,No Internet Service,No Internet Service,No Internet Service,No Internet Service,No Internet Service,No Internet Service,One Year,No,Electronic Check,39.83,3.1,0,No
CUST-103596,Female,0,No,No,46-55,Pune,36,Yes,No,Fiber Optic,No,No,No,No,No,No,Month-to-Month,No,Credit Card (Auto),85.72,3079.22,1,No
CUST-103597,Male,1,No,No,18-25,Hyderabad,1,Yes,No,DSL,Yes,Yes,No,No,No,Yes,Two Year,Yes,Mailed Check,86.04,150.63,2,Yes
CUST-103598,Female,0,No,No,18-25,Bangalore,15,Yes,No,Fiber Optic,No,Yes,No,Yes,Yes,No,Month-to-Month,No,Bank Transfer (Auto),90.51,1434.35,1,Yes
CUST-103599,Male,1,No,No,36-45,Ahmedabad,24,Yes,Yes,DSL,No,No,No,No,No,No,Month-to-Month,Yes,Electronic Check,57.74,1475.92,2,Yes
CUST-103600,Male,0,Yes,No,18-25,Chennai,27,Yes,No,Fiber Optic,No,No,No,Yes,Yes,No,Month-to-Month,No,Mailed Check,98.54,2768.55,2,Yes
CUST-103601,Female,0,No,Yes,56-65,Chennai,1,Yes,Yes,DSL,No,Yes,No,No,No,No,Two Year,Yes,Credit Card (Auto),68.73,0.0,1,No
CUST-103602,Male,0,No,No,18-25,Hyderabad,13,Yes,No,No,No Internet Service,No Internet Service,No Internet Service,No Internet Service,No Internet Service,No Internet Service,Month-to-Month,Yes,Mailed Check,56.53,725.44,2,No
CUST-103603,Female,1,Yes,Yes,36-45,Delhi,21,Yes,Yes,DSL,Yes,No,No,Yes,No,Yes,Month-to-Month,No,Credit Card (Auto),87.65,1805.96,1,No
CUST-103604,Female,0,No,No,18-25,Kolkata,1,Yes,Yes,DSL,Yes,Yes,No,No,No,Yes,Month-to-Month,Yes,Bank Transfer (Auto),87.82,42.93,2,Yes
CUST-103605,Male,0,Yes,No,18-25,Pune,3,Yes,Yes,DSL,No,Yes,No,No,No,Yes,Month-to-Month,No,Credit Card (Auto),78.43,305.73,0,No
CUST-103606,Female,0,No,No,26-35,Bangalore,26,No,No Phone Service,No,No Internet Service,No Internet Service,No Internet Service,No Internet Service,No Internet Service,No Internet Service,Month-to-Month,Yes,Credit Card (Auto),44.58,1180.12,1,Yes
CUST-103607,Female,0,No,No,18-25,Ahmedabad,17,Yes,No,Fiber Optic,Yes,No,No,Yes,No,No,Month-to-Month,No,Mailed Check,91.74,1480.12,2,No
CUST-103608,Male,0,Yes,Yes,18-25,Bangalore,4,Yes,Yes,Fiber Optic,No,No,Yes,No,No,No,One Year,No,Bank Transfer (Auto),74.6,428.08,3,Yes
CUST-103609,Female,1,No,Yes,56-65,Mumbai,18,Yes,Yes,DSL,No,Yes,No,No,No,No,One Year,Yes,Credit Card (Auto),67.56,1125.31,0,No
CUST-103610,Male,1,No,No,36-45,Delhi,58,Yes,Yes,Fiber Optic,No,No,Yes,No,No,No,Two Year,No,Electronic Check,77.18,4458.75,2,No
CUST-103611,Male,0,Yes,Yes,18-25,Bangalore,0,Yes,Yes,No,No Internet Service,No Internet Service,No Internet Service,No Internet Service,No Internet Service,No Internet Service,Two Year,Yes,Credit Card (Auto),47.19,4.39,2,No
CUST-103612,Male,1,Yes,No,26-35,Kolkata,24,Yes,Yes,DSL,Yes,Yes,No,No,No,No,Month-to-Month,No,Bank Transfer (Auto),70.78,1642.15,0,No
CUST-103613,Male,0,Yes,No,36-45,Pune,1,Yes,No,DSL,Yes,Yes,Yes,No,No,No,One Year,No,Bank Transfer (Auto),89.49,117.0,2,No
CUST-103614,Female,0,No,No,18-25,Bangalore,0,Yes,Yes,Fiber Optic,Yes,No,No,Yes,No,No,Month-to-Month,Yes,Electronic Check,88.61,0.0,0,No
CUST-103615,Male,0,No,No,36-45,Pune,3,Yes,Yes,DSL,No,No,Yes,No,Yes,No,Month-to-Month,Yes,Bank Transfer (Auto),82.6,288.95,2,No
CUST-103616,Male,0,No,No,36-45,Delhi,13,Yes,No,DSL,No,No,Yes,No,No,No,Month-to-Month,Yes,Electronic Check,51.54,689.97,0,No
CUST-103617,Female,1,No,No,18-25,Kolkata,38,Yes,No,DSL,Yes,Yes,Yes,No,Yes,No,Month-to-Month,Yes,Credit Card (Auto),83.36,3042.47,1,No
CUST-103618,Male,0,No,Yes,65+,Mumbai,7,Yes,No,Fiber Optic,No,No,No,Yes,No,No,Month-to-Month,Yes,Mailed Check,86.71,529.46,2,Yes
CUST-103619,Male,0,Yes,Yes,18-25,Bangalore,23,Yes,Yes,No,No Internet Service,No Internet Service,No Internet Service,No Internet Service,No Internet Service,No Internet Service,Month-to-Month,No,Electronic Check,45.37,1085.95,0,No
CUST-103620,Female,0,No,No,46-55,Pune,12,Yes,No,Fiber Optic,Yes,Yes,No,Yes,No,No,One Year,Yes,Credit Card (Auto),103.5,1262.2,2,No
CUST-103621,Female,0,Yes,No,46-55,Hyderabad,6,Yes,Yes,Fiber Optic,No,Yes,Yes,No,Yes,No,Month-to-Month,Yes,Bank Transfer (Auto),96.04,524.94,0,No
CUST-103622,Female,0,Yes,Yes,36-45,Kolkata,17,Yes,No,No,No Internet Service,No Internet Service,No Internet Service,No Internet Service,No Internet Service,No Internet Service,One Year,No,Credit Card (Auto),42.45,688.19,0,No
CUST-103623,Female,1,No,No,18-25,Delhi,38,Yes,No,DSL,No,No,No,Yes,Yes,No,Month-to-Month,Yes,Mailed Check,93.27,3539.87,1,Yes
CUST-103624,Female,0,Yes,No,26-35,Delhi,42,Yes,No,Fiber Optic,No,No,No,No,Yes,No,Month-to-Month,No,Bank Transfer (Auto),83.4,3401.54,2,No
CUST-103625,Female,0,No,No,18-25,Bangalore,44,Yes,Yes,No,No Internet Service,No Internet Service,No Internet Service,No Internet Service,No Internet Service,No Internet Service,Month-to-Month,Yes,Bank Transfer (Auto),38.15,1792.18,0,No
CUST-103626,Female,0,No,No,18-25,Kolkata,9,Yes,Yes,Fiber Optic,Yes,No,No,No,No,No,Month-to-Month,No,Bank Transfer (Auto),90.73,767.55,1,Yes
CUST-103627,Male,0,Yes,No,18-25,Ahmedabad,37,Yes,No,Fiber Optic,No,No,No,Yes,No,No,Month-to-Month,Yes,Electronic Check,85.16,3152.46,1,No
CUST-103628,Female,0,Yes,No,26-35,Mumbai,5,Yes,No,DSL,Yes,No,Yes,No,No,No,One Year,No,Electronic Check,66.19,414.48,1,No
CUST-103629,Female,0,No,No,26-35,Ahmedabad,32,Yes,Yes,Fiber Optic,No,Yes,No,Yes,Yes,No,One Year,No,Credit Card (Auto),89.76,2863.11,2,No
CUST-103630,Female,0,No,No,18-25,Chennai,71,No,No Phone Service,No,No Internet Service,No Internet Service,No Internet Service,No Internet Service,No Internet Service,No Internet Service,Month-to-Month,Yes,Mailed Check,47.58,3394.28,1,No
CUST-103631,Male,0,Yes,No,26-35,Hyderabad,0,Yes,No,No,No Internet Service,No Internet Service,No Internet Service,No Internet Service,No Internet Service,No Internet Service,Month-to-Month,Yes,Credit Card (Auto),63.36,0.0,5,No
CUST-103632,Male,0,Yes,No,18-25,Delhi,13,Yes,No,Fiber Optic,No,No,No,No,No,Yes,Two Year,No,Electronic Check,85.15,1079.53,3,No
CUST-103633,Female,0,No,Yes,18-25,Delhi,25,Yes,No,No,No Internet Service,No Internet Service,No Internet Service,No Internet Service,No Internet Service,No Internet Service,Month-to-Month,Yes,Credit Card (Auto),43.34,1037.24,3,No
CUST-103634,Female,0,No,Yes,18-25,Chennai,29,Yes,Yes,Fiber Optic,Yes,No,Yes,Yes,No,No,Month-to-Month,Yes,Bank Transfer (Auto),109.67,3244.41,3,No
CUST-103635,Female,0,Yes,No,26-35,Bangalore,4,Yes,Yes,DSL,Yes,Yes,Yes,No,No,No,Month-to-Month,Yes,Credit Card (Auto),72.78,257.75,2,No
CUST-103636,Male,0,Yes,No,36-45,Mumbai,72,Yes,Yes,No,No Internet Service,No Internet Service,No Internet Service,No Internet Service,No Internet Service,No Internet Service,One Year,Yes,Mailed Check,48.89,3482.92,4,No
CUST-103637,Male,1,No,No,26-35,Ahmedabad,22,Yes,No,No,No Internet Service,No Internet Service,No Internet Service,No Internet Service,No Internet Service,No Internet Service,One Year,Yes,Credit Card (Auto),44.25,930.43,2,No
CUST-103638,Female,0,No,No,46-55,Chennai,4,Yes,Yes,Fiber Optic,No,No,No,No,Yes,No,One Year,Yes,Bank Transfer (Auto),90.74,382.08,0,Yes
CUST-103639,Male,0,No,Yes,26-35,Pune,0,Yes,No,Fiber Optic,Yes,Yes,No,No,No,Yes,Month-to-Month,Yes,Bank Transfer (Auto),99.73,29.07,0,Yes
CUST-103640,Female,0,No,No,18-25,Chennai,36,Yes,Yes,Fiber Optic,No,No,Yes,No,No,No,Month-to-Month,No,Electronic Check,85.53,2979.19,0,Yes
CUST-103641,Male,0,No,Yes,26-35,Pune,1,Yes,Yes,DSL,No,No,No,No,No,No,Month-to-Month,No,Bank Transfer (Auto),77.97,81.36,3,No
CUST-103642,Male,0,Yes,No,18-25,Mumbai,3,Yes,No,DSL,No,Yes,Yes,No,Yes,No,One Year,Yes,Credit Card (Auto),79.92,254.83,1,No
CUST-103643,Female,1,No,No,26-35,Bangalore,20,Yes,No,Fiber Optic,No,Yes,No,No,Yes,Yes,Two Year,Yes,Electronic Check,93.05,1931.26,1,No
CUST-103644,Female,0,Yes,No,18-25,Ahmedabad,22,Yes,Yes,Fiber Optic,No,No,No,No,Yes,Yes,Month-to-Month,No,Bank Transfer (Auto),99.67,2131.55,1,No
CUST-103645,Female,0,No,Yes,36-45,Ahmedabad,27,Yes,Yes,No,No Internet Service,No Internet Service,No Internet Service,No Internet Service,No Internet Service,No Internet Service,Month-to-Month,No,Electronic Check,50.74,1313.92,3,No
CUST-103646,Female,0,Yes,No,18-25,Ahmedabad,12,Yes,No,DSL,Yes,Yes,No,No,No,Yes,Month-to-Month,No,Credit Card (Auto),74.42,925.12,0,No
CUST-103647,Male,0,Yes,No,18-25,Ahmedabad,35,Yes,No,Fiber Optic,No,No,No,No,No,No,Month-to-Month,No,Credit Card (Auto),83.72,2927.14,0,No
CUST-103648,Male,0,No,No,26-35,Mumbai,72,Yes,No,No,No Internet Service,No Internet Service,No Internet Service,No Internet Service,No Internet Service,No Internet Service,Month-to-Month,No,Mailed Check,46.56,3421.26,3,No
CUST-103649,Male,1,No,No,26-35,Mumbai,7,Yes,Yes,Fiber Optic,No,No,No,Yes,Yes,No,Month-to-Month,Yes,Electronic Check,87.2,665.47,1,Yes
CUST-103650,Female,0,Yes,No,18-25,Ahmedabad,29,Yes,No,No,No Internet Service,No Internet Service,No Internet Service,No Internet Service,No Internet Service,No Internet Service,Two Year,No,Bank Transfer (Auto),40.2,1179.77,2,No
CUST-103651,Male,0,No,No,18-25,Mumbai,63,Yes,No,Fiber Optic,No,Yes,No,No,Yes,No,Month-to-Month,No,Electronic Check,100.68,6339.53,1,Yes
CUST-103652,Female,0,Yes,No,26-35,Kolkata,27,Yes,No,Fiber Optic,No,Yes,No,No,No,No,Month-to-Month,No,Mailed Check,92.64,2493.41,0,No
CUST-103653,Male,0,Yes,Yes,26-35,Kolkata,27,No,No Phone Service,DSL,Yes,No,No,No,No,No,Month-to-Month,No,Electronic Check,71.6,1931.7,3,No
CUST-103654,Female,0,No,No,18-25,Hyderabad,6,Yes,No,DSL,No,No,No,Yes,Yes,Yes,Month-to-Month,No,Mailed Check,92.3,556.84,2,No
CUST-103655,Female,0,Yes,No,26-35,Kolkata,18,Yes,Yes,DSL,No,Yes,Yes,No,Yes,No,Month-to-Month,Yes,Electronic Check,73.26,1389.75,1,Yes
CUST-103656,Male,0,No,No,18-25,Chennai,19,Yes,No,Fiber Optic,No,No,No,No,No,No,One Year,Yes,Electronic Check,74.21,1308.14,0,No
CUST-103657,Female,0,Yes,Yes,18-25,Delhi,28,Yes,No,DSL,No,No,Yes,Yes,Yes,No,Month-to-Month,Yes,Electronic Check,81.25,2254.03,1,No
CUST-103658,Female,0,No,Yes,26-35,Kolkata,72,Yes,Yes,DSL,No,Yes,No,No,Yes,No,Two Year,Yes,Bank Transfer (Auto),74.45,5370.64,2,No
CUST-103659,Male,0,No,Yes,36-45,Bangalore,0,Yes,No,Fiber Optic,No,No,No,No,Yes,No,Month-to-Month,Yes,Bank Transfer (Auto),85.86,0.0,2,No
CUST-103660,Female,0,Yes,No,18-25,Delhi,1,Yes,Yes,No,No Internet Service,No Internet Service,No Internet Service,No Internet Service,No Internet Service,No Internet Service,Month-to-Month,No,Electronic Check,38.45,24.15,3,No
CUST-103661,Female,0,Yes,No,36-45,Ahmedabad,1,Yes,Yes,No,No Internet Service,No Internet Service,No Internet Service,No Internet Service,No Internet Service,No Internet Service,Month-to-Month,Yes,Bank Transfer (Auto),42.95,20.89,1,No
CUST-103662,Female,0,No,No,36-45,Chennai,32,Yes,Yes,No,No Internet Service,No Internet Service,No Internet Service,No Internet Service,No Internet Service,No Internet Service,One Year,No,Credit Card (Auto),44.02,1473.8,0,No
CUST-103663,Male,0,No,No,18-25,Delhi,3,No,No Phone Service,DSL,No,No,No,No,Yes,No,Month-to-Month,Yes,Electronic Check,65.91,176.57,1,No
CUST-103664,Male,0,Yes,No,46-55,Kolkata,23,Yes,No,Fiber Optic,Yes,Yes,Yes,No,No,Yes,Month-to-Month,No,Credit Card (Auto),102.08,2311.8,2,Yes
CUST-103665,Female,0,No,No,65+,Kolkata,9,Yes,No,DSL,No,Yes,No,Yes,No,Yes,Month-to-Month,Yes,Bank Transfer (Auto),82.84,784.59,0,No
CUST-103666,Male,0,Yes,No,18-25,Mumbai,14,Yes,Yes,No,No Internet Service,No Internet Service,No Internet Service,No Internet Service,No Internet Service,No Internet Service,Two Year,Yes,Electronic Check,48.97,658.84,2,No
CUST-103667,Female,1,Yes,No,36-45,Mumbai,5,Yes,No,Fiber Optic,Yes,Yes,No,No,No,Yes,Month-to-Month,Yes,Mailed Check,96.4,473.58,2,No
CUST-103668,Female,0,No,No,18-25,Delhi,48,Yes,Yes,DSL,No,No,No,No,Yes,Yes,Month-to-Month,Yes,Mailed Check,76.78,3630.1,0,No
CUST-103669,Female,0,Yes,No,26-35,Kolkata,21,Yes,No,Fiber Optic,No,No,No,No,Yes,No,Month-to-Month,Yes,Bank Transfer (Auto),80.0,1659.71,1,No
CUST-103670,Female,0,No,Yes,26-35,Pune,69,Yes,Yes,Fiber Optic,Yes,No,No,No,No,Yes,Month-to-Month,No,Electronic Check,93.2,6429.06,2,No
CUST-103671,Female,0,No,No,36-45,Kolkata,20,Yes,No,Fiber Optic,Yes,Yes,No,No,Yes,Yes,Month-to-Month,Yes,Credit Card (Auto),116.93,2275.35,3,Yes
CUST-103672,Male,0,No,No,18-25,Kolkata,3,Yes,Yes,No,No Internet Service,No Internet Service,No Internet Service,No Internet Service,No Internet Service,No Internet Service,Month-to-Month,No,Bank Transfer (Auto),46.29,133.86,1,No
CUST-103673,Female,0,No,No,56-65,Hyderabad,4,Yes,No,DSL,No,Yes,No,Yes,No,No,One Year,No,Mailed Check,72.26,314.7,1,Yes
CUST-103674,Male,0,No,No,26-35,Mumbai,72,Yes,No,Fiber Optic,Yes,No,No,Yes,Yes,No,Month-to-Month,Yes,Electronic Check,111.31,7914.74,2,Yes
CUST-103675,Male,0,No,Yes,18-25,Pune,31,No,No Phone Service,DSL,No,Yes,No,No,Yes,Yes,One Year,No,Electronic Check,85.97,2632.46,1,No
CUST-103676,Female,0,No,No,36-45,Chennai,1,Yes,Yes,Fiber Optic,No,No,No,No,No,No,One Year,Yes,Mailed Check,89.25,216.95,0,No
CUST-103677,Female,0,No,No,56-65,Delhi,29,Yes,No,DSL,No,Yes,No,Yes,Yes,Yes,Month-to-Month,Yes,Mailed Check,86.13,2487.54,3,Yes
CUST-103678,Male,0,No,No,65+,Ahmedabad,12,Yes,No,No,No Internet Service,No Internet Service,No Internet Service,No Internet Service,No Internet Service,No Internet Service,One Year,No,Bank Transfer (Auto),37.18,503.1,5,No
CUST-103679,Male,0,Yes,Yes,18-25,Chennai,8,Yes,No,DSL,No,No,No,No,Yes,Yes,One Year,Yes,Bank Transfer (Auto),83.52,666.78,1,No
CUST-103680,Male,0,No,No,18-25,Pune,4,Yes,No,DSL,No,No,No,No,Yes,Yes,One Year,No,Electronic Check,83.57,317.78,1,No
CUST-103681,Female,0,No,No,18-25,Pune,43,Yes,Yes,DSL,No,No,Yes,No,No,No,One Year,Yes,Bank Transfer (Auto),64.76,2831.35,1,No
CUST-103682,Male,0,No,No,46-55,Mumbai,1,Yes,No,DSL,No,Yes,No,No,Yes,No,One Year,Yes,Electronic Check,77.07,136.92,3,No
CUST-103683,Female,1,No,Yes,36-45,Delhi,8,Yes,Yes,DSL,Yes,No,No,No,No,No,Month-to-Month,No,Mailed Check,65.0,475.38,1,No
CUST-103684,Female,0,No,Yes,18-25,Pune,8,Yes,No,No,No Internet Service,No Internet Service,No Internet Service,No Internet Service,No Internet Service,No Internet Service,One Year,Yes,Bank Transfer (Auto),33.0,209.12,0,No
CUST-103685,Female,0,No,No,18-25,Hyderabad,4,Yes,No,DSL,No,No,No,No,No,No,Month-to-Month,Yes,Mailed Check,72.15,220.18,3,No
CUST-103686,Male,0,Yes,No,26-35,Mumbai,17,Yes,No,No,No Internet Service,No Internet Service,No Internet Service,No Internet Service,No Internet Service,No Internet Service,One Year,Yes,Credit Card (Auto),43.52,695.93,1,No
CUST-103687,Female,0,No,No,26-35,Bangalore,0,Yes,No,No,No Internet Service,No Internet Service,No Internet Service,No Internet Service,No Internet Service,No Internet Service,Month-to-Month,No,Credit Card (Auto),51.94,56.81,2,No
CUST-103688,Female,0,Yes,No,26-35,Delhi,8,Yes,No,DSL,No,No,Yes,No,No,Yes,Two Year,Yes,Bank Transfer (Auto),72.88,584.6,2,Yes
CUST-103689,Female,0,No,No,18-25,Pune,65,Yes,No,No,No Internet Service,No Internet Service,No Internet Service,No Internet Service,No Internet Service,No Internet Service,Month-to-Month,No,Electronic Check,36.84,2453.8,1,No
CUST-103690,Female,0,No,No,36-45,Mumbai,8,Yes,No,Fiber Optic,No,No,Yes,Yes,No,No,One Year,Yes,Mailed Check,89.1,661.13,1,Yes
CUST-103691,Female,0,Yes,Yes,18-25,Chennai,10,Yes,Yes,Fiber Optic,No,No,Yes,No,Yes,Yes,One Year,No,Electronic Check,113.14,1081.25,2,Yes
CUST-103692,Male,0,Yes,No,65+,Mumbai,15,Yes,No,DSL,No,Yes,No,No,No,No,Two Year,Yes,Bank Transfer (Auto),77.74,1146.48,2,No
CUST-103693,Female,1,No,No,46-55,Chennai,19,No,No Phone Service,DSL,No,Yes,No,No,Yes,No,One Year,Yes,Credit Card (Auto),66.7,1282.14,0,No
CUST-103694,Female,0,Yes,No,65+,Mumbai,39,Yes,Yes,No,No Internet Service,No Internet Service,No Internet Service,No Internet Service,No Internet Service,No Internet Service,Month-to-Month,No,Bank Transfer (Auto),55.69,2164.92,2,No
CUST-103695,Male,0,Yes,No,26-35,Mumbai,5,Yes,No,Fiber Optic,No,No,No,No,No,Yes,Two Year,Yes,Credit Card (Auto),75.85,414.15,1,Yes
CUST-103696,Female,0,No,No,26-35,Hyderabad,49,Yes,No,Fiber Optic,Yes,Yes,No,No,No,No,One Year,Yes,Credit Card (Auto),98.22,4833.5,1,No
CUST-103697,Male,1,Yes,Yes,18-25,Mumbai,34,Yes,No,No,No Internet Service,No Internet Service,No Internet Service,No Internet Service,No Internet Service,No Internet Service,One Year,Yes,Credit Card (Auto),52.01,1792.72,3,No
CUST-103698,Female,0,No,No,18-25,Ahmedabad,30,Yes,No,Fiber Optic,Yes,Yes,Yes,Yes,Yes,Yes,Two Year,Yes,Electronic Check,110.63,3353.14,0,No
CUST-103699,Male,0,No,No,36-45,Delhi,2,Yes,No,Fiber Optic,No,No,No,Yes,No,No,Month-to-Month,Yes,Credit Card (Auto),82.53,219.88,3,Yes
CUST-103700,Male,0,Yes,No,26-35,Mumbai,0,Yes,Yes,Fiber Optic,No,No,No,No,No,No,Month-to-Month,No,Bank Transfer (Auto),93.92,0.0,0,No
CUST-103701,Female,0,Yes,No,18-25,Kolkata,21,Yes,Yes,DSL,Yes,No,No,No,Yes,No,Month-to-Month,Yes,Electronic Check,88.35,1854.73,5,No
CUST-103702,Female,1,No,Yes,46-55,Mumbai,47,Yes,No,DSL,No,Yes,No,Yes,Yes,Yes,One Year,No,Credit Card (Auto),80.03,3803.55,0,No
CUST-103703,Female,0,No,No,18-25,Kolkata,21,Yes,No,No,No Internet Service,No Internet Service,No Internet Service,No Internet Service,No Internet Service,No Internet Service,Month-to-Month,Yes,Credit Card (Auto),50.6,1188.79,1,No
CUST-103704,Male,0,No,No,26-35,Pune,5,Yes,No,Fiber Optic,No,No,No,No,Yes,Yes,One Year,No,Bank Transfer (Auto),93.11,460.54,0,No
CUST-103705,Male,1,No,Yes,26-35,Mumbai,2,Yes,Yes,No,No Internet Service,No Internet Service,No Internet Service,No Internet Service,No Internet Service,No Internet Service,Month-to-Month,No,Credit Card (Auto),54.39,0.0,0,No
CUST-103706,Male,0,No,No,18-25,Mumbai,28,Yes,No,Fiber Optic,No,No,No,No,No,No,One Year,Yes,Electronic Check,83.76,2416.55,2,No
CUST-103707,Female,0,Yes,Yes,36-45,Pune,30,Yes,No,Fiber Optic,No,Yes,Yes,No,No,No,Two Year,No,Mailed Check,84.1,2462.12,1,No
CUST-103708,Male,0,Yes,No,18-25,Pune,4,Yes,Yes,DSL,Yes,Yes,No,No,No,No,Month-to-Month,Yes,Electronic Check,79.3,340.23,1,Yes
CUST-103709,Male,0,Yes,No,46-55,Bangalore,0,Yes,Yes,Fiber Optic,No,No,Yes,No,No,Yes,One Year,No,Mailed Check,93.09,26.9,0,No
CUST-103710,Female,0,Yes,No,36-45,Kolkata,12,No,No Phone Service,Fiber Optic,Yes,Yes,No,Yes,Yes,No,One Year,No,Mailed Check,105.43,1271.47,1,No
CUST-103711,Male,0,No,Yes,18-25,Delhi,20,Yes,Yes,Fiber Optic,No,No,Yes,No,No,No,Month-to-Month,Yes,Electronic Check,89.32,1679.72,0,Yes
CUST-103712,Male,0,No,No,26-35,Chennai,29,No,No Phone Service,Fiber Optic,No,Yes,No,Yes,Yes,No,Month-to-Month,Yes,Bank Transfer (Auto),89.74,2584.3,1,No
CUST-103713,Female,0,Yes,No,36-45,Bangalore,39,Yes,No,No,No Internet Service,No Internet Service,No Internet Service,No Internet Service,No Internet Service,No Internet Service,Month-to-Month,No,Electronic Check,36.57,1347.75,4,No
CUST-103714,Male,0,No,No,18-25,Bangalore,22,Yes,Yes,Fiber Optic,No,No,No,No,No,No,One Year,Yes,Electronic Check,72.72,1622.53,1,No
CUST-103715,Female,0,Yes,No,26-35,Hyderabad,2,Yes,Yes,No,No Internet Service,No Internet Service,No Internet Service,No Internet Service,No Internet Service,No Internet Service,Month-to-Month,Yes,Mailed Check,48.09,51.92,1,Yes
CUST-103716,Female,0,Yes,Yes,18-25,Delhi,27,Yes,Yes,No,No Internet Service,No Internet Service,No Internet Service,No Internet Service,No Internet Service,No Internet Service,Month-to-Month,Yes,Mailed Check,42.34,1036.97,2,No
CUST-103717,Female,0,No,No,26-35,Delhi,72,Yes,Yes,Fiber Optic,No,No,No,No,No,No,Month-to-Month,No,Electronic Check,82.68,5988.54,2,No
CUST-103718,Female,0,Yes,No,46-55,Hyderabad,56,Yes,No,DSL,Yes,Yes,No,No,No,No,Month-to-Month,Yes,Electronic Check,65.88,3625.91,1,No
CUST-103719,Female,0,Yes,No,18-25,Hyderabad,49,No,No Phone Service,DSL,Yes,No,No,No,No,Yes,One Year,Yes,Electronic Check,77.18,3788.55,1,No
CUST-103720,Male,0,Yes,No,26-35,Kolkata,8,Yes,Yes,No,No Internet Service,No Internet Service,No Internet Service,No Internet Service,No Internet Service,No Internet Service,One Year,Yes,Electronic Check,38.96,274.83,2,Yes
CUST-103721,Male,0,Yes,No,65+,Chennai,33,Yes,Yes,No,No Internet Service,No Internet Service,No Internet Service,No Internet Service,No Internet Service,No Internet Service,Month-to-Month,Yes,Mailed Check,44.35,1506.95,2,No
CUST-103722,Female,0,No,No,26-35,Bangalore,45,Yes,Yes,DSL,No,Yes,Yes,Yes,No,No,One Year,No,Credit Card (Auto),71.14,3242.61,3,No
CUST-103723,Female,0,No,No,18-25,Chennai,27,Yes,Yes,Fiber Optic,No,No,No,Yes,No,No,One Year,Yes,Electronic Check,82.03,2226.71,3,No
CUST-103724,Male,0,Yes,Yes,,Mumbai,6,Yes,No,DSL,Yes,Yes,No,No,Yes,No,Month-to-Month,Yes,Bank Transfer (Auto),83.63,496.41,0,No
CUST-103725,Female,0,Yes,No,26-35,Delhi,72,Yes,Yes,No,No Internet Service,No Internet Service,No Internet Service,No Internet Service,No Internet Service,No Internet Service,Month-to-Month,No,Electronic Check,27.77,1977.4,0,No
CUST-103726,Female,0,No,Yes,26-35,Hyderabad,14,Yes,No,DSL,No,Yes,No,No,No,No,Two Year,No,Mailed Check,68.68,,1,No
CUST-103727,Female,1,No,No,26-35,Hyderabad,3,Yes,No,No,No Internet Service,No Internet Service,No Internet Service,No Internet Service,No Internet Service,No Internet Service,One Year,Yes,Electronic Check,51.19,124.16,2,Yes
CUST-103728,Male,0,Yes,Yes,36-45,Hyderabad,2,Yes,Yes,DSL,No,Yes,No,No,Yes,No,One Year,Yes,Credit Card (Auto),71.56,167.04,2,No
CUST-103729,Male,0,Yes,No,18-25,Chennai,25,Yes,Yes,Fiber Optic,Yes,No,No,Yes,Yes,Yes,Month-to-Month,Yes,Mailed Check,93.12,2425.73,4,Yes
CUST-103730,Female,0,No,Yes,18-25,Mumbai,13,Yes,No,No,No Internet Service,No Internet Service,No Internet Service,No Internet Service,No Internet Service,No Internet Service,Two Year,No,Bank Transfer (Auto),55.51,750.18,2,No
CUST-103731,Female,1,No,Yes,18-25,Pune,2,Yes,No,No,No Internet Service,No Internet Service,No Internet Service,No Internet Service,No Internet Service,No Internet Service,One Year,Yes,Bank Transfer (Auto),48.57,132.89,0,No
CUST-103732,Male,0,Yes,No,18-25,Kolkata,32,Yes,No,Fiber Optic,No,No,No,No,Yes,Yes,Two Year,Yes,Electronic Check,74.96,2393.33,2,No
CUST-103733,Male,0,No,Yes,36-45,Hyderabad,38,Yes,No,Fiber Optic,No,No,No,No,No,No,Two Year,Yes,Credit Card (Auto),72.42,2778.27,1,No
CUST-103734,Female,0,Yes,No,18-25,Chennai,31,Yes,No,DSL,Yes,No,Yes,Yes,No,Yes,Two Year,No,Mailed Check,81.22,2410.43,3,No
CUST-103735,Female,1,No,No,26-35,Kolkata,5,Yes,No,DSL,No,Yes,No,No,No,Yes,Two Year,Yes,Electronic Check,66.55,296.66,2,No
CUST-103736,Male,0,No,Yes,18-25,Chennai,28,Yes,Yes,Fiber Optic,Yes,No,No,No,Yes,No,Month-to-Month,Yes,Electronic Check,93.26,2646.46,0,Yes
CUST-103737,Male,0,No,No,65+,Bangalore,0,Yes,No,Fiber Optic,No,No,No,Yes,No,No,Two Year,No,Electronic Check,93.98,36.08,0,No
CUST-103738,Male,1,Yes,No,18-25,Chennai,8,Yes,Yes,DSL,Yes,No,No,No,No,No,Month-to-Month,No,Electronic Check,75.54,577.15,4,Yes
CUST-103739,Female,1,Yes,No,26-35,Ahmedabad,12,Yes,No,Fiber Optic,Yes,Yes,No,No,Yes,No,Two Year,Yes,Bank Transfer (Auto),103.03,1170.94,0,No
CUST-103740,Male,1,Yes,No,26-35,Delhi,43,Yes,Yes,Fiber Optic,No,No,Yes,No,No,No,Month-to-Month,No,Mailed Check,92.1,3956.75,2,No
CUST-103741,Female,0,No,No,36-45,Pune,11,Yes,Yes,DSL,Yes,No,No,No,No,No,One Year,Yes,Bank Transfer (Auto),62.63,667.21,2,No
CUST-103742,Male,0,Yes,No,18-25,Ahmedabad,0,No,No Phone Service,No,No Internet Service,No Internet Service,No Internet Service,No Internet Service,No Internet Service,No Internet Service,Month-to-Month,No,Electronic Check,43.36,47.03,1,No
CUST-103743,Male,0,Yes,Yes,18-25,Pune,10,No,No Phone Service,DSL,No,No,No,No,No,No,One Year,Yes,Credit Card (Auto),63.4,669.17,0,No
CUST-103744,Male,0,Yes,No,26-35,Bangalore,16,Yes,No,DSL,No,Yes,No,No,No,No,Month-to-Month,No,Electronic Check,62.44,1076.49,3,No
CUST-103745,Male,0,No,No,26-35,Mumbai,71,Yes,No,DSL,No,No,Yes,Yes,Yes,Yes,Month-to-Month,Yes,Bank Transfer (Auto),66.04,4744.36,0,No
CUST-103746,Female,0,Yes,No,18-25,Hyderabad,67,Yes,Yes,DSL,No,Yes,Yes,Yes,No,Yes,Two Year,No,Bank Transfer (Auto),73.91,4938.26,2,No
CUST-103747,Female,0,Yes,No,36-45,Mumbai,4,Yes,No,Fiber Optic,No,Yes,No,No,No,No,One Year,No,Electronic Check,102.7,428.23,2,No
CUST-103748,Male,0,Yes,No,18-25,Bangalore,4,No,No Phone Service,Fiber Optic,Yes,No,No,Yes,No,No,Month-to-Month,No,Electronic Check,101.7,508.52,1,Yes
CUST-103749,Female,0,No,Yes,26-35,Bangalore,4,Yes,No,Fiber Optic,No,No,No,Yes,No,No,Month-to-Month,No,Electronic Check,94.23,356.9,1,Yes
CUST-103750,Male,0,No,No,18-25,Hyderabad,37,Yes,Yes,No,No Internet Service,No Internet Service,No Internet Service,No Internet Service,No Internet Service,No Internet Service,Month-to-Month,Yes,Electronic Check,54.84,2037.83,2,No
CUST-103751,Male,0,No,No,26-35,Bangalore,0,No,No Phone Service,No,No Internet Service,No Internet Service,No Internet Service,No Internet Service,No Internet Service,No Internet Service,One Year,Yes,Electronic Check,37.9,0.0,1,No
CUST-103752,Male,0,No,Yes,18-25,Kolkata,3,Yes,No,DSL,No,No,Yes,No,Yes,No,Two Year,No,Bank Transfer (Auto),65.82,198.29,1,No
CUST-103753,Male,0,No,Yes,46-55,Bangalore,18,Yes,No,No,No Internet Service,No Internet Service,No Internet Service,No Internet Service,No Internet Service,No Internet Service,One Year,No,Mailed Check,31.11,516.27,1,No
CUST-103754,Female,0,Yes,Yes,18-25,Mumbai,6,Yes,Yes,No,No Internet Service,No Internet Service,No Internet Service,No Internet Service,No Internet Service,No Internet Service,Month-to-Month,Yes,Bank Transfer (Auto),63.48,446.3,1,No
CUST-103755,Male,0,No,No,18-25,Chennai,2,Yes,Yes,No,No Internet Service,No Internet Service,No Internet Service,No Internet Service,No Internet Service,No Internet Service,Month-to-Month,Yes,Electronic Check,37.43,29.0,0,No
CUST-103756,Male,0,Yes,No,26-35,Pune,10,Yes,Yes,Fiber Optic,Yes,No,No,Yes,No,Yes,Two Year,No,Credit Card (Auto),108.97,1182.6,0,No
CUST-103757,Female,0,Yes,Yes,18-25,Bangalore,7,Yes,Yes,DSL,No,No,No,No,No,Yes,Month-to-Month,Yes,Electronic Check,69.65,569.49,0,No
CUST-103758,Male,0,No,Yes,26-35,Chennai,17,Yes,Yes,DSL,No,Yes,Yes,No,No,No,One Year,Yes,Mailed Check,79.43,1362.85,0,Yes
CUST-103759,Male,0,Yes,No,46-55,Bangalore,72,Yes,No,DSL,Yes,Yes,No,No,Yes,No,Month-to-Month,Yes,Electronic Check,96.8,6969.88,0,Yes
CUST-103760,Male,0,Yes,No,26-35,Delhi,3,Yes,No,Fiber Optic,No,Yes,No,No,No,No,One Year,No,Electronic Check,86.57,220.86,0,No
CUST-103761,Female,1,Yes,No,18-25,Chennai,11,Yes,Yes,DSL,Yes,Yes,No,Yes,Yes,Yes,Two Year,No,Bank Transfer (Auto),95.78,1057.13,0,No
CUST-103762,Male,0,No,No,46-55,Pune,64,Yes,No,Fiber Optic,No,No,Yes,No,Yes,No,Month-to-Month,Yes,Bank Transfer (Auto),106.97,6900.09,3,No
CUST-103763,Female,1,Yes,No,26-35,Delhi,50,Yes,Yes,No,No Internet Service,No Internet Service,No Internet Service,No Internet Service,No Internet Service,No Internet Service,One Year,No,Bank Transfer (Auto),27.4,1335.79,2,No
CUST-103764,Male,1,No,Yes,65+,Pune,12,Yes,Yes,No,No Internet Service,No Internet Service,No Internet Service,No Internet Service,No Internet Service,No Internet Service,Month-to-Month,Yes,Bank Transfer (Auto),38.77,538.63,1,No
CUST-103765, Male ,0,No,No,46-55,Kolkata,28,Yes,No,Fiber Optic,Yes,No,No,No,No,Yes,Month-to-Month,No,Credit Card (Auto),86.96,2486.13,1,No
CUST-103766,Female,1,No,No,46-55,Ahmedabad,2,Yes,No,Fiber Optic,Yes,No,No,No,Yes,Yes,Month-to-Month,Yes,Mailed Check,104.69,204.07,3,Yes
CUST-103767,Male,0,Yes,No,18-25,Delhi,29,Yes,No,DSL,Yes,Yes,Yes,Yes,No,No,Month-to-Month,Yes,Mailed Check,86.69,2553.81,1,No
CUST-103768,Male,0,No,No,26-35,Delhi,72,Yes,Yes,DSL,No,No,No,No,No,Yes,Month-to-Month,Yes,Electronic Check,74.19,5296.05,3,Yes
CUST-103769,Female,0,Yes,No,46-55,Kolkata,18,Yes,Yes,DSL,No,No,Yes,No,No,No,Two Year,Yes,Electronic Check,59.57,1067.11,1,Yes
CUST-103770,Female,0,Yes,No,36-45,Chennai,16,Yes,No,DSL,No,No,No,No,No,Yes,Month-to-Month,No,Bank Transfer (Auto),77.83,1356.13,2,No
CUST-103771,Female,1,Yes,No,26-35,Mumbai,4,Yes,No,No,No Internet Service,No Internet Service,No Internet Service,No Internet Service,No Internet Service,No Internet Service,Month-to-Month,No,Electronic Check,51.46,265.54,1,Yes
CUST-103772,Female,0,No,No,65+,Hyderabad,24,Yes,Yes,Fiber Optic,No,Yes,No,No,Yes,Yes,Month-to-Month,No,Mailed Check,91.91,2230.75,2,No
CUST-103773,Female,0,Yes,No,46-55,Pune,21,Yes,No,DSL,No,No,Yes,Yes,No,No,Month-to-Month,Yes,Electronic Check,75.19,1582.44,5,No
CUST-103774,Male,0,Yes,No,26-35,Delhi,25,No,No Phone Service,No,No Internet Service,No Internet Service,No Internet Service,No Internet Service,No Internet Service,No Internet Service,Month-to-Month,Yes,Credit Card (Auto),43.96,1095.29,2,No
CUST-103775,Female,0,Yes,Yes,18-25,Ahmedabad,0,Yes,Yes,No,No Internet Service,No Internet Service,No Internet Service,No Internet Service,No Internet Service,No Internet Service,Month-to-Month,Yes,Credit Card (Auto),44.93,,0,No
CUST-103776,Male,0,Yes,Yes,18-25,Kolkata,19,Yes,No,Fiber Optic,No,Yes,No,No,No,Yes,One Year,No,Electronic Check,91.4,1697.91,2,No
CUST-103777,Male,0,No,No,18-25,Chennai,21,Yes,No,Fiber Optic,No,Yes,Yes,No,No,No,Two Year,Yes,Credit Card (Auto),81.88,1752.08,1,No
CUST-103778,Male,1,No,Yes,26-35,Pune,5,Yes,No,Fiber Optic,No,Yes,No,No,Yes,Yes,One Year,No,Credit Card (Auto),100.63,555.37,2,No
CUST-103779,Female,0,No,No,36-45,Mumbai,5,Yes,No,No,No Internet Service,No Internet Service,No Internet Service,No Internet Service,No Internet Service,No Internet Service,Month-to-Month,Yes,Credit Card (Auto),48.93,232.04,1,No
CUST-103780,Female,0,Yes,Yes,18-25,Delhi,7,No,No Phone Service,DSL,No,No,Yes,Yes,No,Yes,Two Year,Yes,Mailed Check,92.13,668.28,0,No
CUST-103781,Male,0,Yes,No,18-25,Pune,29,Yes,Yes,Fiber Optic,No,No,No,No,Yes,Yes,Month-to-Month,No,Bank Transfer (Auto),102.27,2929.45,0,No
CUST-103782,Female,0,No,No,56-65,Bangalore,22,Yes,No,Fiber Optic,No,Yes,No,No,Yes,No,Month-to-Month,No,Electronic Check,91.67,2013.4,1,No
CUST-103783,Female,0,Yes,No,26-35,Delhi,44,Yes,No,Fiber Optic,No,Yes,No,No,No,No,Month-to-Month,Yes,Bank Transfer (Auto),78.13,3395.41,3,No
CUST-103784,Female,0,No,Yes,26-35,Delhi,8,No,No Phone Service,DSL,No,No,No,No,No,Yes,Month-to-Month,No,Bank Transfer (Auto),76.29,598.97,2,No
CUST-103785,Female,0,Yes,No,18-25,Chennai,58,Yes,Yes,DSL,No,No,No,Yes,No,Yes,Two Year,No,Bank Transfer (Auto),89.83,5216.11,0,No
CUST-103786,Male,1,No,No,26-35,Mumbai,32,Yes,No,DSL,No,No,No,No,No,Yes,Month-to-Month,No,Electronic Check,69.6,2257.42,2,No
CUST-103787,Male,0,Yes,No,56-65,Mumbai,12,Yes,Yes,Fiber Optic,No,No,No,No,No,Yes,One Year,No,Credit Card (Auto),89.39,1042.05,3,No
CUST-103788,Female,1,Yes,Yes,36-45,Delhi,2,Yes,Yes,Fiber Optic,No,No,Yes,No,Yes,No,Month-to-Month,Yes,Mailed Check,90.43,204.67,2,Yes
CUST-103789,Male,0,No,Yes,36-45,Kolkata,7,No,No Phone Service,No,No Internet Service,No Internet Service,No Internet Service,No Internet Service,No Internet Service,No Internet Service,One Year,Yes,Electronic Check,48.12,289.02,1,No
CUST-103790,Female,0,No,No,46-55,Kolkata,72,Yes,Yes,Fiber Optic,Yes,No,Yes,No,No,Yes,One Year,No,Bank Transfer (Auto),80.64,5821.94,1,No
CUST-103791,Female,0,Yes,Yes,18-25,Delhi,8,Yes,Yes,No,No Internet Service,No Internet Service,No Internet Service,No Internet Service,No Internet Service,No Internet Service,Month-to-Month,Yes,Credit Card (Auto),42.45,450.15,1,No
CUST-103792,Male,1,No,No,65+,Chennai,9,Yes,No,Fiber Optic,No,No,Yes,No,No,No,One Year,No,Credit Card (Auto),90.77,798.36,3,No
CUST-103793,Male,0,No,No,26-35,Bangalore,5,Yes,No,Fiber Optic,No,No,No,No,Yes,No,One Year,No,Bank Transfer (Auto),94.09,403.76,1,No
CUST-103794,Male,1,Yes,Yes,36-45,Mumbai,39,Yes,No,DSL,No,No,No,No,No,No,One Year,Yes,Electronic Check,64.87,2574.76,2,No
CUST-103795,Female,1,Yes,No,18-25,Mumbai,7,Yes,No,No,No Internet Service,No Internet Service,No Internet Service,No Internet Service,No Internet Service,No Internet Service,One Year,Yes,Electronic Check,56.13,407.21,1,No
CUST-103796,Male,0,Yes,Yes,26-35,Mumbai,9,Yes,No,Fiber Optic,Yes,Yes,Yes,No,No,Yes,One Year,Yes,Electronic Check,90.18,834.54,1,No
CUST-103797,Female,0,Yes,No,18-25,Ahmedabad,12,Yes,No,DSL,Yes,No,No,No,No,Yes,Month-to-Month,Yes,Electronic Check,82.22,1050.23,2,Yes
CUST-103798,Male,0,No,No,56-65,Chennai,13,Yes,No,DSL,No,No,Yes,No,No,No,One Year,Yes,Mailed Check,63.39,788.53,0,No
CUST-103799,Male,0,Yes,No,18-25,Mumbai,12,Yes,Yes,Fiber Optic,No,No,No,Yes,No,No,Month-to-Month,No,Electronic Check,70.66,813.86,3,Yes
CUST-103800,Female,0,Yes,No,26-35,Pune,16,Yes,Yes,Fiber Optic,Yes,Yes,No,Yes,Yes,No,Month-to-Month,No,Electronic Check,113.76,1847.39,5,Yes
CUST-103801,Female,0,Yes,No,18-25,Chennai,40,Yes,No,No,No Internet Service,No Internet Service,No Internet Service,No Internet Service,No Internet Service,No Internet Service,Two Year,No,Credit Card (Auto),35.89,1487.58,0,No
CUST-103802,Female,0,No,No,26-35,Delhi,41,No,No Phone Service,Fiber Optic,No,Yes,No,No,No,No,Month-to-Month,Yes,Bank Transfer (Auto),94.54,3888.0,2,Yes
CUST-103803,Female,0,Yes,No,18-25,Hyderabad,38,Yes,No,DSL,No,Yes,No,No,No,No,Month-to-Month,No,Credit Card (Auto),59.81,2269.21,2,No
CUST-103804,Female,0,Yes,No,18-25,Chennai,2,Yes,Yes,No,No Internet Service,No Internet Service,No Internet Service,No Internet Service,No Internet Service,No Internet Service,Month-to-Month,No,Mailed Check,36.56,89.26,2,No
CUST-103805,Female,0,Yes,No,36-45,Bangalore,38,Yes,No,Fiber Optic,No,No,No,No,No,No,Month-to-Month,Yes,Mailed Check,87.87,3375.74,3,No
CUST-103806,Female,0,No,Yes,26-35,Ahmedabad,3,Yes,Yes,Fiber Optic,No,No,No,No,No,Yes,Month-to-Month,No,Electronic Check,91.11,200.93,1,No
CUST-103807,Female,0,Yes,Yes,18-25,Mumbai,3,Yes,No,Fiber Optic,No,Yes,No,Yes,No,No,Two Year,Yes,Mailed Check,75.68,177.53,3,No
CUST-103808,Male,0,No,No,26-35,Mumbai,70,Yes,Yes,Fiber Optic,Yes,Yes,No,No,No,Yes,Month-to-Month,No,Bank Transfer (Auto),92.85,6495.06,0,No
CUST-103809,Female,0,Yes,No,18-25,Kolkata,41,Yes,No,Fiber Optic,Yes,Yes,No,Yes,Yes,No,One Year,Yes,Mailed Check,87.21,3610.11,1,No
CUST-103810,Female,0,Yes,No,26-35,Delhi,19,Yes,No,DSL,No,No,Yes,No,No,No,Month-to-Month,No,Credit Card (Auto),72.27,1481.71,1,No
CUST-103811,Male,0,No,No,18-25,Mumbai,49,Yes,Yes,DSL,No,Yes,Yes,No,Yes,No,One Year,Yes,Credit Card (Auto),76.9,3762.43,2,No
CUST-103812,Female,0,Yes,Yes,56-65,Bangalore,72,Yes,Yes,DSL,Yes,No,No,No,No,Yes,Two Year,Yes,Mailed Check,70.63,5097.62,2,No
CUST-103813,Male,0,No,Yes,26-35,Delhi,22,Yes,No,No,No Internet Service,No Internet Service,No Internet Service,No Internet Service,No Internet Service,No Internet Service,Month-to-Month,Yes,Electronic Check,42.1,892.95,2,No
CUST-103814,Male,0,No,Yes,26-35,Hyderabad,22,Yes,No,Fiber Optic,No,No,Yes,Yes,No,Yes,Two Year,No,Credit Card (Auto),88.8,1986.46,1,No
CUST-103815,Female,1,No,No,36-45,Pune,33,Yes,Yes,Fiber Optic,No,No,Yes,No,No,No,Two Year,No,Bank Transfer (Auto),79.24,2560.02,0,No
CUST-103816,Male,0,No,No,18-25,Pune,6,No,No Phone Service,Fiber Optic,No,No,No,Yes,Yes,Yes,One Year,Yes,Bank Transfer (Auto),106.33,637.41,4,Yes
CUST-103817,Female,0,Yes,No,18-25,Delhi,4,Yes,Yes,Fiber Optic,No,No,No,No,No,No,Month-to-Month,Yes,Bank Transfer (Auto),76.59,258.86,2,Yes
CUST-103818,Male,0,Yes,Yes,18-25,Chennai,34,Yes,Yes,Fiber Optic,No,No,No,No,No,No,One Year,Yes,Electronic Check,72.71,2366.52,3,No
CUST-103819,Male,0,No,No,26-35,Ahmedabad,10,Yes,No,DSL,Yes,Yes,No,No,No,No,Two Year,No,Electronic Check,86.86,1003.29,0,No
CUST-103820,Male,0,No,No,26-35,Mumbai,3,Yes,Yes,No,No Internet Service,No Internet Service,No Internet Service,No Internet Service,No Internet Service,No Internet Service,Month-to-Month,No,Electronic Check,32.2,136.7,0,Yes
CUST-103821,Female,0,No,No,36-45,Chennai,9,Yes,No,No,No Internet Service,No Internet Service,No Internet Service,No Internet Service,No Internet Service,No Internet Service,Month-to-Month,Yes,Electronic Check,51.76,506.28,2,Yes
CUST-103822,Female,0,Yes,No,56-65,Hyderabad,10,No,No Phone Service,Fiber Optic,No,Yes,Yes,Yes,Yes,Yes,Month-to-Month,Yes,Mailed Check,120.49,1250.35,2,Yes
CUST-103823,Male,0,Yes,No,18-25,Bangalore,72,Yes,No,No,No Internet Service,No Internet Service,No Internet Service,No Internet Service,No Internet Service,No Internet Service,Month-to-Month,Yes,Electronic Check,35.23,2607.81,1,No
CUST-103824,Male,0,No,No,26-35,Delhi,28,No,No Phone Service,No,No Internet Service,No Internet Service,No Internet Service,No Internet Service,No Internet Service,No Internet Service,Two Year,Yes,Credit Card (Auto),56.25,1583.12,2,No
CUST-103825,Female,0,Yes,Yes,36-45,Mumbai,18,No,No Phone Service,Fiber Optic,Yes,No,No,No,Yes,Yes,Month-to-Month,No,Bank Transfer (Auto),82.09,1521.03,2,No
CUST-103826,Female,1,Yes,Yes,26-35,Ahmedabad,72,Yes,Yes,Fiber Optic,No,No,No,No,No,Yes,Month-to-Month,Yes,Mailed Check,85.47,6128.81,0,No
CUST-103827,Male,0,Yes,Yes,46-55,Mumbai,56,Yes,Yes,No,No Internet Service,No Internet Service,No Internet Service,No Internet Service,No Internet Service,No Internet Service,One Year,Yes,Electronic Check,36.77,2050.51,1,No
CUST-103828,Male,0,No,No,26-35,Bangalore,17,Yes,No,DSL,No,Yes,No,No,No,No,Month-to-Month,No,Bank Transfer (Auto),68.7,1091.15,0,Yes
CUST-103829,Female,0,Yes,No,36-45,Delhi,56,Yes,Yes,No,No Internet Service,No Internet Service,No Internet Service,No Internet Service,No Internet Service,No Internet Service,Month-to-Month,No,Electronic Check,40.69,2288.74,1,No
CUST-103830,Female,0,No,Yes,18-25,Mumbai,12,Yes,Yes,DSL,Yes,No,No,No,No,Yes,Month-to-Month,No,Bank Transfer (Auto),69.84,811.58,0,No
CUST-103831,Female,0,Yes,No,26-35,Bangalore,6,Yes,No,Fiber Optic,No,Yes,Yes,No,Yes,No,Month-to-Month,Yes,Credit Card (Auto),86.56,512.7,3,No
CUST-103832,Female,0,No,No,56-65,Bangalore,6,Yes,Yes,Fiber Optic,Yes,No,Yes,No,No,No,Month-to-Month,Yes,Bank Transfer (Auto),109.94,701.1,4,No
CUST-103833,Female,0,No,No,26-35,Bangalore,26,No,No Phone Service,No,No Internet Service,No Internet Service,No Internet Service,No Internet Service,No Internet Service,No Internet Service,Month-to-Month,No,Electronic Check,52.44,1378.54,4,No
CUST-103834,Male,0,Yes,No,18-25,Hyderabad,16,No,No Phone Service,Fiber Optic,Yes,Yes,Yes,No,No,Yes,Month-to-Month,No,Credit Card (Auto),107.99,1779.34,1,No
CUST-103835,Female,0,No,No,18-25,Hyderabad,25,Yes,No,Fiber Optic,No,No,No,Yes,Yes,No,Two Year,No,Electronic Check,84.03,2071.21,1,Yes
CUST-103836,Male,0,Yes,No,46-55,Mumbai,27,Yes,No,DSL,Yes,No,No,No,Yes,No,Two Year,Yes,Electronic Check,82.25,2239.84,3,No
CUST-103837,Female,0,Yes,No,18-25,Delhi,0,Yes,No,Fiber Optic,No,Yes,Yes,Yes,Yes,Yes,Month-to-Month,No,Mailed Check,108.86,0.0,0,No
CUST-103838,Male,0,No,No,26-35,Bangalore,1,Yes,Yes,Fiber Optic,Yes,No,No,Yes,No,No,One Year,Yes,Credit Card (Auto),102.06,93.26,3,No
CUST-103839,Female,0,Yes,No,46-55,Mumbai,18,Yes,Yes,DSL,Yes,Yes,Yes,No,Yes,Yes,Two Year,Yes,Electronic Check,104.9,1872.87,1,No
CUST-103840,Female,0,Yes,Yes,36-45,Kolkata,5,No,No Phone Service,Fiber Optic,No,No,No,No,No,Yes,Month-to-Month,Yes,Credit Card (Auto),90.91,403.86,5,No
CUST-103841,Male,0,Yes,No,26-35,Mumbai,24,Yes,No,Fiber Optic,No,Yes,Yes,No,No,No,Two Year,No,Electronic Check,97.81,2326.8,1,No
CUST-103842,Male,0,Yes,No,26-35,Delhi,19,Yes,Yes,Fiber Optic,No,No,Yes,No,Yes,No,Two Year,Yes,Electronic Check,102.86,1983.21,3,Yes
CUST-103843,Female,0,No,No,18-25,Chennai,21,Yes,Yes,DSL,No,Yes,Yes,No,Yes,Yes,Month-to-Month,No,Bank Transfer (Auto),83.15,1700.36,1,No
CUST-103844,Female,0,Yes,No,56-65,Ahmedabad,8,Yes,No,Fiber Optic,Yes,Yes,No,No,No,Yes,Month-to-Month,Yes,Electronic Check,110.51,850.88,0,No
CUST-103845,Female,0,No,No,18-25,Mumbai,24,Yes,No,Fiber Optic,No,Yes,No,No,No,No,Month-to-Month,Yes,Electronic Check,77.69,1926.74,2,Yes
CUST-103846,Female,0,No,No,18-25,Bangalore,42,Yes,Yes,DSL,No,Yes,Yes,No,Yes,Yes,Month-to-Month,No,Electronic Check,88.39,3783.27,2,Yes
CUST-103847,Female,1,Yes,Yes,18-25,Delhi,72,Yes,No,Fiber Optic,Yes,No,Yes,No,No,Yes,Two Year,Yes,Electronic Check,97.74,7078.88,1,No
CUST-103848,Male,0,Yes,No,36-45,Hyderabad,43,Yes,No,Fiber Optic,No,No,Yes,No,No,Yes,Two Year,No,Electronic Check,95.05,4172.55,1,No
CUST-103849,Male,0,No,Yes,26-35,Bangalore,19,Yes,No,DSL,No,No,No,No,Yes,No,Month-to-Month,Yes,Bank Transfer (Auto),81.0,1607.23,1,No
CUST-103850,Female,0,Yes,Yes,46-55,Hyderabad,5,No,No Phone Service,Fiber Optic,Yes,No,Yes,No,No,No,One Year,Yes,Bank Transfer (Auto),98.74,489.28,0,No
CUST-103851,Male,0,Yes,No,18-25,Mumbai,27,Yes,Yes,Fiber Optic,No,Yes,Yes,Yes,No,Yes,One Year,No,Credit Card (Auto),114.8,3199.06,2,No
CUST-103852,Male,0,Yes,Yes,18-25,Kolkata,66,Yes,No,DSL,No,Yes,No,No,No,Yes,Month-to-Month,No,Bank Transfer (Auto),79.37,5316.4,1,No
CUST-103853,Male,0,No,No,18-25,Mumbai,5,Yes,No,DSL,No,Yes,Yes,No,No,No,One Year,Yes,Bank Transfer (Auto),70.39,348.33,1,No
CUST-103854,Female,1,No,No,18-25,Hyderabad,7,Yes,No,DSL,No,No,No,No,Yes,No,Two Year,Yes,Bank Transfer (Auto),64.17,461.75,1,No
CUST-103855,Male,1,Yes,No,18-25,Kolkata,3,No,No Phone Service,DSL,No,Yes,Yes,No,No,No,Month-to-Month,Yes,Credit Card (Auto),88.53,232.5,1,No
CUST-103856,female,0,Yes,Yes,18-25,Mumbai,32,Yes,Yes,DSL,No,No,Yes,Yes,Yes,Yes,Month-to-Month,No,Electronic Check,96.34,3078.09,2,No
CUST-103857,Male,0,No,No,26-35,Chennai,12,Yes,No,No,No Internet Service,No Internet Service,No Internet Service,No Internet Service,No Internet Service,No Internet Service,Month-to-Month,No,Electronic Check,62.96,677.8,2,No
CUST-103858,Female,1,No,No,18-25,Delhi,1,Yes,No,Fiber Optic,Yes,No,No,No,Yes,Yes,Month-to-Month,Yes,Bank Transfer (Auto),102.42,73.1,1,No
CUST-103859,Male,0,No,No,26-35,Delhi,49,Yes,No,Fiber Optic,No,No,Yes,Yes,Yes,Yes,Month-to-Month,Yes,Electronic Check,124.4,6135.29,0,Yes
CUST-103860,Female,0,No,No,18-25,Mumbai,19,Yes,No,DSL,No,No,Yes,No,No,Yes,Month-to-Month,No,Credit Card (Auto),86.61,1594.38,2,Yes
CUST-103861,Female,0,Yes,Yes,18-25,Bangalore,9,No,No Phone Service,Fiber Optic,No,Yes,No,No,Yes,No,Month-to-Month,Yes,Bank Transfer (Auto),108.19,958.05,1,Yes
CUST-103862,Male,0,No,No,18-25,Kolkata,10,Yes,No,DSL,Yes,No,Yes,No,No,Yes,One Year,Yes,Electronic Check,78.17,809.63,2,Yes
CUST-103863,Female,0,Yes,No,36-45,Pune,8,Yes,No,Fiber Optic,Yes,No,No,No,Yes,No,Month-to-Month,Yes,Credit Card (Auto),86.91,680.8,0,No
CUST-103864,Female,0,Yes,Yes,18-25,Hyderabad,14,Yes,No,Fiber Optic,Yes,Yes,No,Yes,No,No,Month-to-Month,No,Electronic Check,98.22,1432.65,1,Yes
CUST-103865,Female,0,No,No,56-65,Kolkata,9,Yes,Yes,No,No Internet Service,No Internet Service,No Internet Service,No Internet Service,No Internet Service,No Internet Service,Two Year,No,Credit Card (Auto),55.81,562.14,3,No
CUST-103866,Female,0,Yes,No,56-65,Kolkata,19,Yes,No,Fiber Optic,Yes,Yes,No,No,No,Yes,Two Year,Yes,Credit Card (Auto),92.19,1720.71,2,No
CUST-103867,Female,0,No,Yes,26-35,Chennai,35,Yes,No,DSL,No,No,No,No,No,Yes,Month-to-Month,Yes,Bank Transfer (Auto),63.52,2201.35,2,No
CUST-103868,Female,0,Yes,No,18-25,Bangalore,26,Yes,No,Fiber Optic,No,Yes,Yes,No,No,Yes,Month-to-Month,Yes,Electronic Check,104.14,2709.89,1,Yes
CUST-103869,Female,0,No,Yes,18-25,Kolkata,8,Yes,No,Fiber Optic,No,No,No,No,Yes,No,Two Year,Yes,Electronic Check,76.99,582.67,3,Yes
CUST-103870,Female,0,No,No,18-25,Bangalore,18,Yes,No,Fiber Optic,Yes,Yes,Yes,No,Yes,Yes,Month-to-Month,Yes,Mailed Check,122.8,2292.08,0,Yes
CUST-103871, Male ,0,Yes,No,26-35,Delhi,44,Yes,No,Fiber Optic,No,No,No,No,Yes,No,Month-to-Month,Yes,Credit Card (Auto),81.53,3566.7,0,No
CUST-103872,Male,1,No,No,26-35,Hyderabad,1,Yes,Yes,No,No Internet Service,No Internet Service,No Internet Service,No Internet Service,No Internet Service,No Internet Service,Month-to-Month,Yes,Electronic Check,41.36,86.9,2,Yes
CUST-103873,Female,1,Yes,No,26-35,Mumbai,1,Yes,No,No,No Internet Service,No Internet Service,No Internet Service,No Internet Service,No Internet Service,No Internet Service,Month-to-Month,No,Electronic Check,52.06,0.0,0,Yes
CUST-103874,Female,0,No,Yes,26-35,Delhi,19,Yes,Yes,DSL,No,No,No,No,No,No,Month-to-Month,Yes,Electronic Check,63.91,1175.65,3,Yes
CUST-103875,Male,0,Yes,Yes,18-25,Kolkata,24,Yes,No,No,No Internet Service,No Internet Service,No Internet Service,No Internet Service,No Internet Service,No Internet Service,Month-to-Month,No,Mailed Check,47.05,1074.93,2,No
CUST-103876,Male,0,No,Yes,26-35,Bangalore,5,Yes,No,DSL,No,No,Yes,No,No,Yes,One Year,Yes,Credit Card (Auto),83.28,354.19,0,No
CUST-103877,Male,0,Yes,No,26-35,Hyderabad,32,Yes,No,Fiber Optic,Yes,No,No,Yes,No,No,Two Year,No,Electronic Check,84.57,2680.42,2,No
CUST-103878,Female,1,Yes,No,26-35,Hyderabad,24,No,No Phone Service,Fiber Optic,Yes,Yes,No,Yes,Yes,Yes,Two Year,No,Electronic Check,106.58,2576.29,2,No
CUST-103879,Male,1,Yes,No,18-25,Hyderabad,61,Yes,Yes,DSL,No,No,Yes,Yes,Yes,No,Month-to-Month,Yes,Bank Transfer (Auto),85.8,5310.47,1,Yes
CUST-103880,Female,0,Yes,Yes,36-45,Delhi,4,Yes,No,Fiber Optic,No,Yes,No,Yes,Yes,No,Month-to-Month,No,Credit Card (Auto),85.99,333.85,1,No
CUST-103881,Female,0,No,No,26-35,Ahmedabad,33,Yes,Yes,Fiber Optic,No,Yes,No,Yes,No,No,One Year,No,Credit Card (Auto),81.54,2694.91,2,No
CUST-103882,Male,0,No,No,18-25,Chennai,2,Yes,Yes,No,No Internet Service,No Internet Service,No Internet Service,No Internet Service,No Internet Service,No Internet Service,Month-to-Month,No,Credit Card (Auto),59.45,135.86,1,Yes
CUST-103883,Female,0,No,No,26-35,Chennai,19,Yes,No,Fiber Optic,No,Yes,Yes,Yes,Yes,No,Month-to-Month,Yes,Electronic Check,101.14,1885.24,2,Yes
CUST-103884,Female,0,Yes,No,18-25,Kolkata,19,Yes,No,Fiber Optic,No,No,No,Yes,Yes,No,Month-to-Month,Yes,Mailed Check,96.97,1841.24,1,Yes
CUST-103885,Female,0,No,Yes,18-25,Chennai,11,No,No Phone Service,Fiber Optic,No,No,No,Yes,Yes,No,Month-to-Month,No,Credit Card (Auto),74.89,928.17,2,Yes
CUST-103886,Female,0,Yes,Yes,36-45,Mumbai,44,Yes,Yes,DSL,No,No,Yes,No,Yes,Yes,Month-to-Month,Yes,Credit Card (Auto),75.08,3322.93,1,No
CUST-103887,Male,0,No,No,26-35,Bangalore,0,Yes,No,Fiber Optic,No,Yes,No,No,No,No,Month-to-Month,No,Bank Transfer (Auto),89.99,104.37,1,No
CUST-103888,Male,0,No,No,18-25,Bangalore,17,Yes,No,DSL,No,Yes,No,No,Yes,No,Two Year,No,Bank Transfer (Auto),85.82,1460.14,1,No
CUST-103889,Female,0,Yes,Yes,26-35,Chennai,5,Yes,Yes,Fiber Optic,No,No,No,No,No,No,Month-to-Month,Yes,Credit Card (Auto),78.88,363.39,0,No
CUST-103890,Female,0,Yes,Yes,46-55,Pune,32,Yes,Yes,DSL,No,No,No,No,No,Yes,Two Year,Yes,Mailed Check,67.66,2217.3,2,No
CUST-103891,Male,0,Yes,No,18-25,Hyderabad,1,Yes,No,Fiber Optic,Yes,Yes,No,Yes,No,Yes,Two Year,Yes,Electronic Check,98.57,161.76,0,Yes
CUST-103892,Female,0,No,No,18-25,Bangalore,42,Yes,No,No,No Internet Service,No Internet Service,No Internet Service,No Internet Service,No Internet Service,No Internet Service,Month-to-Month,Yes,Bank Transfer (Auto),45.82,1899.61,1,No
CUST-103893,Male,0,No,Yes,36-45,Kolkata,43,Yes,Yes,DSL,Yes,Yes,Yes,No,Yes,No,One Year,Yes,Credit Card (Auto),83.75,3619.47,1,No
CUST-103894,Female,1,No,No,18-25,Hyderabad,42,Yes,No,DSL,Yes,No,No,No,Yes,No,One Year,No,Bank Transfer (Auto),67.1,2815.02,1,No
CUST-103895,Female,0,Yes,No,18-25,Kolkata,3,Yes,No,DSL,No,No,Yes,No,Yes,No,Month-to-Month,Yes,Credit Card (Auto),76.0,158.96,1,No
CUST-103896,Male,0,No,No,26-35,Ahmedabad,23,Yes,Yes,DSL,No,Yes,No,Yes,No,No,Month-to-Month,Yes,Mailed Check,90.94,2025.47,1,No
CUST-103897,Male,0,No,No,46-55,Bangalore,0,Yes,No,Fiber Optic,No,No,Yes,No,No,Yes,Month-to-Month,Yes,Electronic Check,108.43,0.0,0,Yes
CUST-103898,Male,0,Yes,Yes,18-25,Delhi,45,Yes,No,DSL,No,No,No,No,Yes,Yes,One Year,No,Electronic Check,87.54,3996.8,4,No
CUST-103899,Male,1,No,No,36-45,Bangalore,30,Yes,Yes,DSL,No,Yes,No,No,Yes,Yes,Month-to-Month,Yes,Credit Card (Auto),83.76,2555.32,2,No
CUST-103900,Female,0,Yes,No,18-25,Mumbai,18,Yes,No,DSL,No,No,No,Yes,No,No,Month-to-Month,No,Mailed Check,68.39,1185.21,0,No
CUST-103901,Male,1,Yes,No,18-25,Bangalore,31,Yes,No,Fiber Optic,No,No,No,Yes,Yes,Yes,Month-to-Month,Yes,Electronic Check,94.09,2860.67,0,No
CUST-103902,Female,0,No,No,26-35,Hyderabad,2,Yes,Yes,Fiber Optic,Yes,No,No,No,No,Yes,Month-to-Month,No,Credit Card (Auto),88.0,132.32,1,No
CUST-103903,Male,1,Yes,No,18-25,Delhi,18,Yes,No,Fiber Optic,No,No,No,No,Yes,No,Month-to-Month,No,Mailed Check,87.52,1527.48,1,No
CUST-103904,Male,0,No,No,46-55,Delhi,8,Yes,Yes,Fiber Optic,Yes,No,No,Yes,No,Yes,Month-to-Month,Yes,Credit Card (Auto),114.73,873.75,3,Yes
CUST-103905,Female,1,No,No,18-25,Bangalore,72,No,No Phone Service,No,No Internet Service,No Internet Service,No Internet Service,No Internet Service,No Internet Service,No Internet Service,Two Year,Yes,Bank Transfer (Auto),51.38,3598.08,1,No
CUST-103906,Male,0,Yes,Yes,46-55,Mumbai,46,Yes,Yes,Fiber Optic,No,No,Yes,Yes,No,Yes,One Year,Yes,Electronic Check,95.28,4260.74,1,Yes
CUST-103907,Male,0,No,Yes,36-45,Hyderabad,31,Yes,No,Fiber Optic,No,No,Yes,Yes,No,No,One Year,Yes,Bank Transfer (Auto),85.8,2531.81,1,No
CUST-103908,Male,0,No,No,36-45,Chennai,65,Yes,Yes,DSL,No,Yes,No,No,Yes,No,One Year,Yes,Credit Card (Auto),69.0,4407.47,2,No
CUST-103909,Male,1,Yes,No,18-25,Hyderabad,10,Yes,Yes,No,No Internet Service,No Internet Service,No Internet Service,No Internet Service,No Internet Service,No Internet Service,One Year,Yes,Electronic Check,51.69,575.22,2,Yes
CUST-103910,Female,0,Yes,No,18-25,Delhi,55,Yes,Yes,DSL,No,No,Yes,No,No,No,One Year,Yes,Credit Card (Auto),79.75,4566.53,2,No
CUST-103911,Female,0,Yes,No,26-35,Kolkata,9,Yes,No,Fiber Optic,No,Yes,Yes,No,Yes,No,Month-to-Month,Yes,Electronic Check,95.02,956.18,5,Yes
CUST-103912,Male,1,Yes,No,18-25,Mumbai,31,Yes,No,Fiber Optic,No,No,No,No,No,Yes,Two Year,Yes,Mailed Check,82.11,2557.85,3,No
CUST-103913,Male,0,Yes,No,26-35,Mumbai,32,Yes,Yes,Fiber Optic,Yes,No,Yes,Yes,No,No,Month-to-Month,Yes,Mailed Check,104.75,3313.21,0,No
CUST-103914,Male,0,Yes,No,18-25,Mumbai,0,Yes,No,Fiber Optic,No,No,Yes,No,No,No,Month-to-Month,No,Credit Card (Auto),101.17,0.0,1,No
CUST-103915,Female,0,Yes,No,18-25,Pune,10,Yes,No,Fiber Optic,No,No,No,No,No,Yes,Month-to-Month,No,Mailed Check,106.3,1070.02,0,Yes
CUST-103916,Female,0,No,No,46-55,Pune,0,Yes,No,Fiber Optic,No,No,Yes,Yes,No,No,Month-to-Month,Yes,Mailed Check,101.39,103.35,2,No
CUST-103917,Female,1,Yes,No,18-25,Pune,72,Yes,No,No,No Internet Service,No Internet Service,No Internet Service,No Internet Service,No Internet Service,No Internet Service,One Year,No,Credit Card (Auto),44.52,3155.86,1,No
CUST-103918,Female,0,No,No,18-25,Bangalore,3,Yes,Yes,Fiber Optic,Yes,No,No,No,Yes,No,Month-to-Month,Yes,Electronic Check,86.25,258.9,0,Yes
CUST-103919,Male,0,No,No,56-65,Kolkata,18,Yes,No,DSL,No,No,No,No,No,Yes,Two Year,Yes,Electronic Check,69.56,1256.95,2,No
CUST-103920,Male,1,No,No,36-45,Kolkata,37,Yes,Yes,No,No Internet Service,No Internet Service,No Internet Service,No Internet Service,No Internet Service,No Internet Service,Month-to-Month,No,Electronic Check,40.08,1478.55,1,Yes
CUST-103921,Male,0,Yes,Yes,18-25,Kolkata,5,Yes,No,DSL,No,Yes,Yes,No,No,No,Month-to-Month,No,Bank Transfer (Auto),71.9,259.06,4,No
CUST-103922,Female,0,No,Yes,18-25,Pune,15,Yes,No,Fiber Optic,No,Yes,No,Yes,Yes,No,Month-to-Month,Yes,Mailed Check,118.87,1769.26,2,Yes
CUST-103923,Male,0,No,No,36-45,Kolkata,22,No,No Phone Service,Fiber Optic,No,Yes,Yes,Yes,No,Yes,One Year,Yes,Credit Card (Auto),116.3,2490.98,4,No
CUST-103924,Female,0,No,No,26-35,Chennai,4,Yes,Yes,No,No Internet Service,No Internet Service,No Internet Service,No Internet Service,No Internet Service,No Internet Service,Two Year,Yes,Mailed Check,50.61,316.84,0,No
CUST-103925,Female,0,Yes,No,36-45,Ahmedabad,36,Yes,No,Fiber Optic,No,Yes,No,No,Yes,Yes,Month-to-Month,No,Electronic Check,99.96,3627.11,1,No
CUST-103926,Male,1,Yes,Yes,18-25,Chennai,8,Yes,No,DSL,No,No,No,Yes,Yes,Yes,Month-to-Month,Yes,Credit Card (Auto),85.09,736.54,4,No
CUST-103927,Male,0,No,No,18-25,Delhi,5,Yes,Yes,No,No Internet Service,No Internet Service,No Internet Service,No Internet Service,No Internet Service,No Internet Service,Two Year,Yes,Electronic Check,34.65,129.0,3,No
CUST-103928,Male,0,Yes,No,36-45,Delhi,19,Yes,Yes,Fiber Optic,Yes,No,No,No,No,No,Month-to-Month,Yes,Credit Card (Auto),95.14,1785.2,1,No
CUST-103929,Female,0,Yes,No,18-25,Bangalore,12,Yes,Yes,DSL,No,Yes,No,No,No,No,Month-to-Month,Yes,Electronic Check,79.32,1053.94,3,Yes
CUST-103930,Female,0,Yes,Yes,26-35,Pune,60,Yes,Yes,No,No Internet Service,No Internet Service,No Internet Service,No Internet Service,No Internet Service,No Internet Service,Month-to-Month,Yes,Electronic Check,43.26,2646.8,2,No
CUST-103931,Male,1,No,No,18-25,Mumbai,50,Yes,Yes,DSL,No,No,Yes,Yes,Yes,Yes,Month-to-Month,Yes,Mailed Check,82.0,4121.08,1,No
CUST-103932,Male,1,No,No,26-35,Delhi,15,Yes,No,Fiber Optic,Yes,Yes,No,No,Yes,Yes,Month-to-Month,Yes,Electronic Check,119.24,1855.78,2,Yes
CUST-103933,Female,0,Yes,Yes,18-25,Mumbai,10,No,No Phone Service,No,No Internet Service,No Internet Service,No Internet Service,No Internet Service,No Internet Service,No Internet Service,Month-to-Month,No,Electronic Check,40.12,499.26,0,No
CUST-103934,Male,0,No,No,36-45,Delhi,9,Yes,No,DSL,No,No,No,No,No,Yes,Two Year,No,Mailed Check,77.45,772.93,1,No
CUST-103935,Female,0,No,No,26-35,Delhi,7,Yes,No,DSL,Yes,No,No,No,No,Yes,One Year,No,Electronic Check,72.58,560.54,2,No
CUST-103936,Female,0,No,No,26-35,Hyderabad,18,Yes,Yes,DSL,No,No,Yes,Yes,No,Yes,Two Year,No,Electronic Check,89.47,1667.75,2,No
CUST-103937,Male,0,No,No,18-25,Bangalore,39,Yes,No,Fiber Optic,Yes,No,No,No,No,No,Month-to-Month,No,Electronic Check,82.9,3216.63,0,No
CUST-103938,Male,0,No,No,26-35,Mumbai,8,Yes,No,Fiber Optic,Yes,No,No,No,No,No,One Year,Yes,Mailed Check,87.37,708.74,1,No
CUST-103939,Male,0,No,No,18-25,Mumbai,5,Yes,No,Fiber Optic,No,No,No,No,No,No,One Year,Yes,Mailed Check,78.84,428.23,1,Yes
CUST-103940,Male,0,Yes,No,18-25,Hyderabad,15,Yes,Yes,Fiber Optic,No,No,Yes,No,No,Yes,Two Year,Yes,Electronic Check,87.95,1335.16,2,No
CUST-103941,Female,0,No,Yes,18-25,Mumbai,1,Yes,No,Fiber Optic,Yes,Yes,Yes,No,Yes,No,Month-to-Month,Yes,Bank Transfer (Auto),113.0,138.15,1,Yes
CUST-103942,Female,0,Yes,Yes,18-25,Pune,28,Yes,Yes,Fiber Optic,No,Yes,No,No,No,No,Month-to-Month,Yes,Bank Transfer (Auto),89.4,2496.14,3,Yes
CUST-103943,Female,0,Yes,No,26-35,Mumbai,17,Yes,Yes,Fiber Optic,No,No,No,No,No,No,One Year,No,Bank Transfer (Auto),80.77,1236.56,4,No
CUST-103944,Male,0,No,Yes,26-35,Delhi,16,Yes,No,No,No Internet Service,No Internet Service,No Internet Service,No Internet Service,No Internet Service,No Internet Service,Two Year,Yes,Mailed Check,41.13,691.91,2,No
CUST-103945,Female,0,No,No,26-35,Kolkata,8,Yes,No,DSL,No,No,No,No,No,No,Two Year,Yes,Electronic Check,69.91,,0,No
CUST-103946,Male,1,No,No,26-35,Hyderabad,56,Yes,Yes,DSL,No,Yes,No,Yes,No,Yes,One Year,Yes,Mailed Check,85.15,4774.75,0,No
CUST-103947,Male,0,Yes,No,18-25,Ahmedabad,2,Yes,No,DSL,Yes,No,No,No,No,No,Month-to-Month,Yes,Credit Card (Auto),75.25,260.55,2,No
CUST-103948,Male,0,Yes,No,26-35,Mumbai,48,Yes,No,Fiber Optic,No,No,No,No,No,No,Month-to-Month,Yes,Mailed Check,67.87,3275.59,1,No
CUST-103949,Male,0,No,No,18-25,Mumbai,11,Yes,No,DSL,No,No,Yes,No,No,Yes,Two Year,Yes,Electronic Check,89.64,945.79,2,Yes
CUST-103950,Male,1,Yes,No,18-25,Mumbai,51,Yes,Yes,DSL,No,No,No,No,No,No,Month-to-Month,No,Electronic Check,55.36,2857.76,0,No
CUST-103951,Male,1,No,Yes,18-25,Ahmedabad,31,Yes,Yes,No,No Internet Service,No Internet Service,No Internet Service,No Internet Service,No Internet Service,No Internet Service,Month-to-Month,Yes,Credit Card (Auto),41.33,1285.51,0,No
CUST-103952,Female,0,Yes,Yes,36-45,Chennai,2,Yes,No,Fiber Optic,No,No,No,No,No,Yes,Two Year,Yes,Bank Transfer (Auto),91.66,,2,No
CUST-103953,Male,0,Yes,No,,Bangalore,42,No,No Phone Service,DSL,Yes,Yes,No,Yes,No,Yes,Month-to-Month,No,Electronic Check,73.63,3062.62,0,No
CUST-103954,Female,1,No,Yes,36-45,Bangalore,27,No,No Phone Service,DSL,No,No,Yes,No,No,No,One Year,Yes,Electronic Check,69.93,1847.36,2,No
CUST-103955,Female,0,Yes,No,18-25,Pune,0,No,No Phone Service,DSL,No,No,Yes,No,No,No,One Year,Yes,Credit Card (Auto),68.75,0.0,1,No
CUST-103956,Male,0,Yes,No,26-35,Chennai,3,Yes,Yes,Fiber Optic,No,Yes,No,Yes,Yes,No,Month-to-Month,Yes,Electronic Check,106.69,233.61,1,No
CUST-103957,Male,0,Yes,No,18-25,Bangalore,24,Yes,Yes,DSL,No,No,No,No,No,Yes,Month-to-Month,No,Bank Transfer (Auto),69.72,1651.4,1,No
CUST-103958,Male,0,No,Yes,18-25,Chennai,26,Yes,No,DSL,No,No,No,No,Yes,Yes,Month-to-Month,No,Bank Transfer (Auto),74.42,2014.4,4,Yes
CUST-103959,Female,0,No,No,18-25,Bangalore,32,Yes,Yes,DSL,No,No,No,No,No,Yes,One Year,Yes,Mailed Check,65.65,2064.46,2,No
CUST-103960,Male,0,Yes,Yes,26-35,Bangalore,30,Yes,No,DSL,No,No,Yes,No,Yes,Yes,Month-to-Month,No,Electronic Check,62.84,1817.36,1,No
CUST-103961,Female,0,Yes,No,26-35,Kolkata,25,Yes,Yes,Fiber Optic,No,No,Yes,Yes,No,No,Month-to-Month,No,Electronic Check,114.23,2829.35,0,No
CUST-103962,Male,1,No,Yes,18-25,Mumbai,34,Yes,Yes,Fiber Optic,Yes,Yes,No,No,No,Yes,Two Year,No,Credit Card (Auto),76.24,2603.18,3,No
CUST-103963,Male,0,Yes,No,36-45,Bangalore,20,Yes,No,Fiber Optic,No,No,Yes,Yes,Yes,Yes,Month-to-Month,No,Mailed Check,102.8,2018.7,1,No
CUST-103964,Female,0,No,Yes,36-45,Mumbai,7,Yes,No,Fiber Optic,No,No,No,No,Yes,No,Month-to-Month,Yes,Credit Card (Auto),90.62,637.92,0,No
CUST-103965,Female,0,Yes,Yes,36-45,Mumbai,58,Yes,No,Fiber Optic,No,No,Yes,Yes,No,No,Month-to-Month,No,Bank Transfer (Auto),102.42,5952.93,2,Yes
CUST-103966,Male,0,Yes,No,26-35,Ahmedabad,0,Yes,No,Fiber Optic,No,Yes,No,No,No,Yes,Month-to-Month,Yes,Credit Card (Auto),106.94,0.09,4,No
CUST-103967,Female,0,No,Yes,18-25,Hyderabad,10,Yes,Yes,Fiber Optic,Yes,Yes,Yes,No,No,No,Two Year,Yes,Credit Card (Auto),96.3,958.53,3,No
CUST-103968,Female,1,Yes,No,56-65,Ahmedabad,31,Yes,No,DSL,No,No,Yes,No,No,No,Month-to-Month,Yes,Mailed Check,74.08,2384.66,3,No
CUST-103969,Female,0,No,Yes,46-55,Kolkata,13,Yes,Yes,No,No Internet Service,No Internet Service,No Internet Service,No Internet Service,No Internet Service,No Internet Service,Month-to-Month,Yes,Electronic Check,44.22,583.69,1,No
CUST-103970,Female,0,Yes,No,26-35,Ahmedabad,0,Yes,No,Fiber Optic,Yes,Yes,No,No,Yes,No,Two Year,No,Bank Transfer (Auto),85.96,0.0,2,No
CUST-103971,Female,0,Yes,No,46-55,Ahmedabad,1,Yes,No,Fiber Optic,No,Yes,Yes,No,No,No,One Year,No,Bank Transfer (Auto),73.23,110.96,2,Yes
CUST-103972,Male,0,No,Yes,18-25,Kolkata,25,Yes,Yes,No,No Internet Service,No Internet Service,No Internet Service,No Internet Service,No Internet Service,No Internet Service,Month-to-Month,Yes,Mailed Check,27.79,691.75,1,No
CUST-103973,Male,1,Yes,No,26-35,Pune,72,Yes,No,DSL,No,No,Yes,Yes,Yes,No,Two Year,Yes,Credit Card (Auto),80.7,5813.97,0,No
CUST-103974,Female,0,No,No,26-35,Pune,19,Yes,No,Fiber Optic,Yes,No,No,No,Yes,No,One Year,Yes,Electronic Check,91.74,1793.73,0,Yes
CUST-103975,Male,1,Yes,Yes,26-35,Ahmedabad,16,Yes,No,DSL,Yes,Yes,No,No,No,No,Month-to-Month,Yes,Electronic Check,71.58,1212.35,0,Yes
CUST-103976,Male,0,No,Yes,46-55,Ahmedabad,9,Yes,Yes,Fiber Optic,No,No,Yes,No,Yes,No,One Year,No,Bank Transfer (Auto),96.37,810.37,0,No
CUST-103977,Female,0,No,No,26-35,Ahmedabad,7,Yes,No,DSL,No,No,Yes,No,Yes,Yes,Two Year,Yes,Electronic Check,87.84,701.48,0,Yes
CUST-103978,Male,0,Yes,No,18-25,Hyderabad,0,Yes,No,No,No Internet Service,No Internet Service,No Internet Service,No Internet Service,No Internet Service,No Internet Service,Month-to-Month,Yes,Mailed Check,47.18,0.0,2,No
CUST-103979,Female,0,No,No,36-45,Kolkata,7,Yes,No,Fiber Optic,No,Yes,No,Yes,Yes,No,One Year,No,Credit Card (Auto),114.8,800.71,3,No
CUST-103980,Female,0,No,No,36-45,Hyderabad,14,Yes,No,No,No Internet Service,No Internet Service,No Internet Service,No Internet Service,No Internet Service,No Internet Service,Two Year,Yes,Bank Transfer (Auto),36.18,456.02,1,No
CUST-103981,Male,0,Yes,No,26-35,Hyderabad,5,Yes,Yes,Fiber Optic,No,Yes,No,Yes,No,Yes,One Year,Yes,Credit Card (Auto),82.63,450.49,4,No
CUST-103982,Female,0,No,Yes,26-35,Kolkata,2,Yes,Yes,DSL,No,No,No,Yes,Yes,No,Month-to-Month,Yes,Bank Transfer (Auto),66.7,62.31,3,No
CUST-103983,Female,0,No,No,26-35,Kolkata,30,No,No Phone Service,DSL,No,No,No,Yes,Yes,No,Month-to-Month,No,Bank Transfer (Auto),72.26,2194.72,0,No
CUST-103984,Female,0,Yes,No,26-35,Kolkata,54,Yes,Yes,No,No Internet Service,No Internet Service,No Internet Service,No Internet Service,No Internet Service,No Internet Service,One Year,Yes,Bank Transfer (Auto),50.52,2810.65,1,No
CUST-103985,Female,0,Yes,No,18-25,Kolkata,66,No,No Phone Service,Fiber Optic,No,No,No,Yes,No,Yes,Month-to-Month,No,Electronic Check,94.93,6249.65,2,Yes
CUST-103986,Female,1,Yes,No,36-45,Bangalore,23,Yes,Yes,DSL,Yes,No,No,No,No,No,Two Year,Yes,Mailed Check,58.12,1390.85,1,No
CUST-103987,Male,0,Yes,No,46-55,Hyderabad,1,Yes,No,DSL,No,No,No,No,No,No,Month-to-Month,Yes,Electronic Check,62.06,66.16,1,Yes
CUST-103988,Male,0,No,No,18-25,Delhi,32,Yes,Yes,DSL,Yes,No,No,Yes,No,No,Month-to-Month,Yes,Credit Card (Auto),87.94,2744.47,0,No
CUST-103989,Female,0,No,No,26-35,Bangalore,2,Yes,Yes,Fiber Optic,No,No,Yes,No,No,No,One Year,No,Electronic Check,90.4,186.79,4,No
CUST-103990,Female,0,No,Yes,18-25,Ahmedabad,26,Yes,No,Fiber Optic,No,No,No,Yes,No,No,Month-to-Month,Yes,Electronic Check,86.82,2248.05,0,No
CUST-103991,Male,0,Yes,Yes,18-25,Kolkata,36,Yes,No,DSL,No,No,No,No,No,Yes,Month-to-Month,Yes,Bank Transfer (Auto),75.78,2772.9,1,No
CUST-103992,Female,0,Yes,No,18-25,Bangalore,31,Yes,No,No,No Internet Service,No Internet Service,No Internet Service,No Internet Service,No Internet Service,No Internet Service,Month-to-Month,No,Mailed Check,51.0,1562.83,1,No
CUST-103993,Male,0,No,No,36-45,Chennai,72,Yes,Yes,Fiber Optic,Yes,Yes,No,Yes,No,Yes,One Year,Yes,Electronic Check,101.78,7353.11,2,No
CUST-103994,Female,1,No,Yes,18-25,Delhi,32,Yes,Yes,DSL,Yes,No,Yes,No,No,Yes,Two Year,Yes,Electronic Check,81.1,2542.42,2,No
CUST-103995,Female,0,No,No,26-35,Delhi,28,Yes,No,Fiber Optic,No,Yes,No,No,No,No,One Year,Yes,Credit Card (Auto),87.54,2472.59,1,No
CUST-103996,Female,0,Yes,No,26-35,Bangalore,7,Yes,No,Fiber Optic,No,No,No,Yes,No,No,Month-to-Month,Yes,Mailed Check,95.55,670.04,0,No
CUST-103997,Female,0,Yes,Yes,26-35,Delhi,62,Yes,No,Fiber Optic,No,No,No,No,No,No,Month-to-Month,No,Electronic Check,97.87,6061.56,0,No
CUST-103998,Female,0,Yes,Yes,26-35,Hyderabad,4,Yes,Yes,DSL,No,Yes,No,No,No,No,Two Year,Yes,Mailed Check,73.86,296.99,0,No
CUST-103999,Female,0,No,No,26-35,Bangalore,56,Yes,No,No,No Internet Service,No Internet Service,No Internet Service,No Internet Service,No Internet Service,No Internet Service,Two Year,Yes,Electronic Check,49.76,2771.94,3,No
CUST-104000,Female,0,Yes,No,36-45,Mumbai,8,Yes,Yes,No,No Internet Service,No Internet Service,No Internet Service,No Internet Service,No Internet Service,No Internet Service,Month-to-Month,No,Electronic Check,46.32,377.64,0,No
CUST-104001,Male,0,No,No,18-25,Pune,3,Yes,Yes,Fiber Optic,No,No,No,No,No,Yes,One Year,Yes,Credit Card (Auto),77.53,222.74,5,No
CUST-104002,Male,0,No,No,18-25,Pune,42,Yes,Yes,DSL,Yes,No,Yes,No,Yes,No,Month-to-Month,Yes,Mailed Check,83.43,3455.39,1,Yes
CUST-104003,Male,0,Yes,No,18-25,Kolkata,0,Yes,Yes,Fiber Optic,No,Yes,Yes,Yes,No,No,Month-to-Month,No,Electronic Check,102.04,,1,Yes
CUST-104004,Female,0,No,Yes,26-35,Pune,42,Yes,No,Fiber Optic,No,Yes,No,No,Yes,Yes,Two Year,Yes,Credit Card (Auto),99.92,4171.92,1,No
CUST-104005,Female,0,No,No,18-25,Delhi,7,Yes,Yes,Fiber Optic,Yes,No,Yes,Yes,No,No,Month-to-Month,No,Credit Card (Auto),105.45,722.29,2,No
CUST-104006,Female,0,No,No,36-45,Chennai,51,Yes,No,Fiber Optic,No,No,No,No,No,No,Month-to-Month,No,Electronic Check,75.7,3710.47,1,Yes
CUST-104007,Female,1,Yes,No,36-45,Ahmedabad,28,Yes,No,DSL,No,No,No,No,No,Yes,Month-to-Month,Yes,Mailed Check,76.78,2150.81,1,No
CUST-104008,Female,1,Yes,Yes,18-25,Kolkata,26,Yes,No,DSL,Yes,No,No,Yes,No,Yes,Month-to-Month,No,Credit Card (Auto),101.33,2744.73,1,No
CUST-104009,Female,0,Yes,Yes,18-25,Bangalore,10,Yes,Yes,No,No Internet Service,No Internet Service,No Internet Service,No Internet Service,No Internet Service,No Internet Service,One Year,Yes,Mailed Check,51.75,552.0,2,No
CUST-104010,Female,0,Yes,No,26-35,Chennai,1,Yes,Yes,Fiber Optic,No,No,Yes,No,No,Yes,Month-to-Month,Yes,Bank Transfer (Auto),95.25,86.68,0,No
CUST-104011,Male,0,No,No,36-45,Mumbai,42,Yes,No,Fiber Optic,No,No,Yes,Yes,No,No,One Year,No,Bank Transfer (Auto),87.27,3624.57,1,No
CUST-104012,Female,1,No,No,18-25,Delhi,4,Yes,Yes,Fiber Optic,No,No,No,No,Yes,No,Month-to-Month,No,Mailed Check,80.61,237.54,1,No
CUST-104013,Male,0,Yes,No,18-25,Bangalore,11,Yes,Yes,Fiber Optic,No,Yes,No,Yes,No,Yes,One Year,Yes,Bank Transfer (Auto),96.8,1109.23,0,No
CUST-104014,Male,0,No,No,18-25,Bangalore,22,Yes,No,No,No Internet Service,No Internet Service,No Internet Service,No Internet Service,No Internet Service,No Internet Service,Month-to-Month,No,Mailed Check,56.15,1256.57,1,No
CUST-104015,Female,0,No,No,18-25,Kolkata,15,Yes,No,Fiber Optic,No,No,No,No,No,No,One Year,Yes,Electronic Check,66.65,938.0,2,No
CUST-104016,Female,1,Yes,No,18-25,Ahmedabad,5,Yes,No,No,No Internet Service,No Internet Service,No Internet Service,No Internet Service,No Internet Service,No Internet Service,One Year,Yes,Credit Card (Auto),42.37,260.01,2,No
CUST-104017,Male,0,Yes,No,18-25,Bangalore,3,Yes,No,Fiber Optic,No,No,Yes,No,No,No,Two Year,No,Electronic Check,86.53,301.57,1,Yes
CUST-104018,Male,1,No,No,26-35,Bangalore,3,Yes,No,Fiber Optic,No,No,Yes,No,Yes,No,Two Year,Yes,Mailed Check,108.58,292.17,0,No
CUST-104019,Female,0,No,Yes,26-35,Mumbai,47,Yes,Yes,Fiber Optic,No,No,Yes,No,Yes,No,Month-to-Month,Yes,Bank Transfer (Auto),95.97,4495.99,0,No
CUST-104020,Female,0,No,Yes,46-55,Delhi,0,No,No Phone Service,No,No Internet Service,No Internet Service,No Internet Service,No Internet Service,No Internet Service,No Internet Service,Month-to-Month,Yes,Bank Transfer (Auto),49.53,12.49,1,No
CUST-104021,Male,0,Yes,No,36-45,Mumbai,72,Yes,No,Fiber Optic,No,Yes,No,No,Yes,Yes,One Year,No,Mailed Check,93.21,6738.76,1,No
CUST-104022,Female,0,Yes,No,26-35,Bangalore,5,Yes,No,No,No Internet Service,No Internet Service,No Internet Service,No Internet Service,No Internet Service,No Internet Service,One Year,Yes,Bank Transfer (Auto),54.52,217.86,1,No
CUST-104023,Female,0,Yes,No,36-45,Pune,2,Yes,No,Fiber Optic,No,No,No,No,No,Yes,Month-to-Month,Yes,Electronic Check,78.66,185.67,2,No
CUST-104024,Female,0,No,No,46-55,Mumbai,20,Yes,No,Fiber Optic,No,No,No,No,No,No,Month-to-Month,Yes,Bank Transfer (Auto),99.55,1993.96,2,Yes
CUST-104025,Male,1,No,No,18-25,Kolkata,2,Yes,No,DSL,Yes,No,No,No,Yes,Yes,One Year,Yes,Credit Card (Auto),98.98,253.5,3,No
CUST-104026,Male,0,Yes,No,26-35,Pune,22,Yes,Yes,Fiber Optic,Yes,No,Yes,No,No,No,Two Year,Yes,Credit Card (Auto),92.36,2070.05,2,No
CUST-104027,Male,0,No,No,18-25,Bangalore,45,Yes,No,Fiber Optic,No,Yes,No,Yes,Yes,No,Two Year,No,Bank Transfer (Auto),90.95,4095.64,0,No
CUST-104028,Female,0,No,Yes,65+,Hyderabad,1,Yes,No,No,No Internet Service,No Internet Service,No Internet Service,No Internet Service,No Internet Service,No Internet Service,Month-to-Month,No,Electronic Check,24.37,70.21,2,Yes
CUST-104029,Female,1,No,No,46-55,Mumbai,38,Yes,Yes,Fiber Optic,No,No,No,No,Yes,No,Month-to-Month,No,Electronic Check,102.13,3805.47,1,No
CUST-104030,Male,0,No,No,18-25,Pune,12,Yes,Yes,DSL,No,Yes,No,Yes,No,No,Month-to-Month,No,Mailed Check,64.51,755.41,0,Yes
CUST-104031,Male,1,Yes,No,26-35,Pune,4,Yes,Yes,Fiber Optic,No,No,No,Yes,No,No,Month-to-Month,No,Bank Transfer (Auto),85.01,291.4,2,No
CUST-104032,Male,1,No,No,26-35,Bangalore,4,Yes,Yes,Fiber Optic,No,Yes,Yes,No,Yes,No,One Year,Yes,Electronic Check,119.31,449.47,2,Yes
CUST-104033,Female,0,Yes,Yes,36-45,Delhi,60,Yes,No,Fiber Optic,No,No,No,Yes,No,No,One Year,Yes,Credit Card (Auto),78.76,4697.22,0,No
CUST-104034,Male,0,Yes,No,26-35,Hyderabad,2,Yes,Yes,DSL,Yes,No,No,No,Yes,Yes,Month-to-Month,No,Credit Card (Auto),78.48,93.82,0,No
CUST-104035,Male,0,No,No,18-25,Bangalore,48,Yes,No,DSL,No,No,No,Yes,Yes,Yes,Month-to-Month,Yes,Electronic Check,62.17,3031.8,2,No
CUST-104036,Female,0,No,No,26-35,Pune,18,Yes,No,DSL,No,Yes,No,No,Yes,No,Month-to-Month,Yes,Bank Transfer (Auto),83.28,1536.58,1,Yes
CUST-104037,Female,1,No,No,18-25,Pune,0,Yes,Yes,No,No Internet Service,No Internet Service,No Internet Service,No Internet Service,No Internet Service,No Internet Service,Two Year,No,Credit Card (Auto),33.05,0.0,0,No
CUST-104038,Female,0,No,No,36-45,Ahmedabad,14,Yes,Yes,Fiber Optic,Yes,No,Yes,Yes,No,No,Month-to-Month,Yes,Electronic Check,91.7,1168.04,1,Yes
CUST-104039,Male,0,No,No,18-25,Bangalore,40,Yes,Yes,Fiber Optic,No,Yes,No,No,No,Yes,Month-to-Month,Yes,Mailed Check,82.67,3281.54,0,No
CUST-104040,Female,0,No,Yes,18-25,Mumbai,31,Yes,Yes,Fiber Optic,Yes,No,No,No,Yes,No,One Year,No,Mailed Check,90.44,2801.21,1,No
CUST-104041,Female,0,Yes,No,18-25,Kolkata,16,Yes,Yes,DSL,No,No,No,No,Yes,Yes,One Year,No,Electronic Check,67.85,1153.45,2,No
CUST-104042,Male,1,No,No,18-25,Mumbai,47,Yes,No,DSL,No,No,No,Yes,No,No,Two Year,Yes,Bank Transfer (Auto),68.45,3188.95,1,No
CUST-104043,Female,0,No,No,65+,Bangalore,3,Yes,No,Fiber Optic,Yes,No,Yes,Yes,Yes,No,Month-to-Month,No,Credit Card (Auto),102.84,357.44,3,No
CUST-104044,Male,0,Yes,No,56-65,Delhi,57,Yes,No,Fiber Optic,No,No,No,No,No,No,Month-to-Month,Yes,Mailed Check,88.25,5005.01,0,No
CUST-104045,Male,0,Yes,No,26-35,Bangalore,44,Yes,No,DSL,Yes,Yes,No,No,No,Yes,Month-to-Month,Yes,Bank Transfer (Auto),90.73,4020.56,0,No
CUST-104046,Female,0,No,No,26-35,Delhi,29,Yes,No,No,No Internet Service,No Internet Service,No Internet Service,No Internet Service,No Internet Service,No Internet Service,Two Year,No,Electronic Check,46.78,1397.0,3,No
CUST-104047,Female,0,No,Yes,18-25,Chennai,40,Yes,No,DSL,No,No,No,No,Yes,No,One Year,No,Credit Card (Auto),74.98,3028.12,1,No
CUST-104048,Female,0,No,No,18-25,Hyderabad,18,Yes,No,Fiber Optic,Yes,No,No,No,Yes,No,Two Year,No,Credit Card (Auto),85.15,1484.84,1,No
CUST-104049,Female,0,No,Yes,18-25,Bangalore,26,Yes,Yes,DSL,No,No,No,No,No,Yes,Month-to-Month,No,Electronic Check,61.55,1582.12,0,No
CUST-104050,Female,0,Yes,Yes,18-25,Chennai,19,Yes,No,DSL,No,No,Yes,No,No,No,One Year,Yes,Credit Card (Auto),76.29,1478.87,1,No
CUST-104051,Female,0,No,No,26-35,Mumbai,10,Yes,No,Fiber Optic,No,No,No,Yes,No,Yes,Month-to-Month,No,Electronic Check,99.37,914.7,2,Yes
CUST-104052,Male,0,No,Yes,18-25,Kolkata,20,Yes,Yes,DSL,Yes,Yes,No,No,No,Yes,Month-to-Month,No,Electronic Check,70.04,1440.28,1,No
CUST-104053,Male,0,No,No,18-25,Bangalore,7,Yes,Yes,Fiber Optic,No,No,Yes,No,No,No,Month-to-Month,Yes,Bank Transfer (Auto),86.86,547.39,2,Yes
CUST-104054,Female,0,No,No,46-55,Chennai,13,Yes,Yes,Fiber Optic,No,No,No,No,No,No,One Year,No,Mailed Check,85.65,1045.86,2,No
CUST-104055,Male,0,No,No,18-25,Delhi,7,Yes,Yes,No,No Internet Service,No Internet Service,No Internet Service,No Internet Service,No Internet Service,No Internet Service,Month-to-Month,Yes,Bank Transfer (Auto),54.85,357.32,0,No
CUST-104056,Female,0,No,No,26-35,Ahmedabad,3,Yes,Yes,No,No Internet Service,No Internet Service,No Internet Service,No Internet Service,No Internet Service,No Internet Service,Two Year,Yes,Bank Transfer (Auto),37.06,76.93,4,No
CUST-104057,Male,0,No,No,26-35,Bangalore,9,Yes,Yes,DSL,No,No,No,Yes,No,Yes,One Year,Yes,Electronic Check,77.4,705.69,3,No
CUST-104058,Male,0,Yes,No,18-25,Delhi,45,Yes,No,Fiber Optic,No,No,No,Yes,No,No,Month-to-Month,Yes,Electronic Check,94.03,4244.71,1,No
CUST-104059,Male,1,No,No,18-25,Mumbai,11,Yes,No,DSL,No,No,Yes,No,Yes,No,One Year,Yes,Mailed Check,72.27,798.49,2,No
CUST-104060,Female,0,Yes,Yes,36-45,Delhi,33,Yes,No,Fiber Optic,Yes,Yes,No,No,No,No,Month-to-Month,Yes,Electronic Check,103.63,3370.64,0,No
CUST-104061,Male,0,Yes,No,18-25,Pune,4,Yes,Yes,Fiber Optic,No,Yes,No,No,Yes,No,Month-to-Month,No,Electronic Check,79.63,378.97,1,Yes
CUST-104062,Female,0,No,No,18-25,Delhi,13,Yes,Yes,Fiber Optic,No,No,No,No,No,Yes,One Year,No,Electronic Check,93.42,1217.69,2,No
CUST-104063,Male,0,Yes,No,18-25,Mumbai,2,Yes,Yes,DSL,Yes,Yes,Yes,No,No,No,Two Year,Yes,Credit Card (Auto),84.83,216.19,1,No
CUST-104064,Male,0,No,No,26-35,Bangalore,3,No,No Phone Service,Fiber Optic,Yes,Yes,Yes,No,Yes,No,Month-to-Month,No,Credit Card (Auto),100.05,185.47,0,No
CUST-104065,Male,0,Yes,No,18-25,Delhi,23,Yes,Yes,DSL,No,No,Yes,No,No,Yes,Two Year,No,Electronic Check,50.65,1191.71,1,No
CUST-104066,Male,0,Yes,No,26-35,Ahmedabad,22,Yes,No,Fiber Optic,No,No,Yes,No,Yes,Yes,One Year,No,Electronic Check,105.21,2285.97,1,No
CUST-104067,Male,0,No,No,18-25,Bangalore,5,Yes,Yes,No,No Internet Service,No Internet Service,No Internet Service,No Internet Service,No Internet Service,No Internet Service,Month-to-Month,Yes,Bank Transfer (Auto),43.19,253.91,2,No
CUST-104068,Female,0,Yes,No,26-35,Bangalore,15,No,No Phone Service,No,No Internet Service,No Internet Service,No Internet Service,No Internet Service,No Internet Service,No Internet Service,Month-to-Month,No,Credit Card (Auto),50.95,853.56,2,No
CUST-104069,Female,0,No,Yes,46-55,Bangalore,47,Yes,Yes,DSL,No,Yes,No,No,No,Yes,One Year,No,Electronic Check,77.78,3597.25,1,No
CUST-104070,Male,0,Yes,No,18-25,Mumbai,4,Yes,No,DSL,No,No,No,No,Yes,No,Month-to-Month,Yes,Credit Card (Auto),95.72,425.79,0,Yes
CUST-104071,Male,0,Yes,Yes,26-35,Hyderabad,0,Yes,Yes,Fiber Optic,No,Yes,Yes,No,No,No,Two Year,No,Mailed Check,88.85,0.0,0,No
CUST-104072,Male,0,Yes,No,46-55,Ahmedabad,25,Yes,Yes,DSL,Yes,No,Yes,No,Yes,No,One Year,No,Credit Card (Auto),76.77,1825.68,2,No
CUST-104073,Male,1,Yes,No,18-25,Bangalore,1,Yes,Yes,No,No Internet Service,No Internet Service,No Internet Service,No Internet Service,No Internet Service,No Internet Service,Month-to-Month,Yes,Electronic Check,47.09,93.44,2,Yes
CUST-104074,Female,0,No,Yes,18-25,Ahmedabad,72,Yes,No,Fiber Optic,Yes,No,No,No,Yes,No,Two Year,No,Credit Card (Auto),96.83,7062.73,3,No
CUST-104075,Male,0,Yes,No,18-25,Mumbai,22,Yes,No,DSL,Yes,No,No,No,No,No,Month-to-Month,Yes,Mailed Check,61.15,1450.86,1,No
CUST-104076,Female,1,No,No,56-65,Hyderabad,15,Yes,No,Fiber Optic,Yes,No,No,No,Yes,Yes,Two Year,Yes,Credit Card (Auto),113.8,1722.03,2,No
CUST-104077,Male,0,No,No,26-35,Delhi,13,Yes,No,Fiber Optic,No,Yes,No,Yes,Yes,No,Month-to-Month,Yes,Mailed Check,96.88,1187.22,3,Yes
CUST-104078,Female,0,No,Yes,56-65,Kolkata,20,Yes,Yes,Fiber Optic,No,No,Yes,No,No,No,One Year,Yes,Bank Transfer (Auto),89.1,1771.63,1,No
CUST-104079,Male,0,No,No,18-25,Pune,2,Yes,No,No,No Internet Service,No Internet Service,No Internet Service,No Internet Service,No Internet Service,No Internet Service,Month-to-Month,No,Credit Card (Auto),46.37,87.28,0,No
CUST-104080,Male,1,Yes,No,36-45,Kolkata,63,Yes,No,Fiber Optic,Yes,No,No,No,No,No,One Year,No,Bank Transfer (Auto),86.57,5508.72,1,No
CUST-104081,Female,1,Yes,No,18-25,Chennai,23,Yes,No,DSL,No,No,Yes,No,No,No,Month-to-Month,No,Bank Transfer (Auto),78.61,1806.81,1,No
CUST-104082,Male,0,No,No,26-35,Chennai,4,No,No Phone Service,No,No Internet Service,No Internet Service,No Internet Service,No Internet Service,No Internet Service,No Internet Service,Month-to-Month,Yes,Mailed Check,49.46,94.05,0,Yes
CUST-104083,Male,0,No,No,46-55,Hyderabad,19,Yes,No,DSL,No,No,No,Yes,Yes,No,Month-to-Month,No,Credit Card (Auto),52.7,1032.82,0,No
CUST-104084,Male,0,No,No,18-25,Hyderabad,3,Yes,Yes,No,No Internet Service,No Internet Service,No Internet Service,No Internet Service,No Internet Service,No Internet Service,Two Year,Yes,Credit Card (Auto),52.95,162.44,0,No
CUST-104085,Female,0,No,No,18-25,Pune,0,Yes,Yes,Fiber Optic,No,No,No,Yes,No,No,Month-to-Month,No,Electronic Check,79.35,45.2,2,No
CUST-104086,Male,0,Yes,Yes,18-25,Hyderabad,23,Yes,No,No,No Internet Service,No Internet Service,No Internet Service,No Internet Service,No Internet Service,No Internet Service,One Year,No,Bank Transfer (Auto),28.84,675.74,0,No
CUST-104087,Male,0,Yes,Yes,18-25,Bangalore,25,Yes,Yes,Fiber Optic,No,No,No,Yes,No,No,Two Year,No,Credit Card (Auto),97.7,2476.95,1,No
CUST-104088,Female,0,No,Yes,18-25,Pune,21,Yes,No,No,No Internet Service,No Internet Service,No Internet Service,No Internet Service,No Internet Service,No Internet Service,Two Year,No,Bank Transfer (Auto),37.36,785.3,3,No
CUST-104089,Female,0,No,No,18-25,Ahmedabad,4,Yes,No,Fiber Optic,No,No,Yes,No,No,Yes,Month-to-Month,No,Credit Card (Auto),92.32,383.46,1,Yes
CUST-104090,Female,0,Yes,No,18-25,Kolkata,22,Yes,No,DSL,Yes,Yes,Yes,Yes,No,Yes,Two Year,No,Credit Card (Auto),101.68,2190.89,0,No
CUST-104091,Male,0,No,No,18-25,Bangalore,1,Yes,No,Fiber Optic,No,No,Yes,Yes,Yes,No,Month-to-Month,No,Bank Transfer (Auto),92.7,110.41,3,No
CUST-104092,Male,0,Yes,No,18-25,Bangalore,22,Yes,No,Fiber Optic,No,No,No,No,No,No,One Year,Yes,Bank Transfer (Auto),79.19,1732.92,2,No
CUST-104093,Male,1,Yes,No,18-25,Ahmedabad,19,Yes,Yes,Fiber Optic,Yes,No,No,No,No,No,One Year,Yes,Credit Card (Auto),85.14,1642.16,3,No
CUST-104094,Female,0,No,No,18-25,Delhi,25,Yes,No,No,No Internet Service,No Internet Service,No Internet Service,No Internet Service,No Internet Service,No Internet Service,Month-to-Month,No,Credit Card (Auto),58.49,1403.13,1,No
CUST-104095,Male,0,No,Yes,18-25,Mumbai,54,Yes,Yes,Fiber Optic,No,No,No,Yes,No,No,Month-to-Month,No,Credit Card (Auto),85.31,4676.7,1,No
CUST-104096,Male,0,No,Yes,18-25,Hyderabad,45,Yes,Yes,DSL,No,Yes,No,No,No,No,Month-to-Month,Yes,Electronic Check,71.08,3211.02,1,No
CUST-104097,Female,0,Yes,No,26-35,Bangalore,72,No,No Phone Service,Fiber Optic,Yes,Yes,Yes,No,No,Yes,Month-to-Month,Yes,Electronic Check,119.7,8658.06,1,No
CUST-104098,Female,1,Yes,No,46-55,Hyderabad,72,Yes,No,No,No Internet Service,No Internet Service,No Internet Service,No Internet Service,No Internet Service,No Internet Service,Two Year,Yes,Bank Transfer (Auto),22.6,1627.44,2,No
CUST-104099,Female,0,No,No,26-35,Mumbai,35,Yes,No,DSL,No,No,No,No,Yes,No,Month-to-Month,No,Bank Transfer (Auto),68.7,2434.66,4,No
CUST-104100,Female,0,Yes,No,18-25,Delhi,72,No,No Phone Service,No,No Internet Service,No Internet Service,No Internet Service,No Internet Service,No Internet Service,No Internet Service,Two Year,No,Electronic Check,43.34,3008.22,3,No
CUST-104101,Female,0,No,No,26-35,Pune,48,Yes,Yes,Fiber Optic,No,No,No,No,No,Yes,Month-to-Month,Yes,Electronic Check,83.38,3996.86,1,Yes
CUST-104102,Male,0,No,No,56-65,Bangalore,31,Yes,No,Fiber Optic,No,No,No,No,No,No,Two Year,No,Electronic Check,90.87,2777.33,0,No
CUST-104103,Female,0,No,No,18-25,Ahmedabad,1,No,No Phone Service,Fiber Optic,No,No,No,No,No,No,One Year,No,Credit Card (Auto),89.94,71.94,2,No
CUST-104104,Male,0,Yes,Yes,18-25,Hyderabad,1,Yes,No,DSL,No,No,Yes,No,No,Yes,Two Year,No,Credit Card (Auto),68.33,118.86,5,No
CUST-104105,Male,0,No,No,18-25,Mumbai,43,Yes,No,DSL,Yes,No,Yes,No,Yes,No,Month-to-Month,Yes,Credit Card (Auto),89.08,3750.46,1,No
CUST-104106,Female,0,Yes,No,18-25,Ahmedabad,16,Yes,Yes,DSL,No,No,No,No,Yes,No,One Year,No,Mailed Check,76.37,1258.91,1,Yes
CUST-104107,Female,0,Yes,No,36-45,Bangalore,40,Yes,No,Fiber Optic,Yes,No,No,No,No,Yes,Month-to-Month,Yes,Mailed Check,98.7,3971.07,1,No
CUST-104108,Female,1,Yes,Yes,18-25,Bangalore,9,Yes,No,DSL,Yes,Yes,No,No,No,Yes,Month-to-Month,No,Mailed Check,71.67,709.05,1,No
CUST-104109,Male,0,Yes,No,36-45,Ahmedabad,12,Yes,No,No,No Internet Service,No Internet Service,No Internet Service,No Internet Service,No Internet Service,No Internet Service,One Year,Yes,Mailed Check,27.34,224.4,4,No
CUST-104110,Female,1,No,No,26-35,Kolkata,28,Yes,No,Fiber Optic,No,Yes,No,No,Yes,Yes,One Year,Yes,Bank Transfer (Auto),95.03,2690.31,3,No
CUST-104111,Female,0,Yes,No,18-25,Chennai,59,Yes,No,Fiber Optic,No,Yes,No,No,Yes,No,Month-to-Month,Yes,Mailed Check,96.41,5700.83,1,No
CUST-104112,Female,0,Yes,Yes,26-35,Mumbai,2,Yes,Yes,DSL,No,No,Yes,Yes,No,No,Month-to-Month,Yes,Electronic Check,73.2,143.74,1,No
CUST-104113,Female,0,No,Yes,36-45,Mumbai,47,Yes,No,Fiber Optic,Yes,No,Yes,No,No,No,One Year,No,Mailed Check,78.0,3738.2,0,No
CUST-104114,Female,0,Yes,No,18-25,Delhi,37,Yes,No,DSL,No,No,No,No,Yes,No,Month-to-Month,Yes,Electronic Check,66.11,2340.67,2,No
CUST-104115,Male,0,No,No,26-35,Pune,9,Yes,No,DSL,No,Yes,No,No,No,No,Month-to-Month,No,Electronic Check,69.72,633.74,0,Yes
CUST-104116,Male,0,Yes,Yes,36-45,Kolkata,10,Yes,Yes,No,No Internet Service,No Internet Service,No Internet Service,No Internet Service,No Internet Service,No Internet Service,One Year,Yes,Mailed Check,32.38,374.92,3,No
CUST-104117,Male,0,Yes,No,65+,Delhi,1,Yes,Yes,No,No Internet Service,No Internet Service,No Internet Service,No Internet Service,No Internet Service,No Internet Service,Month-to-Month,No,Electronic Check,36.46,0.0,0,No
CUST-104118,Female,0,No,Yes,26-35,Mumbai,0,Yes,Yes,DSL,Yes,Yes,Yes,No,Yes,Yes,One Year,No,Mailed Check,78.26,29.72,1,No
CUST-104119,Female,0,Yes,No,18-25,Bangalore,15,Yes,Yes,Fiber Optic,No,No,No,No,No,No,One Year,Yes,Electronic Check,70.49,1073.62,1,Yes
CUST-104120,Female,0,No,No,18-25,Ahmedabad,2,No,No Phone Service,Fiber Optic,Yes,No,No,No,No,No,Two Year,No,Bank Transfer (Auto),70.18,33.87,1,No
CUST-104121,Male,0,Yes,No,26-35,Hyderabad,5,Yes,No,No,No Internet Service,No Internet Service,No Internet Service,No Internet Service,No Internet Service,No Internet Service,Month-to-Month,Yes,Credit Card (Auto),29.81,203.89,2,No
CUST-104122,female,0,Yes,No,56-65,Pune,45,Yes,No,DSL,No,Yes,No,No,Yes,No,Two Year,No,Bank Transfer (Auto),97.16,4327.61,2,No
CUST-104123,Female,0,Yes,No,18-25,Pune,20,Yes,No,No,No Internet Service,No Internet Service,No Internet Service,No Internet Service,No Internet Service,No Internet Service,Month-to-Month,No,Bank Transfer (Auto),41.0,898.92,1,No
CUST-104124,Female,0,Yes,No,18-25,Kolkata,24,Yes,No,DSL,No,No,No,No,No,No,Month-to-Month,Yes,Credit Card (Auto),52.8,1295.9,1,No
CUST-104125,Male,0,Yes,No,26-35,Ahmedabad,4,Yes,Yes,Fiber Optic,No,No,No,No,No,No,Month-to-Month,No,Mailed Check,78.4,328.59,2,Yes
CUST-104126,Female,0,No,No,26-35,Ahmedabad,42,Yes,No,Fiber Optic,No,No,No,No,No,No,Two Year,Yes,Electronic Check,87.66,3732.36,1,No
CUST-104127,Male,0,No,No,56-65,Hyderabad,48,Yes,No,Fiber Optic,Yes,Yes,No,Yes,No,Yes,One Year,No,Electronic Check,105.35,5101.52,0,No
CUST-104128,Female,0,Yes,No,18-25,Bangalore,17,Yes,No,No,No Internet Service,No Internet Service,No Internet Service,No Internet Service,No Internet Service,No Internet Service,Month-to-Month,Yes,Mailed Check,49.22,738.79,0,No
CUST-104129,Male,0,Yes,Yes,26-35,Pune,58,Yes,Yes,DSL,No,No,No,No,No,No,Month-to-Month,No,Bank Transfer (Auto),62.73,3553.09,3,No
CUST-104130,Male,0,No,Yes,18-25,Pune,44,Yes,No,Fiber Optic,No,No,Yes,No,Yes,Yes,Month-to-Month,No,Electronic Check,86.45,3796.63,1,No
CUST-104131,Male,0,No,No,36-45,Pune,31,Yes,Yes,DSL,Yes,No,No,No,Yes,No,Month-to-Month,No,Credit Card (Auto),81.59,2475.58,1,No
CUST-104132,Female,0,No,No,18-25,Delhi,31,Yes,Yes,No,No Internet Service,No Internet Service,No Internet Service,No Internet Service,No Internet Service,No Internet Service,One Year,No,Electronic Check,50.66,1653.44,2,No
CUST-104133,Female,0,No,Yes,26-35,Hyderabad,2,Yes,No,DSL,Yes,Yes,No,No,Yes,No,One Year,Yes,Credit Card (Auto),77.3,105.06,0,No
CUST-104134,Male,0,Yes,No,18-25,Delhi,7,Yes,No,DSL,Yes,Yes,No,No,Yes,No,Two Year,Yes,Credit Card (Auto),76.68,541.36,2,No
CUST-104135,Male,0,Yes,No,18-25,Delhi,1,Yes,No,Fiber Optic,Yes,No,Yes,No,Yes,No,Two Year,Yes,Credit Card (Auto),111.4,140.55,1,No
CUST-104136,Female,1,No,No,26-35,Bangalore,0,Yes,Yes,No,No Internet Service,No Internet Service,No Internet Service,No Internet Service,No Internet Service,No Internet Service,One Year,No,Credit Card (Auto),38.97,122.21,0,No
CUST-104137,Female,0,No,Yes,18-25,Pune,4,Yes,No,Fiber Optic,No,Yes,Yes,No,Yes,No,Month-to-Month,No,Electronic Check,105.73,480.39,2,Yes
CUST-104138,Male,0,No,No,18-25,Delhi,50,Yes,No,No,No Internet Service,No Internet Service,No Internet Service,No Internet Service,No Internet Service,No Internet Service,Month-to-Month,Yes,Bank Transfer (Auto),56.21,2777.44,2,No
CUST-104139,Female,0,Yes,No,26-35,Bangalore,6,Yes,Yes,No,No Internet Service,No Internet Service,No Internet Service,No Internet Service,No Internet Service,No Internet Service,Month-to-Month,Yes,Electronic Check,38.48,257.12,6,Yes
CUST-104140,Female,0,No,No,26-35,Pune,72,Yes,No,No,No Internet Service,No Internet Service,No Internet Service,No Internet Service,No Internet Service,No Internet Service,Month-to-Month,No,Credit Card (Auto),59.49,4318.2,3,No
CUST-104141,Female,0,No,Yes,26-35,Ahmedabad,21,Yes,Yes,No,No Internet Service,No Internet Service,No Internet Service,No Internet Service,No Internet Service,No Internet Service,One Year,No,Electronic Check,49.78,1076.48,1,No
CUST-104142,Female,0,Yes,No,18-25,Kolkata,6,Yes,No,DSL,Yes,No,Yes,No,Yes,No,Two Year,No,Electronic Check,81.64,440.81,2,No
CUST-104143,Male,1,No,No,26-35,Delhi,16,Yes,Yes,Fiber Optic,No,No,No,Yes,Yes,No,Two Year,Yes,Credit Card (Auto),95.98,1637.27,2,No
CUST-104144,Female,0,Yes,No,18-25,Bangalore,5,Yes,No,Fiber Optic,No,No,No,Yes,Yes,Yes,Month-to-Month,No,Electronic Check,117.56,526.59,1,Yes
CUST-104145,Female,0,Yes,No,18-25,Pune,72,Yes,Yes,Fiber Optic,Yes,Yes,No,No,Yes,Yes,Month-to-Month,Yes,Electronic Check,85.39,6182.09,1,No
CUST-104146,Male,1,Yes,No,18-25,Pune,45,Yes,Yes,Fiber Optic,No,No,Yes,Yes,No,No,Two Year,Yes,Mailed Check,83.47,3712.04,1,No
CUST-104147,Male,1,Yes,No,18-25,Bangalore,0,Yes,Yes,Fiber Optic,No,No,No,Yes,Yes,No,Two Year,Yes,Bank Transfer (Auto),83.53,19.54,2,No
CUST-104148,Female,0,Yes,Yes,56-65,Bangalore,70,Yes,No,DSL,No,No,No,No,No,Yes,Month-to-Month,No,Bank Transfer (Auto),87.06,6084.4,1,No
CUST-104149,Female,1,No,No,18-25,Hyderabad,30,Yes,No,Fiber Optic,No,Yes,No,No,No,Yes,One Year,Yes,Bank Transfer (Auto),89.63,2623.77,0,No
CUST-104150,Female,0,Yes,Yes,26-35,Chennai,2,Yes,Yes,DSL,No,Yes,No,No,No,No,One Year,Yes,Credit Card (Auto),90.6,57.46,0,No
CUST-104151,Female,1,No,Yes,36-45,Mumbai,26,Yes,Yes,No,No Internet Service,No Internet Service,No Internet Service,No Internet Service,No Internet Service,No Internet Service,Month-to-Month,No,Electronic Check,40.27,1091.3,0,No
CUST-104152,Male,0,Yes,No,26-35,Chennai,24,Yes,No,DSL,No,Yes,No,No,No,Yes,Month-to-Month,Yes,Mailed Check,61.32,1443.71,3,No
CUST-104153,Male,0,Yes,No,26-35,Hyderabad,5,Yes,No,No,No Internet Service,No Internet Service,No Internet Service,No Internet Service,No Internet Service,No Internet Service,Two Year,No,Bank Transfer (Auto),50.18,257.86,1,Yes
CUST-104154,Male,0,No,No,18-25,Mumbai,34,Yes,No,Fiber Optic,No,No,No,Yes,Yes,No,One Year,No,Bank Transfer (Auto),96.85,3382.91,1,No
CUST-104155,Female,0,No,No,18-25,Mumbai,2,Yes,No,DSL,Yes,No,Yes,Yes,Yes,Yes,Month-to-Month,Yes,Mailed Check,87.35,205.89,2,No
CUST-104156,Female,0,No,No,46-55,Delhi,16,Yes,No,Fiber Optic,Yes,No,No,Yes,No,No,One Year,Yes,Electronic Check,78.92,1117.82,3,No
CUST-104157,Female,0,No,Yes,26-35,Bangalore,0,Yes,Yes,DSL,No,No,No,No,No,No,One Year,Yes,Electronic Check,57.55,0.0,3,Yes
CUST-104158,Female,0,Yes,Yes,18-25,Pune,72,Yes,No,DSL,Yes,Yes,No,No,Yes,Yes,Two Year,Yes,Electronic Check,89.34,6340.42,1,No
CUST-104159,Male,0,Yes,Yes,36-45,Bangalore,33,Yes,No,Fiber Optic,No,No,No,No,No,Yes,Month-to-Month,Yes,Mailed Check,93.5,3043.82,0,No
CUST-104160,Male,0,No,No,18-25,Pune,4,Yes,Yes,Fiber Optic,No,Yes,No,No,Yes,No,Two Year,No,Electronic Check,83.94,322.21,2,Yes
CUST-104161,Female,0,No,Yes,26-35,Hyderabad,10,Yes,No,DSL,Yes,No,No,No,No,No,Month-to-Month,Yes,Mailed Check,70.99,837.64,2,No
CUST-104162,Male,0,No,No,18-25,Delhi,4,Yes,No,DSL,Yes,Yes,No,Yes,No,No,One Year,Yes,Electronic Check,80.14,370.89,1,No
CUST-104163,Female,0,No,No,26-35,Pune,34,Yes,No,DSL,Yes,No,No,No,No,Yes,One Year,No,Credit Card (Auto),79.81,2731.36,1,No
CUST-104164,Female,1,No,Yes,26-35,Pune,1,Yes,No,Fiber Optic,No,No,No,No,No,No,Month-to-Month,Yes,Credit Card (Auto),69.06,91.25,0,No
CUST-104165,Male,0,Yes,Yes,26-35,Mumbai,44,Yes,Yes,Fiber Optic,No,Yes,No,No,Yes,Yes,Month-to-Month,Yes,Mailed Check,103.36,4571.59,4,Yes
CUST-104166,Female,0,No,No,26-35,Pune,68,Yes,Yes,Fiber Optic,No,No,Yes,Yes,No,No,Two Year,No,Mailed Check,84.0,5624.38,4,No
CUST-104167,Female,0,No,No,18-25,Chennai,27,Yes,Yes,No,No Internet Service,No Internet Service,No Internet Service,No Internet Service,No Internet Service,No Internet Service,One Year,No,Credit Card (Auto),44.52,1131.57,3,No
CUST-104168,Male,0,No,No,18-25,Bangalore,5,Yes,No,No,No Internet Service,No Internet Service,No Internet Service,No Internet Service,No Internet Service,No Internet Service,Month-to-Month,No,Bank Transfer (Auto),45.98,252.67,2,No
CUST-104169,Female,0,Yes,No,26-35,Chennai,10,Yes,No,Fiber Optic,No,No,No,No,No,Yes,Month-to-Month,No,Credit Card (Auto),85.95,859.75,0,No
CUST-104170,Female,0,Yes,No,18-25,Mumbai,15,Yes,Yes,Fiber Optic,No,No,Yes,No,No,No,Month-to-Month,No,Electronic Check,95.86,1453.01,2,No
CUST-104171,Male,0,Yes,No,18-25,Hyderabad,22,Yes,Yes,DSL,Yes,No,No,No,No,Yes,Month-to-Month,No,Credit Card (Auto),86.96,1993.38,0,No
CUST-104172,Female,0,Yes,No,36-45,Delhi,26,Yes,Yes,Fiber Optic,No,Yes,No,No,No,Yes,Two Year,Yes,Mailed Check,92.62,2373.52,2,No
CUST-104173,Male,0,No,No,26-35,Mumbai,19,Yes,Yes,No,No Internet Service,No Internet Service,No Internet Service,No Internet Service,No Internet Service,No Internet Service,One Year,Yes,Electronic Check,33.68,621.44,2,No
CUST-104174,Female,0,Yes,No,46-55,Delhi,10,Yes,Yes,DSL,No,Yes,Yes,No,No,No,Two Year,Yes,Credit Card (Auto),83.24,844.74,1,No
CUST-104175,Male,1,Yes,No,26-35,Mumbai,53,Yes,Yes,Fiber Optic,No,No,Yes,Yes,No,No,Month-to-Month,Yes,Credit Card (Auto),90.59,4716.16,0,No
CUST-104176,Male,0,Yes,No,56-65,Mumbai,2,Yes,No,Fiber Optic,Yes,No,No,Yes,No,No,One Year,Yes,Mailed Check,91.08,108.51,1,No
CUST-104177,Male,0,No,No,18-25,Kolkata,15,Yes,No,No,No Internet Service,No Internet Service,No Internet Service,No Internet Service,No Internet Service,No Internet Service,Month-to-Month,Yes,Credit Card (Auto),43.8,725.15,3,No
CUST-104178,Female,0,No,Yes,18-25,Kolkata,35,Yes,Yes,Fiber Optic,Yes,Yes,No,No,No,No,One Year,Yes,Electronic Check,82.33,2866.84,2,No
CUST-104179,Male,0,Yes,No,18-25,Pune,1,Yes,No,DSL,Yes,No,No,Yes,No,No,Month-to-Month,No,Bank Transfer (Auto),89.56,65.05,1,No
CUST-104180,Male,0,Yes,No,18-25,Pune,29,Yes,No,Fiber Optic,No,Yes,No,No,Yes,No,Month-to-Month,No,Electronic Check,73.99,2157.77,2,Yes
CUST-104181,Male,0,Yes,No,18-25,Bangalore,41,No,No Phone Service,Fiber Optic,Yes,Yes,Yes,Yes,No,No,One Year,No,Electronic Check,97.69,3921.82,0,No
CUST-104182,Male,1,No,Yes,18-25,Hyderabad,25,Yes,No,DSL,No,No,No,Yes,No,No,Month-to-Month,Yes,Credit Card (Auto),69.29,1716.91,1,No
CUST-104183,Male,0,Yes,No,46-55,Kolkata,0,Yes,Yes,DSL,No,Yes,No,No,Yes,No,One Year,Yes,Mailed Check,84.31,0.0,3,No
CUST-104184,Female,0,No,Yes,18-25,Hyderabad,4,Yes,Yes,Fiber Optic,No,No,Yes,No,No,No,One Year,Yes,Electronic Check,76.39,323.93,2,No
CUST-104185,Female,0,Yes,Yes,36-45,Pune,10,Yes,Yes,Fiber Optic,No,No,Yes,No,No,No,One Year,No,Mailed Check,71.03,604.78,1,Yes
CUST-104186,Female,0,Yes,Yes,18-25,Bangalore,6,Yes,No,DSL,No,No,No,Yes,Yes,No,Two Year,Yes,Electronic Check,70.33,381.92,1,Yes
CUST-104187,Female,0,No,No,26-35,Bangalore,72,Yes,No,DSL,No,Yes,Yes,No,Yes,No,Month-to-Month,No,Bank Transfer (Auto),83.95,6021.37,0,No
CUST-104188,Female,0,Yes,No,46-55,Kolkata,25,Yes,Yes,Fiber Optic,No,No,No,Yes,Yes,No,Month-to-Month,Yes,Electronic Check,84.09,2078.01,2,No
CUST-104189,Female,0,No,No,26-35,Bangalore,8,Yes,No,DSL,No,No,Yes,No,No,No,Two Year,No,Credit Card (Auto),79.45,688.18,1,No
CUST-104190,Female,0,Yes,No,18-25,Hyderabad,63,Yes,Yes,Fiber Optic,No,No,No,No,No,Yes,One Year,No,Electronic Check,98.12,6142.2,1,No
CUST-104191,Male,0,No,No,18-25,Mumbai,32,Yes,No,Fiber Optic,Yes,No,No,Yes,No,No,Month-to-Month,No,Mailed Check,101.95,3416.18,0,No
CUST-104192,Female,0,No,No,36-45,Hyderabad,8,Yes,No,DSL,Yes,No,No,No,No,Yes,Two Year,Yes,Electronic Check,73.34,624.07,1,No
CUST-104193,Male,0,No,Yes,18-25,Chennai,11,Yes,No,DSL,No,Yes,No,No,No,Yes,Month-to-Month,No,Bank Transfer (Auto),81.94,877.01,1,No
CUST-104194,Male,0,Yes,No,36-45,Bangalore,5,No,No Phone Service,Fiber Optic,No,No,No,No,No,No,Month-to-Month,No,Electronic Check,87.49,467.68,1,No
CUST-104195,Female,0,Yes,No,36-45,Chennai,72,Yes,No,Fiber Optic,No,Yes,No,No,Yes,No,Month-to-Month,No,Mailed Check,93.76,6787.05,2,No
CUST-104196,Male,0,Yes,No,26-35,Bangalore,17,Yes,No,Fiber Optic,No,Yes,No,No,No,No,Month-to-Month,Yes,Electronic Check,84.29,1417.41,0,Yes
CUST-104197,Male,0,No,No,18-25,Bangalore,54,Yes,No,No,No Internet Service,No Internet Service,No Internet Service,No Internet Service,No Internet Service,No Internet Service,Month-to-Month,No,Credit Card (Auto),63.46,3484.43,0,No
CUST-104198,Male,0,No,No,18-25,Bangalore,10,Yes,Yes,Fiber Optic,Yes,Yes,No,No,Yes,No,Month-to-Month,Yes,Electronic Check,111.88,1070.01,4,No
CUST-104199,Male,0,Yes,Yes,18-25,Kolkata,47,Yes,Yes,Fiber Optic,No,No,No,No,No,No,Month-to-Month,No,Credit Card (Auto),97.22,4598.65,2,No
CUST-104200,Female,0,Yes,No,36-45,Pune,1,Yes,Yes,Fiber Optic,No,No,No,Yes,No,No,Month-to-Month,No,Electronic Check,96.84,91.59,0,Yes
CUST-104201,Female,0,No,Yes,26-35,Bangalore,72,No,No Phone Service,DSL,No,No,No,No,No,No,Month-to-Month,Yes,Electronic Check,51.19,3700.16,2,No
CUST-104202,Female,0,Yes,Yes,18-25,Chennai,58,Yes,Yes,No,No Internet Service,No Internet Service,No Internet Service,No Internet Service,No Internet Service,No Internet Service,One Year,No,Electronic Check,38.7,2256.04,0,No
CUST-104203,Female,0,Yes,No,26-35,Kolkata,10,Yes,Yes,Fiber Optic,No,Yes,No,No,No,Yes,Month-to-Month,No,Electronic Check,96.12,962.1,1,Yes
CUST-104204,Female,0,Yes,No,18-25,Bangalore,35,Yes,Yes,DSL,No,No,Yes,Yes,No,No,Month-to-Month,No,Mailed Check,82.1,2972.33,2,No
CUST-104205,Female,0,No,Yes,65+,Kolkata,33,Yes,No,Fiber Optic,No,No,No,No,Yes,Yes,Month-to-Month,Yes,Credit Card (Auto),98.33,3215.64,2,Yes
CUST-104206,Female,1,No,No,18-25,Delhi,55,Yes,No,DSL,No,No,Yes,No,No,No,Month-to-Month,Yes,Electronic Check,70.9,3860.02,1,No
CUST-104207,Female,0,No,No,36-45,Chennai,8,Yes,Yes,Fiber Optic,No,No,No,Yes,No,No,Month-to-Month,No,Mailed Check,95.37,758.54,0,Yes
CUST-104208,Female,0,Yes,No,26-35,Bangalore,15,Yes,Yes,Fiber Optic,No,No,No,No,No,No,Month-to-Month,Yes,Mailed Check,82.29,1299.51,0,Yes
CUST-104209,Female,1,No,No,46-55,Mumbai,48,Yes,Yes,Fiber Optic,Yes,Yes,No,Yes,Yes,Yes,One Year,No,Electronic Check,116.83,5609.75,0,No
CUST-104210,Male,0,No,No,18-25,Kolkata,36,Yes,No,DSL,No,No,Yes,No,Yes,No,One Year,Yes,Electronic Check,74.78,2688.5,1,No
CUST-104211,Female,0,Yes,No,26-35,Hyderabad,11,No,No Phone Service,DSL,No,No,Yes,No,Yes,No,Two Year,No,Credit Card (Auto),83.73,893.25,1,No
CUST-104212,Male,0,No,No,26-35,Hyderabad,44,Yes,No,Fiber Optic,No,Yes,No,No,No,Yes,Month-to-Month,Yes,Electronic Check,93.48,4088.8,1,No
CUST-104213,Male,0,Yes,No,26-35,Hyderabad,1,Yes,No,Fiber Optic,No,No,No,Yes,Yes,No,Month-to-Month,Yes,Credit Card (Auto),93.04,146.52,4,Yes
CUST-104214,Male,1,Yes,No,18-25,Hyderabad,36,Yes,No,Fiber Optic,No,No,Yes,No,No,No,Month-to-Month,No,Electronic Check,75.17,2703.01,1,Yes
CUST-104215,Male,0,Yes,No,36-45,Hyderabad,5,Yes,Yes,DSL,Yes,No,Yes,No,No,Yes,One Year,Yes,Mailed Check,89.14,458.43,0,No
CUST-104216,Female,0,Yes,Yes,18-25,Kolkata,8,Yes,No,No,No Internet Service,No Internet Service,No Internet Service,No Internet Service,No Internet Service,No Internet Service,Month-to-Month,Yes,Mailed Check,32.56,225.58,1,No
CUST-104217,Male,0,No,Yes,18-25,Ahmedabad,16,Yes,No,No,No Internet Service,No Internet Service,No Internet Service,No Internet Service,No Internet Service,No Internet Service,Month-to-Month,No,Electronic Check,37.16,633.4,1,Yes
CUST-104218,Female,0,Yes,Yes,18-25,Chennai,14,Yes,Yes,DSL,No,No,No,No,No,Yes,Month-to-Month,Yes,Electronic Check,78.16,1155.4,2,Yes
CUST-104219,Female,0,Yes,No,36-45,Bangalore,17,Yes,No,Fiber Optic,Yes,No,No,Yes,Yes,Yes,One Year,Yes,Electronic Check,100.54,1662.8,1,No
CUST-104220,Male,0,Yes,No,18-25,Hyderabad,18,Yes,Yes,DSL,No,No,No,No,No,Yes,Two Year,Yes,Electronic Check,72.13,1253.23,3,No
CUST-104221,Female,0,No,No,46-55,Pune,9,Yes,Yes,Fiber Optic,No,No,No,Yes,No,No,Two Year,No,Credit Card (Auto),71.78,603.8,2,No
CUST-104222,Male,0,No,No,26-35,Hyderabad,4,Yes,No,DSL,Yes,No,Yes,Yes,No,No,Month-to-Month,No,Electronic Check,86.6,398.18,2,No
CUST-104223,Male,0,No,No,18-25,Delhi,35,Yes,No,Fiber Optic,Yes,No,No,No,No,Yes,Month-to-Month,Yes,Bank Transfer (Auto),92.82,3200.65,1,No
CUST-104224,Female,0,No,No,18-25,Chennai,12,Yes,No,Fiber Optic,No,Yes,No,No,Yes,Yes,Two Year,No,Electronic Check,106.04,1255.28,0,No
CUST-104225,Female,0,Yes,No,18-25,Kolkata,16,Yes,No,Fiber Optic,No,Yes,No,No,No,Yes,Month-to-Month,Yes,Credit Card (Auto),101.37,1572.7,3,Yes
CUST-104226,Male,0,Yes,Yes,26-35,Mumbai,24,Yes,No,Fiber Optic,No,No,No,No,Yes,Yes,Month-to-Month,Yes,Mailed Check,93.69,2333.15,1,No
CUST-104227,Female,0,No,Yes,18-25,Mumbai,57,Yes,No,DSL,No,Yes,No,No,No,No,One Year,No,Electronic Check,70.57,3995.91,0,No
CUST-104228,Female,1,Yes,No,26-35,Ahmedabad,29,Yes,No,No,No Internet Service,No Internet Service,No Internet Service,No Internet Service,No Internet Service,No Internet Service,One Year,Yes,Credit Card (Auto),57.79,1759.07,2,Yes
CUST-104229,Female,0,Yes,No,18-25,Pune,1,Yes,No,No,No Internet Service,No Internet Service,No Internet Service,No Internet Service,No Internet Service,No Internet Service,Two Year,Yes,Electronic Check,52.37,51.04,3,No
CUST-104230,Male,0,No,No,18-25,Bangalore,43,No,No Phone Service,No,No Internet Service,No Internet Service,No Internet Service,No Internet Service,No Internet Service,No Internet Service,One Year,Yes,Bank Transfer (Auto),33.99,1436.9,0,No
CUST-104231,Male,0,Yes,Yes,18-25,Mumbai,72,Yes,No,Fiber Optic,Yes,No,Yes,Yes,No,No,Month-to-Month,No,Bank Transfer (Auto),109.06,7892.26,0,No
CUST-104232,Female,1,Yes,Yes,18-25,Ahmedabad,15,Yes,Yes,DSL,No,No,Yes,Yes,No,No,Month-to-Month,No,Mailed Check,81.04,1213.64,2,Yes
CUST-104233,Female,0,Yes,No,18-25,Pune,72,Yes,Yes,DSL,Yes,Yes,Yes,No,No,No,Two Year,Yes,Credit Card (Auto),92.05,6698.1,1,No
CUST-104234,Female,0,Yes,No,18-25,Chennai,19,Yes,Yes,No,No Internet Service,No Internet Service,No Internet Service,No Internet Service,No Internet Service,No Internet Service,One Year,Yes,Credit Card (Auto),29.39,547.58,2,No
CUST-104235,Female,0,No,No,65+,Pune,14,Yes,Yes,Fiber Optic,Yes,No,Yes,Yes,Yes,No,One Year,Yes,Credit Card (Auto),102.69,1415.07,0,No
CUST-104236,Female,1,No,No,18-25,Chennai,9,Yes,Yes,Fiber Optic,No,No,Yes,No,No,Yes,Two Year,Yes,Credit Card (Auto),94.73,829.78,3,Yes
CUST-104237,Male,0,No,No,36-45,Chennai,25,Yes,Yes,Fiber Optic,No,No,No,Yes,Yes,Yes,One Year,No,Mailed Check,106.91,2734.89,0,No
CUST-104238,Female,0,No,No,26-35,Kolkata,6,Yes,Yes,No,No Internet Service,No Internet Service,No Internet Service,No Internet Service,No Internet Service,No Internet Service,Month-to-Month,No,Electronic Check,44.16,277.5,2,Yes
CUST-104239,Male,1,Yes,No,18-25,Bangalore,2,Yes,No,No,No Internet Service,No Internet Service,No Internet Service,No Internet Service,No Internet Service,No Internet Service,One Year,No,Bank Transfer (Auto),44.27,51.67,1,No
CUST-104240,Female,0,Yes,No,46-55,Hyderabad,0,No,No Phone Service,Fiber Optic,No,Yes,No,Yes,Yes,No,One Year,Yes,Mailed Check,90.49,0.0,3,Yes
CUST-104241,Male,0,Yes,No,26-35,Pune,8,Yes,No,No,No Internet Service,No Internet Service,No Internet Service,No Internet Service,No Internet Service,No Internet Service,Month-to-Month,No,Electronic Check,49.5,406.56,0,No
CUST-104242,Female,0,Yes,No,18-25,Delhi,12,Yes,Yes,Fiber Optic,No,No,No,No,Yes,Yes,Month-to-Month,Yes,Mailed Check,98.22,1131.73,3,No
CUST-104243,Male,1,No,No,36-45,Chennai,19,Yes,No,Fiber Optic,Yes,No,No,Yes,Yes,No,One Year,Yes,Credit Card (Auto),89.88,1619.32,2,No
CUST-104244,Female,0,No,Yes,26-35,Bangalore,8,Yes,No,DSL,No,Yes,Yes,No,No,Yes,Month-to-Month,No,Electronic Check,76.42,665.8,1,No
CUST-104245,Male,1,Yes,No,18-25,Mumbai,72,Yes,Yes,Fiber Optic,No,No,No,No,Yes,Yes,One Year,Yes,Credit Card (Auto),96.34,6874.86,0,No
CUST-104246,Male,0,Yes,No,18-25,Mumbai,8,No,No Phone Service,Fiber Optic,Yes,Yes,No,No,No,Yes,Month-to-Month,Yes,Mailed Check,100.89,717.77,2,Yes
CUST-104247, Male ,0,Yes,Yes,26-35,Mumbai,13,Yes,No,No,No Internet Service,No Internet Service,No Internet Service,No Internet Service,No Internet Service,No Internet Service,Two Year,Yes,Electronic Check,41.71,535.36,2,No
CUST-104248,Male,1,Yes,No,18-25,Hyderabad,2,Yes,Yes,DSL,No,No,No,No,No,No,Month-to-Month,No,Credit Card (Auto),66.74,118.49,0,No
CUST-104249,Male,0,Yes,Yes,26-35,Mumbai,7,Yes,Yes,No,No Internet Service,No Internet Service,No Internet Service,No Internet Service,No Internet Service,No Internet Service,Month-to-Month,Yes,Credit Card (Auto),49.25,301.09,2,No
CUST-104250,Male,0,No,No,18-25,Hyderabad,1,Yes,No,Fiber Optic,No,No,No,No,No,No,Month-to-Month,Yes,Electronic Check,89.42,100.37,0,Yes
CUST-104251,Female,0,No,No,18-25,Pune,19,Yes,No,Fiber Optic,No,No,No,No,No,No,Month-to-Month,No,Electronic Check,83.67,1574.9,1,No
CUST-104252,Male,0,No,Yes,18-25,Chennai,33,Yes,Yes,Fiber Optic,No,No,No,No,No,No,Month-to-Month,No,Mailed Check,75.22,2592.22,0,Yes
CUST-104253,Female,0,Yes,No,18-25,Pune,5,Yes,No,No,No Internet Service,No Internet Service,No Internet Service,No Internet Service,No Internet Service,No Internet Service,Month-to-Month,No,Credit Card (Auto),38.83,184.51,1,No
CUST-104254,Female,0,Yes,No,26-35,Hyderabad,11,Yes,No,Fiber Optic,No,Yes,Yes,Yes,Yes,No,One Year,Yes,Electronic Check,122.06,1279.03,2,No
CUST-104255,Female,0,No,No,26-35,Pune,0,Yes,No,Fiber Optic,No,No,No,No,No,Yes,Month-to-Month,Yes,Electronic Check,84.5,15.01,1,No
CUST-104256,Female,0,No,No,26-35,Pune,43,Yes,No,Fiber Optic,No,No,No,No,No,Yes,One Year,No,Bank Transfer (Auto),74.11,3205.88,0,No
CUST-104257,Female,0,No,No,36-45,Delhi,36,Yes,No,DSL,No,No,Yes,Yes,No,Yes,One Year,Yes,Mailed Check,77.71,2780.81,1,No
CUST-104258,Male,1,No,No,46-55,Kolkata,1,Yes,Yes,Fiber Optic,No,No,Yes,Yes,No,No,One Year,Yes,Electronic Check,70.76,0.0,0,No
CUST-104259,Male,0,No,No,18-25,Ahmedabad,10,Yes,No,Fiber Optic,No,No,No,No,Yes,No,Month-to-Month,Yes,Credit Card (Auto),99.92,1076.53,1,No
CUST-104260,Male,0,No,Yes,26-35,Pune,72,Yes,No,Fiber Optic,No,No,Yes,No,Yes,Yes,One Year,Yes,Credit Card (Auto),112.71,8052.0,2,No
CUST-104261,Female,0,Yes,No,36-45,Ahmedabad,11,Yes,Yes,Fiber Optic,No,No,No,Yes,No,No,Month-to-Month,Yes,Credit Card (Auto),91.13,1046.61,2,Yes
CUST-104262,Male,0,No,Yes,26-35,Mumbai,17,Yes,Yes,Fiber Optic,No,No,No,No,No,No,Two Year,No,Electronic Check,68.53,1226.65,0,Yes
CUST-104263,Male,0,Yes,No,18-25,Mumbai,10,Yes,Yes,Fiber Optic,No,Yes,Yes,No,No,Yes,Two Year,Yes,Credit Card (Auto),106.8,1052.5,3,No
CUST-104264,Male,0,Yes,No,26-35,Kolkata,21,Yes,Yes,No,No Internet Service,No Internet Service,No Internet Service,No Internet Service,No Internet Service,No Internet Service,Month-to-Month,Yes,Bank Transfer (Auto),54.81,1194.99,2,No
CUST-104265,Male,1,No,Yes,46-55,Mumbai,72,No,No Phone Service,Fiber Optic,No,Yes,No,No,Yes,Yes,Month-to-Month,Yes,Electronic Check,112.39,8140.43,1,No
CUST-104266,Male,1,Yes,No,18-25,Hyderabad,72,Yes,No,Fiber Optic,Yes,No,No,Yes,No,No,Month-to-Month,No,Bank Transfer (Auto),99.4,7103.19,2,Yes
CUST-104267,Female,0,Yes,Yes,18-25,Delhi,35,Yes,No,Fiber Optic,No,No,No,No,No,No,Month-to-Month,Yes,Electronic Check,77.68,2792.35,0,No
CUST-104268,Male,1,Yes,No,36-45,Bangalore,12,No,No Phone Service,No,No Internet Service,No Internet Service,No Internet Service,No Internet Service,No Internet Service,No Internet Service,One Year,Yes,Bank Transfer (Auto),46.39,573.15,1,No
CUST-104269,Female,0,Yes,No,46-55,Bangalore,16,Yes,No,Fiber Optic,No,No,No,No,Yes,Yes,One Year,Yes,Bank Transfer (Auto),80.66,1182.33,3,No
CUST-104270,Female,0,Yes,No,46-55,Delhi,10,Yes,No,No,No Internet Service,No Internet Service,No Internet Service,No Internet Service,No Internet Service,No Internet Service,Month-to-Month,Yes,Credit Card (Auto),41.07,420.61,1,Yes
CUST-104271,Female,1,Yes,No,36-45,Hyderabad,72,Yes,Yes,No,No Internet Service,No Internet Service,No Internet Service,No Internet Service,No Internet Service,No Internet Service,One Year,Yes,Electronic Check,49.0,3500.05,3,No
CUST-104272,Female,0,Yes,No,26-35,Delhi,29,Yes,Yes,Fiber Optic,Yes,Yes,No,Yes,No,Yes,Two Year,No,Bank Transfer (Auto),111.22,3247.67,3,No
CUST-104273,Female,0,Yes,No,18-25,Bangalore,14,Yes,Yes,Fiber Optic,No,Yes,No,Yes,Yes,No,One Year,Yes,Electronic Check,95.94,1311.15,3,No
CUST-104274,Male,0,No,No,26-35,Pune,0,Yes,No,DSL,Yes,Yes,Yes,Yes,No,Yes,Month-to-Month,No,Credit Card (Auto),84.4,0.0,0,No
CUST-104275,Male,0,Yes,No,18-25,Chennai,17,Yes,Yes,DSL,No,No,Yes,Yes,No,No,One Year,Yes,Bank Transfer (Auto),79.7,1303.11,1,No
CUST-104276,Male,0,Yes,No,18-25,Chennai,72,No,No Phone Service,DSL,No,No,No,No,No,Yes,Month-to-Month,No,Electronic Check,83.01,5987.96,1,No
CUST-104277,Female,0,No,No,36-45,Hyderabad,17,Yes,Yes,No,No Internet Service,No Internet Service,No Internet Service,No Internet Service,No Internet Service,No Internet Service,Two Year,Yes,Electronic Check,57.57,1004.7,4,No
CUST-104278,Male,1,No,No,26-35,Delhi,4,Yes,No,Fiber Optic,Yes,No,Yes,No,No,Yes,Month-to-Month,No,Bank Transfer (Auto),108.95,435.66,0,No
CUST-104279,Male,0,No,No,18-25,Bangalore,0,Yes,No,DSL,Yes,Yes,Yes,Yes,No,No,Month-to-Month,No,Mailed Check,91.72,0.0,0,No
CUST-104280,Female,0,Yes,No,26-35,Bangalore,10,Yes,No,Fiber Optic,No,No,No,No,Yes,Yes,One Year,No,Bank Transfer (Auto),101.07,1015.53,4,No
CUST-104281,Female,0,No,No,18-25,Delhi,60,No,No Phone Service,DSL,Yes,No,No,Yes,No,No,Month-to-Month,No,Electronic Check,67.35,4093.85,2,No
CUST-104282,Female,0,No,Yes,18-25,Chennai,72,Yes,Yes,DSL,No,No,No,Yes,Yes,No,One Year,No,Bank Transfer (Auto),68.71,4895.12,4,No
CUST-104283,Female,0,No,No,65+,Hyderabad,69,Yes,No,Fiber Optic,No,No,No,No,No,No,Month-to-Month,No,Electronic Check,64.68,4396.09,4,Yes
CUST-104284,Male,0,No,No,18-25,Bangalore,31,Yes,Yes,Fiber Optic,No,No,No,No,No,No,One Year,No,Bank Transfer (Auto),84.24,2551.4,2,No
CUST-104285,Female,1,No,No,46-55,Delhi,19,Yes,Yes,Fiber Optic,No,Yes,Yes,Yes,Yes,Yes,Month-to-Month,No,Credit Card (Auto),120.47,2206.98,0,No
CUST-104286,Female,1,No,No,18-25,Mumbai,21,Yes,No,Fiber Optic,Yes,Yes,No,No,No,No,Month-to-Month,Yes,Bank Transfer (Auto),82.59,1683.7,1,No
CUST-104287,Male,0,No,No,36-45,Kolkata,18,Yes,No,No,No Internet Service,No Internet Service,No Internet Service,No Internet Service,No Internet Service,No Internet Service,One Year,Yes,Electronic Check,57.03,1083.6,2,Yes
CUST-104288,Male,1,Yes,No,26-35,Ahmedabad,29,Yes,Yes,DSL,No,No,No,No,No,No,Month-to-Month,Yes,Credit Card (Auto),78.23,2183.7,1,No
CUST-104289,Female,0,No,No,26-35,Kolkata,13,Yes,Yes,DSL,Yes,No,Yes,No,No,Yes,Month-to-Month,Yes,Electronic Check,97.87,1259.75,3,No
CUST-104290,Male,0,No,No,65+,Chennai,26,Yes,Yes,Fiber Optic,No,No,Yes,No,No,Yes,One Year,Yes,Bank Transfer (Auto),98.93,2605.51,4,Yes
CUST-104291,Female,0,Yes,Yes,18-25,Ahmedabad,3,Yes,No,Fiber Optic,Yes,No,No,No,No,Yes,One Year,Yes,Bank Transfer (Auto),78.09,234.86,2,Yes
CUST-104292,Female,0,No,No,46-55,Bangalore,7,Yes,Yes,Fiber Optic,No,No,No,No,No,No,Month-to-Month,Yes,Electronic Check,88.31,661.79,1,No
CUST-104293,Male,0,Yes,No,46-55,Mumbai,43,No,No Phone Service,Fiber Optic,No,No,No,No,No,No,One Year,Yes,Electronic Check,75.29,3208.46,1,No
CUST-104294,Male,0,Yes,No,18-25,Bangalore,56,No,No Phone Service,DSL,Yes,No,Yes,No,No,Yes,Month-to-Month,Yes,Electronic Check,80.85,4502.96,2,No
CUST-104295,Female,0,No,Yes,18-25,Delhi,18,Yes,Yes,No,No Internet Service,No Internet Service,No Internet Service,No Internet Service,No Internet Service,No Internet Service,Month-to-Month,No,Credit Card (Auto),31.6,549.31,0,No
CUST-104296,Female,1,Yes,Yes,36-45,Chennai,0,Yes,No,Fiber Optic,Yes,Yes,Yes,No,Yes,No,Month-to-Month,No,Credit Card (Auto),97.55,27.67,0,Yes
CUST-104297,Female,0,Yes,Yes,56-65,Delhi,62,Yes,Yes,DSL,Yes,No,No,No,No,No,Month-to-Month,No,Mailed Check,66.9,4284.31,1,No
CUST-104298,Male,0,Yes,Yes,26-35,Bangalore,29,Yes,No,Fiber Optic,No,Yes,Yes,Yes,Yes,Yes,Two Year,No,Electronic Check,124.5,3610.12,2,No
CUST-104299,Female,0,Yes,No,46-55,Ahmedabad,12,Yes,No,Fiber Optic,No,No,No,No,No,Yes,Month-to-Month,No,Credit Card (Auto),95.27,1131.42,1,No
CUST-104300,Female,0,Yes,No,18-25,Ahmedabad,21,Yes,No,Fiber Optic,Yes,No,No,No,No,Yes,One Year,No,Mailed Check,93.17,1908.41,2,Yes
CUST-104301,Female,0,Yes,No,36-45,Hyderabad,13,Yes,Yes,DSL,Yes,No,No,No,No,Yes,Two Year,Yes,Mailed Check,68.99,983.88,3,No
CUST-104302,Female,0,Yes,No,36-45,Delhi,15,Yes,No,DSL,No,Yes,No,No,No,Yes,Two Year,Yes,Mailed Check,65.27,959.71,1,No
CUST-104303,Female,0,No,No,26-35,Bangalore,52,Yes,Yes,Fiber Optic,No,No,Yes,No,No,Yes,Month-to-Month,No,Mailed Check,99.02,5118.15,1,No
CUST-104304,Male,0,No,No,18-25,Kolkata,4,Yes,No,DSL,No,No,No,No,Yes,Yes,Two Year,Yes,Mailed Check,80.97,313.38,5,Yes
CUST-104305,Female,0,Yes,No,18-25,Delhi,2,Yes,Yes,DSL,No,No,Yes,Yes,No,No,Two Year,Yes,Bank Transfer (Auto),72.55,236.23,1,No
CUST-104306,Female,0,No,No,36-45,Mumbai,0,Yes,No,Fiber Optic,No,No,Yes,No,Yes,No,Month-to-Month,Yes,Mailed Check,96.35,0.0,1,Yes
CUST-104307,Female,0,Yes,No,26-35,Kolkata,9,Yes,No,DSL,Yes,No,Yes,Yes,No,No,Month-to-Month,Yes,Credit Card (Auto),95.54,858.6,5,No
CUST-104308,Female,0,Yes,No,46-55,Hyderabad,3,Yes,No,DSL,Yes,No,No,No,No,Yes,Month-to-Month,Yes,Electronic Check,82.9,122.89,3,No
CUST-104309,Male,0,Yes,Yes,36-45,Kolkata,5,Yes,Yes,Fiber Optic,Yes,No,No,No,Yes,Yes,One Year,No,Bank Transfer (Auto),92.95,513.76,3,No
CUST-104310,Male,0,No,No,18-25,Chennai,0,Yes,No,DSL,No,Yes,No,No,Yes,No,One Year,No,Electronic Check,83.05,0.0,3,Yes
CUST-104311,Male,0,No,No,18-25,Mumbai,6,Yes,Yes,Fiber Optic,No,No,No,No,Yes,No,Month-to-Month,Yes,Bank Transfer (Auto),96.6,625.2,2,Yes
CUST-104312,Female,0,Yes,No,56-65,Pune,9,Yes,Yes,DSL,Yes,No,No,No,No,No,One Year,Yes,Electronic Check,67.47,638.92,2,No
CUST-104313,Female,0,Yes,No,18-25,Delhi,0,Yes,No,No,No Internet Service,No Internet Service,No Internet Service,No Internet Service,No Internet Service,No Internet Service,Month-to-Month,Yes,Electronic Check,51.98,7.94,3,Yes
CUST-104314,Male,0,Yes,No,26-35,Mumbai,22,Yes,No,DSL,No,Yes,No,No,No,No,Two Year,Yes,Credit Card (Auto),91.94,2000.19,2,No
CUST-104315,Male,0,No,Yes,26-35,Hyderabad,20,Yes,Yes,Fiber Optic,No,No,No,No,No,No,Month-to-Month,Yes,Electronic Check,79.18,1586.77,1,Yes
CUST-104316,Male,0,No,No,26-35,Bangalore,2,No,No Phone Service,Fiber Optic,Yes,Yes,No,No,Yes,No,One Year,No,Bank Transfer (Auto),97.86,128.69,2,No
CUST-104317,Female,1,Yes,Yes,26-35,Delhi,21,Yes,No,Fiber Optic,Yes,No,Yes,No,No,No,Month-to-Month,No,Credit Card (Auto),95.92,2025.56,1,No
CUST-104318,Female,1,No,No,18-25,Hyderabad,72,Yes,Yes,Fiber Optic,Yes,No,Yes,No,No,Yes,Month-to-Month,Yes,Mailed Check,98.88,7147.02,3,No
CUST-104319,Male,0,Yes,No,18-25,Pune,69,Yes,No,DSL,No,No,No,No,No,No,One Year,No,Electronic Check,45.07,3113.93,0,No
CUST-104320,Male,0,No,Yes,36-45,Hyderabad,0,Yes,No,Fiber Optic,No,No,Yes,No,Yes,Yes,Month-to-Month,Yes,Electronic Check,90.56,1.8,2,Yes
CUST-104321,Male,0,No,No,26-35,Pune,38,Yes,No,Fiber Optic,No,Yes,No,No,Yes,Yes,Month-to-Month,No,Credit Card (Auto),105.86,3992.37,3,No
CUST-104322,Female,1,Yes,Yes,46-55,Bangalore,10,Yes,No,DSL,Yes,Yes,No,No,Yes,No,Two Year,No,Mailed Check,84.45,836.47,0,No
CUST-104323,Female,1,No,Yes,46-55,Hyderabad,1,Yes,Yes,DSL,No,No,No,Yes,No,No,Month-to-Month,Yes,Bank Transfer (Auto),75.19,20.34,2,No
CUST-104324,Female,0,No,No,18-25,Hyderabad,8,Yes,No,Fiber Optic,No,No,No,No,Yes,Yes,Two Year,No,Credit Card (Auto),92.42,712.08,0,No
CUST-104325,Male,0,Yes,Yes,36-45,Bangalore,9,Yes,No,DSL,Yes,No,No,No,No,Yes,Month-to-Month,Yes,Mailed Check,70.46,737.38,2,No
CUST-104326,Male,0,Yes,No,46-55,Bangalore,17,Yes,No,No,No Internet Service,No Internet Service,No Internet Service,No Internet Service,No Internet Service,No Internet Service,Month-to-Month,No,Credit Card (Auto),50.28,859.2,0,No
CUST-104327,Female,0,No,Yes,26-35,Hyderabad,25,Yes,No,Fiber Optic,No,No,Yes,No,Yes,Yes,Month-to-Month,Yes,Electronic Check,83.99,2124.02,2,Yes
CUST-104328,Male,0,Yes,Yes,26-35,Kolkata,33,Yes,Yes,Fiber Optic,No,Yes,No,No,Yes,Yes,Two Year,Yes,Mailed Check,93.52,3084.85,0,No
CUST-104329,Female,0,Yes,No,18-25,Hyderabad,6,Yes,Yes,DSL,No,Yes,No,Yes,No,No,Month-to-Month,Yes,Bank Transfer (Auto),75.42,455.8,2,Yes
CUST-104330,Male,1,Yes,No,18-25,Mumbai,9,Yes,Yes,DSL,No,No,No,No,No,No,Two Year,Yes,Electronic Check,67.87,617.55,2,No
CUST-104331,Male,0,No,Yes,26-35,Pune,8,No,No Phone Service,Fiber Optic,No,No,No,No,No,Yes,Two Year,No,Electronic Check,70.22,549.71,0,No
CUST-104332,Male,0,No,No,18-25,Hyderabad,10,Yes,No,Fiber Optic,No,Yes,No,No,Yes,No,Month-to-Month,No,Bank Transfer (Auto),87.67,906.36,0,Yes
CUST-104333,Male,1,No,No,36-45,Bangalore,72,Yes,Yes,No,No Internet Service,No Internet Service,No Internet Service,No Internet Service,No Internet Service,No Internet Service,One Year,Yes,Bank Transfer (Auto),49.56,3532.53,3,No
CUST-104334,Female,1,No,No,26-35,Chennai,36,Yes,Yes,No,No Internet Service,No Internet Service,No Internet Service,No Internet Service,No Internet Service,No Internet Service,One Year,Yes,Mailed Check,46.93,1615.32,1,No
CUST-104335,Male,0,Yes,Yes,56-65,Delhi,72,Yes,No,DSL,No,Yes,No,No,No,No,Month-to-Month,Yes,Credit Card (Auto),57.05,4117.44,1,No
CUST-104336,Female,0,No,No,36-45,Pune,28,Yes,Yes,No,No Internet Service,No Internet Service,No Internet Service,No Internet Service,No Internet Service,No Internet Service,Month-to-Month,Yes,Mailed Check,36.92,1089.67,0,No
CUST-104337,Female,0,No,No,18-25,Pune,12,Yes,Yes,DSL,No,No,Yes,No,No,No,Month-to-Month,Yes,Credit Card (Auto),67.63,779.1,2,No
CUST-104338,Female,0,Yes,Yes,18-25,Delhi,11,Yes,Yes,No,No Internet Service,No Internet Service,No Internet Service,No Internet Service,No Internet Service,No Internet Service,One Year,No,Bank Transfer (Auto),36.75,443.47,2,No
CUST-104339,Male,1,Yes,No,26-35,Kolkata,16,Yes,No,DSL,No,No,No,No,No,No,One Year,No,Electronic Check,62.05,1026.42,2,No
CUST-104340,Female,1,Yes,No,18-25,Delhi,12,No,No Phone Service,No,No Internet Service,No Internet Service,No Internet Service,No Internet Service,No Internet Service,No Internet Service,Month-to-Month,Yes,Mailed Check,40.25,561.01,1,No
CUST-104341,Female,0,No,No,26-35,Chennai,42,Yes,Yes,Fiber Optic,No,Yes,No,No,No,No,Month-to-Month,No,Bank Transfer (Auto),88.3,3801.78,1,No
CUST-104342,Female,0,No,No,46-55,Bangalore,15,Yes,No,No,No Internet Service,No Internet Service,No Internet Service,No Internet Service,No Internet Service,No Internet Service,Two Year,No,Credit Card (Auto),46.01,719.16,1,No
CUST-104343,Male,0,No,No,18-25,Pune,8,Yes,No,Fiber Optic,No,Yes,Yes,No,No,No,Month-to-Month,Yes,Electronic Check,92.59,734.73,0,No
CUST-104344,Male,1,No,No,18-25,Mumbai,35,No,No Phone Service,Fiber Optic,No,Yes,No,No,No,No,One Year,Yes,Mailed Check,90.4,3083.18,1,No
CUST-104345,Female,0,Yes,No,26-35,Delhi,46,Yes,No,DSL,No,No,Yes,No,No,No,Month-to-Month,Yes,Electronic Check,53.54,2511.67,0,No
CUST-104346,Male,0,No,No,46-55,Hyderabad,13,Yes,No,Fiber Optic,Yes,No,No,Yes,Yes,No,Two Year,Yes,Electronic Check,92.08,1253.61,3,Yes
CUST-104347,Female,0,No,No,36-45,Pune,26,Yes,No,Fiber Optic,Yes,No,No,No,No,No,Two Year,No,Bank Transfer (Auto),75.75,1956.63,1,No
CUST-104348,Female,0,Yes,No,26-35,Chennai,1,Yes,No,No,No Internet Service,No Internet Service,No Internet Service,No Internet Service,No Internet Service,No Internet Service,Month-to-Month,No,Electronic Check,47.41,65.01,0,No
CUST-104349,Male,0,No,No,18-25,Ahmedabad,18,Yes,No,DSL,Yes,No,No,No,No,No,Month-to-Month,Yes,Bank Transfer (Auto),62.24,1068.99,2,No
CUST-104350,Female,0,Yes,No,36-45,Hyderabad,1,No,No Phone Service,No,No Internet Service,No Internet Service,No Internet Service,No Internet Service,No Internet Service,No Internet Service,Month-to-Month,Yes,Credit Card (Auto),36.85,6.94,1,No
CUST-104351,Male,1,No,Yes,26-35,Delhi,0,Yes,Yes,No,No Internet Service,No Internet Service,No Internet Service,No Internet Service,No Internet Service,No Internet Service,Month-to-Month,Yes,Credit Card (Auto),34.47,0.0,1,No
CUST-104352,Male,1,No,No,56-65,Bangalore,22,Yes,No,Fiber Optic,No,No,No,No,No,No,Month-to-Month,Yes,Electronic Check,87.56,1939.77,0,Yes
CUST-104353,Female,0,No,No,18-25,Mumbai,8,Yes,No,Fiber Optic,No,No,Yes,No,No,No,One Year,Yes,Bank Transfer (Auto),93.33,726.66,0,No
CUST-104354,Male,0,No,No,18-25,Mumbai,32,No,No Phone Service,Fiber Optic,No,No,Yes,No,Yes,Yes,Month-to-Month,No,Credit Card (Auto),89.76,2934.8,0,No
CUST-104355,Male,0,Yes,No,26-35,Hyderabad,54,Yes,Yes,DSL,Yes,No,Yes,No,Yes,Yes,Month-to-Month,Yes,Electronic Check,78.71,4262.08,2,Yes
CUST-104356,Female,0,No,No,26-35,Ahmedabad,3,Yes,Yes,DSL,Yes,No,Yes,Yes,No,Yes,One Year,No,Mailed Check,71.68,232.69,0,No
CUST-104357,Female,0,Yes,Yes,26-35,Delhi,30,Yes,Yes,DSL,Yes,No,Yes,No,Yes,Yes,One Year,No,Credit Card (Auto),97.32,2920.17,1,No
CUST-104358,Male,1,No,No,18-25,Pune,17,Yes,No,Fiber Optic,Yes,No,Yes,No,No,Yes,Month-to-Month,No,Electronic Check,97.43,1735.3,2,Yes
CUST-104359,Male,0,No,Yes,18-25,Bangalore,2,Yes,No,Fiber Optic,Yes,No,No,Yes,Yes,No,One Year,No,Credit Card (Auto),96.48,265.58,0,No
CUST-104360,Female,0,No,No,18-25,Mumbai,25,Yes,Yes,DSL,Yes,No,No,No,Yes,Yes,One Year,Yes,Mailed Check,89.4,2226.42,1,Yes
CUST-104361,Male,1,Yes,No,18-25,Delhi,22,Yes,Yes,Fiber Optic,No,No,Yes,Yes,No,No,One Year,No,Electronic Check,102.12,2261.56,1,No
CUST-104362,Male,1,No,Yes,18-25,Chennai,17,Yes,No,No,No Internet Service,No Internet Service,No Internet Service,No Internet Service,No Internet Service,No Internet Service,Month-to-Month,Yes,Mailed Check,47.51,878.41,3,Yes
CUST-104363,Male,0,No,No,18-25,Delhi,62,Yes,No,Fiber Optic,No,Yes,No,No,Yes,Yes,Month-to-Month,No,Electronic Check,100.12,6148.64,3,No
CUST-104364,Male,0,No,No,18-25,Kolkata,17,Yes,No,Fiber Optic,Yes,Yes,No,Yes,Yes,Yes,Two Year,No,Electronic Check,116.36,1993.22,1,Yes
CUST-104365,Male,0,Yes,No,18-25,Bangalore,72,Yes,Yes,Fiber Optic,No,No,No,Yes,Yes,No,Two Year,No,Bank Transfer (Auto),72.66,5214.02,0,No
CUST-104366,Male,0,Yes,No,18-25,Delhi,17,Yes,No,DSL,Yes,No,Yes,Yes,No,Yes,One Year,No,Mailed Check,80.9,1448.93,1,Yes
CUST-104367,Male,0,Yes,Yes,18-25,Pune,2,Yes,No,Fiber Optic,No,Yes,No,No,No,Yes,Month-to-Month,Yes,Mailed Check,96.38,219.29,0,No
CUST-104368,Female,0,No,Yes,26-35,Mumbai,15,Yes,Yes,Fiber Optic,No,Yes,Yes,No,No,Yes,One Year,No,Electronic Check,107.5,1525.61,2,No
CUST-104369,Female,1,No,No,26-35,Ahmedabad,4,Yes,Yes,DSL,No,No,No,No,No,Yes,Two Year,Yes,Credit Card (Auto),49.97,179.09,1,No
CUST-104370,Female,0,No,No,46-55,Delhi,21,Yes,Yes,No,No Internet Service,No Internet Service,No Internet Service,No Internet Service,No Internet Service,No Internet Service,Month-to-Month,No,Mailed Check,55.51,1235.9,2,No
CUST-104371,Female,0,Yes,No,18-25,Kolkata,28,Yes,Yes,No,No Internet Service,No Internet Service,No Internet Service,No Internet Service,No Internet Service,No Internet Service,Month-to-Month,No,Credit Card (Auto),51.13,1476.24,0,No
CUST-104372,Female,0,Yes,Yes,26-35,Hyderabad,15,Yes,No,Fiber Optic,No,No,Yes,No,Yes,Yes,One Year,Yes,Credit Card (Auto),91.43,1319.33,0,No
CUST-104373,Male,0,No,No,46-55,Pune,2,Yes,Yes,DSL,No,No,No,Yes,Yes,No,Two Year,Yes,Electronic Check,66.36,83.78,1,No
CUST-104374,Male,1,No,No,26-35,Mumbai,15,Yes,No,Fiber Optic,Yes,No,No,Yes,No,Yes,Month-to-Month,No,Electronic Check,96.3,1448.41,1,No
CUST-104375,Male,0,No,No,46-55,Delhi,2,No,No Phone Service,Fiber Optic,No,No,Yes,No,Yes,Yes,One Year,Yes,Credit Card (Auto),70.54,138.36,1,No
CUST-104376,Male,0,No,Yes,26-35,Delhi,27,Yes,Yes,DSL,No,Yes,Yes,No,Yes,No,One Year,Yes,Bank Transfer (Auto),75.99,2038.89,2,No
CUST-104377,Female,0,Yes,No,36-45,Mumbai,37,Yes,No,Fiber Optic,No,No,No,Yes,Yes,No,One Year,Yes,Electronic Check,94.73,3484.85,2,No
CUST-104378,Male,0,No,Yes,18-25,Delhi,72,Yes,Yes,No,No Internet Service,No Internet Service,No Internet Service,No Internet Service,No Internet Service,No Internet Service,One Year,No,Bank Transfer (Auto),51.21,3657.73,0,No
CUST-104379,Male,0,No,Yes,18-25,Kolkata,3,Yes,Yes,No,No Internet Service,No Internet Service,No Internet Service,No Internet Service,No Internet Service,No Internet Service,One Year,No,Electronic Check,61.79,298.14,2,No
CUST-104380,Female,0,No,No,18-25,Pune,18,Yes,No,Fiber Optic,No,Yes,No,No,No,No,Month-to-Month,Yes,Electronic Check,70.61,1252.69,1,Yes
CUST-104381,Male,0,Yes,No,46-55,Delhi,20,Yes,Yes,Fiber Optic,Yes,No,Yes,No,Yes,No,Month-to-Month,Yes,Mailed Check,101.56,1998.24,2,Yes
CUST-104382,Male,0,Yes,No,26-35,Bangalore,61,Yes,Yes,Fiber Optic,Yes,No,No,Yes,Yes,No,One Year,No,Electronic Check,105.99,6490.69,2,No
CUST-104383,Female,0,Yes,No,18-25,Pune,23,Yes,No,DSL,No,No,Yes,No,No,Yes,Month-to-Month,Yes,Credit Card (Auto),52.61,1204.96,2,Yes
CUST-104384,Male,1,No,No,26-35,Kolkata,3,Yes,No,No,No Internet Service,No Internet Service,No Internet Service,No Internet Service,No Internet Service,No Internet Service,One Year,Yes,Credit Card (Auto),37.61,66.75,2,No
CUST-104385,Male,1,Yes,No,18-25,Bangalore,13,Yes,No,No,No Internet Service,No Internet Service,No Internet Service,No Internet Service,No Internet Service,No Internet Service,One Year,Yes,Bank Transfer (Auto),48.69,620.47,1,No
CUST-104386,Male,0,Yes,No,26-35,Pune,25,Yes,No,DSL,Yes,Yes,No,No,No,Yes,Month-to-Month,No,Electronic Check,95.42,2382.49,3,No
CUST-104387,Male,0,Yes,No,18-25,Hyderabad,28,Yes,Yes,Fiber Optic,No,Yes,No,No,No,No,One Year,Yes,Electronic Check,76.0,2149.51,3,Yes
CUST-104388,Male,0,No,Yes,18-25,Ahmedabad,47,Yes,No,No,No Internet Service,No Internet Service,No Internet Service,No Internet Service,No Internet Service,No Internet Service,Month-to-Month,No,Mailed Check,57.26,2706.87,2,No
CUST-104389,Female,0,Yes,Yes,18-25,Chennai,4,No,No Phone Service,Fiber Optic,No,No,No,No,Yes,Yes,Month-to-Month,Yes,Mailed Check,93.98,325.15,2,Yes
CUST-104390,Female,0,No,No,18-25,Pune,72,Yes,Yes,No,No Internet Service,No Internet Service,No Internet Service,No Internet Service,No Internet Service,No Internet Service,Month-to-Month,No,Electronic Check,33.24,2423.71,0,No
CUST-104391,Female,1,Yes,No,26-35,Kolkata,1,Yes,No,Fiber Optic,No,No,Yes,No,Yes,No,Two Year,Yes,Bank Transfer (Auto),97.17,141.78,2,Yes
CUST-104392,Female,1,Yes,Yes,26-35,Mumbai,72,Yes,Yes,DSL,No,No,Yes,No,No,No,Month-to-Month,Yes,Mailed Check,91.01,6498.93,4,No
CUST-104393,Female,0,No,No,26-35,Bangalore,46,Yes,Yes,Fiber Optic,No,No,Yes,Yes,Yes,No,One Year,No,Credit Card (Auto),97.13,4429.14,2,No
CUST-104394,Female,0,Yes,No,18-25,Hyderabad,25,Yes,Yes,Fiber Optic,No,No,No,Yes,Yes,No,Month-to-Month,No,Credit Card (Auto),90.46,2252.72,2,No
CUST-104395,Male,1,Yes,No,36-45,Mumbai,31,Yes,No,DSL,No,No,No,Yes,Yes,No,Month-to-Month,Yes,Bank Transfer (Auto),69.75,2173.23,1,No
CUST-104396,Female,0,Yes,Yes,65+,Bangalore,1,Yes,No,DSL,No,Yes,No,No,Yes,No,Month-to-Month,Yes,Bank Transfer (Auto),90.48,103.36,1,Yes
CUST-104397,Female,0,No,No,26-35,Chennai,1,Yes,No,No,No Internet Service,No Internet Service,No Internet Service,No Internet Service,No Internet Service,No Internet Service,One Year,Yes,Electronic Check,39.6,37.46,2,No
CUST-104398,Male,0,No,No,26-35,Delhi,2,Yes,No,DSL,No,Yes,No,No,Yes,No,Month-to-Month,Yes,Electronic Check,73.43,75.28,2,No
CUST-104399,Male,0,Yes,No,18-25,Hyderabad,2,Yes,Yes,Fiber Optic,No,No,No,Yes,No,No,Month-to-Month,Yes,Credit Card (Auto),84.61,219.82,2,No
CUST-104400,Female,0,Yes,Yes,18-25,Mumbai,19,Yes,Yes,No,No Internet Service,No Internet Service,No Internet Service,No Internet Service,No Internet Service,No Internet Service,One Year,No,Bank Transfer (Auto),39.41,699.21,3,No
CUST-104401,Male,0,No,Yes,18-25,Mumbai,5,Yes,No,No,No Internet Service,No Internet Service,No Internet Service,No Internet Service,No Internet Service,No Internet Service,Month-to-Month,Yes,Electronic Check,38.48,259.93,3,Yes
CUST-104402,Female,0,No,No,26-35,Bangalore,47,Yes,No,Fiber Optic,Yes,Yes,No,No,No,No,Month-to-Month,Yes,Bank Transfer (Auto),90.8,4325.98,2,No
CUST-104403,Male,0,Yes,No,18-25,Pune,14,Yes,Yes,No,No Internet Service,No Internet Service,No Internet Service,No Internet Service,No Internet Service,No Internet Service,Month-to-Month,No,Credit Card (Auto),40.6,512.72,1,No
CUST-104404,Female,0,No,No,65+,Hyderabad,28,Yes,No,No,No Internet Service,No Internet Service,No Internet Service,No Internet Service,No Internet Service,No Internet Service,Month-to-Month,No,Mailed Check,44.91,1275.1,2,No
CUST-104405,Male,0,No,No,26-35,Chennai,25,Yes,Yes,DSL,No,No,No,No,No,Yes,One Year,No,Electronic Check,75.13,1946.3,1,Yes
CUST-104406,Male,0,No,No,18-25,Bangalore,9,Yes,No,Fiber Optic,Yes,No,No,No,No,No,Month-to-Month,No,Credit Card (Auto),85.34,797.5,0,Yes
CUST-104407,Female,0,Yes,Yes,36-45,Hyderabad,6,Yes,No,DSL,No,Yes,Yes,No,Yes,Yes,Month-to-Month,Yes,Mailed Check,74.07,359.53,0,Yes
CUST-104408,Female,1,Yes,No,18-25,Hyderabad,10,Yes,No,Fiber Optic,No,Yes,No,No,Yes,Yes,Two Year,Yes,Mailed Check,103.25,1030.63,1,No
CUST-104409,Female,0,Yes,Yes,46-55,Bangalore,38,Yes,Yes,DSL,No,No,Yes,No,No,No,Two Year,No,Electronic Check,81.06,3121.97,0,Yes
CUST-104410,Female,0,No,No,26-35,Mumbai,21,No,No Phone Service,DSL,No,Yes,Yes,No,No,Yes,Two Year,Yes,Credit Card (Auto),93.46,2046.71,6,No
CUST-104411,Female,1,No,No,26-35,Kolkata,7,Yes,Yes,No,No Internet Service,No Internet Service,No Internet Service,No Internet Service,No Internet Service,No Internet Service,Two Year,Yes,Credit Card (Auto),56.09,385.85,1,No
CUST-104412,Male,0,Yes,No,18-25,Ahmedabad,40,Yes,No,DSL,No,No,Yes,No,No,No,One Year,No,Mailed Check,60.23,2325.89,2,No
CUST-104413,Female,0,No,Yes,18-25,Hyderabad,1,Yes,No,Fiber Optic,No,No,Yes,No,No,No,One Year,Yes,Electronic Check,65.75,175.16,1,Yes
CUST-104414,Female,0,No,Yes,65+,Bangalore,28,Yes,No,DSL,Yes,No,No,No,Yes,Yes,One Year,No,Mailed Check,80.34,2243.4,0,No
CUST-104415,Male,0,No,No,36-45,Pune,13,Yes,No,Fiber Optic,No,Yes,No,No,No,Yes,One Year,Yes,Electronic Check,95.88,1318.66,4,No
CUST-104416,Male,0,No,No,36-45,Mumbai,31,Yes,Yes,Fiber Optic,No,Yes,Yes,Yes,No,Yes,One Year,Yes,Electronic Check,118.18,3650.67,5,Yes
CUST-104417,Female,1,No,No,18-25,Mumbai,62,Yes,No,Fiber Optic,No,No,No,No,No,Yes,Month-to-Month,Yes,Mailed Check,89.92,5602.53,1,No
CUST-104418,Male,0,Yes,No,26-35,Delhi,33,Yes,No,Fiber Optic,No,No,No,No,No,Yes,Two Year,Yes,Electronic Check,87.67,2858.84,2,Yes
CUST-104419,Male,0,No,No,18-25,Mumbai,14,Yes,Yes,No,No Internet Service,No Internet Service,No Internet Service,No Internet Service,No Internet Service,No Internet Service,One Year,No,Credit Card (Auto),49.53,660.12,2,No
CUST-104420,Female,1,No,No,18-25,Mumbai,3,Yes,Yes,DSL,No,No,No,No,Yes,Yes,Two Year,Yes,Electronic Check,67.07,291.69,1,No
CUST-104421,Male,0,Yes,Yes,36-45,Ahmedabad,39,Yes,No,DSL,No,No,No,No,No,No,Month-to-Month,No,Mailed Check,85.08,3365.11,0,Yes
CUST-104422,Male,0,Yes,No,18-25,Delhi,14,Yes,No,Fiber Optic,No,Yes,Yes,No,No,No,Month-to-Month,No,Electronic Check,94.07,1315.58,1,Yes
CUST-104423,Female,0,No,No,26-35,Chennai,1,Yes,No,DSL,Yes,No,No,No,No,No,Month-to-Month,No,Bank Transfer (Auto),71.55,118.28,5,No
CUST-104424,Female,0,Yes,No,26-35,Hyderabad,30,Yes,No,DSL,No,Yes,No,No,Yes,No,Month-to-Month,No,Electronic Check,67.97,2005.21,1,No
CUST-104425,Male,0,No,No,18-25,Delhi,8,Yes,Yes,Fiber Optic,No,Yes,Yes,Yes,No,No,Month-to-Month,Yes,Bank Transfer (Auto),98.29,786.4,0,No
CUST-104426,Male,0,Yes,Yes,18-25,Chennai,1,Yes,No,No,No Internet Service,No Internet Service,No Internet Service,No Internet Service,No Internet Service,No Internet Service,Month-to-Month,No,Credit Card (Auto),44.2,49.31,0,No
CUST-104427,Female,0,Yes,Yes,26-35,Bangalore,55,Yes,No,DSL,No,Yes,No,Yes,No,No,Month-to-Month,No,Credit Card (Auto),75.94,4138.78,0,No
CUST-104428,Male,0,Yes,Yes,36-45,Bangalore,15,Yes,Yes,DSL,No,Yes,Yes,No,No,No,Month-to-Month,No,Bank Transfer (Auto),63.87,913.58,2,No
CUST-104429,Male,0,Yes,No,18-25,Bangalore,7,Yes,Yes,Fiber Optic,No,No,No,No,No,No,One Year,Yes,Electronic Check,80.3,467.67,2,Yes
CUST-104430,Male,0,No,No,18-25,Ahmedabad,30,Yes,No,Fiber Optic,No,Yes,Yes,Yes,No,No,Two Year,Yes,Electronic Check,105.52,3117.22,2,No
CUST-104431,Female,0,No,No,26-35,Ahmedabad,52,Yes,Yes,No,No Internet Service,No Internet Service,No Internet Service,No Internet Service,No Internet Service,No Internet Service,Month-to-Month,No,Bank Transfer (Auto),44.04,2381.47,1,No
CUST-104432,Male,0,Yes,Yes,65+,Bangalore,0,Yes,No,DSL,No,Yes,No,Yes,Yes,No,One Year,Yes,Electronic Check,86.58,0.0,0,No
CUST-104433,Male,0,Yes,Yes,26-35,Delhi,27,Yes,Yes,DSL,No,No,No,No,No,Yes,Month-to-Month,Yes,Mailed Check,78.49,2117.5,2,No
CUST-104434,Female,1,Yes,Yes,36-45,Pune,34,Yes,No,No,No Internet Service,No Internet Service,No Internet Service,No Internet Service,No Internet Service,No Internet Service,Month-to-Month,Yes,Credit Card (Auto),48.77,1665.81,1,No
CUST-104435,Male,0,Yes,No,26-35,Bangalore,5,Yes,No,DSL,No,No,No,Yes,No,No,One Year,Yes,Credit Card (Auto),63.03,302.66,0,No
CUST-104436,Male,0,No,Yes,18-25,Hyderabad,16,Yes,Yes,DSL,No,No,Yes,No,No,Yes,One Year,Yes,Credit Card (Auto),78.7,1302.92,2,No
CUST-104437,Female,0,Yes,Yes,18-25,Hyderabad,2,Yes,Yes,Fiber Optic,No,No,Yes,Yes,No,Yes,Two Year,Yes,Credit Card (Auto),109.41,205.07,1,No
CUST-104438,Female,0,Yes,No,26-35,Ahmedabad,32,Yes,Yes,DSL,No,Yes,No,Yes,Yes,No,Month-to-Month,Yes,Bank Transfer (Auto),83.59,2722.55,0,No
CUST-104439,Female,0,No,No,26-35,Bangalore,45,Yes,Yes,Fiber Optic,Yes,No,Yes,Yes,Yes,Yes,Two Year,Yes,Bank Transfer (Auto),124.74,5640.76,1,No
CUST-104440,Female,0,Yes,No,18-25,Bangalore,2,Yes,No,Fiber Optic,No,No,No,No,No,Yes,Month-to-Month,Yes,Mailed Check,92.45,117.24,2,Yes
CUST-104441,Male,1,Yes,Yes,26-35,Mumbai,40,Yes,Yes,No,No Internet Service,No Internet Service,No Internet Service,No Internet Service,No Internet Service,No Internet Service,Month-to-Month,Yes,Credit Card (Auto),34.69,1445.68,2,No
CUST-104442,Male,0,Yes,No,18-25,Chennai,35,Yes,No,Fiber Optic,Yes,No,No,No,Yes,No,Month-to-Month,No,Electronic Check,109.45,3815.06,1,No
CUST-104443,Female,0,No,No,18-25,Delhi,10,No,No Phone Service,Fiber Optic,No,Yes,No,No,No,No,One Year,Yes,Bank Transfer (Auto),100.81,918.54,2,No
CUST-104444,Female,0,No,Yes,36-45,Chennai,28,Yes,Yes,Fiber Optic,No,Yes,Yes,No,Yes,Yes,Month-to-Month,Yes,Electronic Check,106.12,2994.92,2,Yes
CUST-104445,Male,0,No,Yes,18-25,Delhi,0,Yes,No,Fiber Optic,No,Yes,No,Yes,No,No,Month-to-Month,Yes,Electronic Check,106.78,0.0,4,Yes
CUST-104446,Female,0,Yes,No,18-25,Ahmedabad,64,Yes,No,Fiber Optic,No,No,No,Yes,No,No,One Year,No,Bank Transfer (Auto),88.32,5733.91,1,No
CUST-104447,Male,0,Yes,No,18-25,Mumbai,19,Yes,Yes,Fiber Optic,No,No,No,Yes,Yes,No,Month-to-Month,Yes,Mailed Check,92.32,1808.86,1,No
CUST-104448,Female,1,No,Yes,56-65,Ahmedabad,23,Yes,No,DSL,No,Yes,No,Yes,No,No,Month-to-Month,Yes,Bank Transfer (Auto),70.43,1574.78,0,No
CUST-104449,Male,0,No,No,26-35,Hyderabad,26,Yes,Yes,DSL,No,No,Yes,No,Yes,Yes,Month-to-Month,Yes,Bank Transfer (Auto),81.53,2167.23,3,No
CUST-104450,Female,0,No,No,36-45,Ahmedabad,19,Yes,Yes,DSL,No,Yes,No,Yes,No,No,Month-to-Month,Yes,Bank Transfer (Auto),76.41,1416.99,2,Yes
CUST-104451,Female,0,Yes,Yes,36-45,Hyderabad,46,Yes,Yes,No,No Internet Service,No Internet Service,No Internet Service,No Internet Service,No Internet Service,No Internet Service,One Year,No,Electronic Check,38.6,1692.75,1,No
CUST-104452,Male,0,Yes,No,18-25,Mumbai,22,Yes,Yes,DSL,No,Yes,No,Yes,No,No,One Year,No,Mailed Check,54.0,1157.27,0,No
CUST-104453,Female,0,No,No,18-25,Delhi,57,Yes,No,Fiber Optic,No,No,No,No,Yes,Yes,Month-to-Month,No,Credit Card (Auto),103.54,5835.32,2,No
CUST-104454,Male,0,No,No,56-65,Bangalore,20,Yes,No,Fiber Optic,Yes,No,Yes,No,No,No,Month-to-Month,Yes,Electronic Check,105.01,2099.52,0,Yes
CUST-104455,Male,0,No,No,18-25,Ahmedabad,4,Yes,Yes,DSL,Yes,Yes,Yes,Yes,No,No,Two Year,Yes,Mailed Check,87.43,446.25,1,No
CUST-104456,Male,0,No,Yes,46-55,Pune,58,Yes,No,DSL,Yes,No,No,Yes,No,Yes,Month-to-Month,No,Mailed Check,89.97,5222.2,0,No
CUST-104457,Male,0,No,Yes,46-55,Chennai,27,Yes,No,Fiber Optic,No,No,No,No,Yes,No,One Year,Yes,Credit Card (Auto),93.89,2558.1,4,No
CUST-104458,Male,0,No,No,26-35,Bangalore,28,Yes,Yes,Fiber Optic,No,Yes,No,Yes,No,No,Month-to-Month,Yes,Bank Transfer (Auto),96.9,2663.04,0,Yes
CUST-104459,Female,1,No,No,18-25,Bangalore,72,Yes,No,DSL,No,No,No,Yes,No,No,Month-to-Month,Yes,Electronic Check,74.31,5323.3,2,No
CUST-104460,Female,0,No,No,26-35,Chennai,1,Yes,Yes,DSL,No,No,No,Yes,Yes,No,Two Year,Yes,Credit Card (Auto),77.07,104.33,1,No
CUST-104461,Male,0,No,No,26-35,Pune,13,Yes,No,DSL,No,No,Yes,No,No,Yes,One Year,Yes,Credit Card (Auto),71.83,930.36,4,No
CUST-104462,Female,1,Yes,No,65+,Hyderabad,6,Yes,Yes,Fiber Optic,Yes,No,No,No,Yes,No,Month-to-Month,No,Bank Transfer (Auto),84.26,469.52,2,No
CUST-104463,Male,0,Yes,No,18-25,Pune,23,Yes,No,DSL,No,No,No,No,Yes,Yes,Month-to-Month,Yes,Mailed Check,78.83,1863.23,0,No
CUST-104464,Female,0,No,No,26-35,Hyderabad,39,Yes,No,DSL,Yes,No,No,No,Yes,No,Month-to-Month,No,Bank Transfer (Auto),76.99,3009.63,2,No
CUST-104465,Female,0,Yes,No,26-35,Hyderabad,72,Yes,No,No,No Internet Service,No Internet Service,No Internet Service,No Internet Service,No Internet Service,No Internet Service,Month-to-Month,Yes,Mailed Check,53.83,3978.51,3,No
CUST-104466,Female,1,No,No,18-25,Chennai,14,Yes,Yes,DSL,No,No,Yes,No,No,Yes,Two Year,Yes,Bank Transfer (Auto),89.17,1281.35,2,No
CUST-104467,Female,0,Yes,Yes,46-55,Pune,37,Yes,No,DSL,No,No,Yes,No,No,Yes,Two Year,No,Credit Card (Auto),79.22,2874.41,1,No
CUST-104468,Male,0,Yes,No,18-25,Chennai,59,Yes,Yes,DSL,No,No,No,Yes,No,No,Month-to-Month,Yes,Credit Card (Auto),72.16,4263.22,3,No
CUST-104469,Male,0,No,No,26-35,Ahmedabad,27,Yes,No,DSL,No,No,Yes,No,No,No,Month-to-Month,Yes,Mailed Check,74.16,,0,No
CUST-104470,Female,0,Yes,Yes,18-25,Kolkata,6,Yes,No,Fiber Optic,No,Yes,No,No,No,No,One Year,Yes,Credit Card (Auto),83.0,598.25,0,No
CUST-104471,Female,0,Yes,No,46-55,Pune,22,Yes,No,No,No Internet Service,No Internet Service,No Internet Service,No Internet Service,No Internet Service,No Internet Service,Month-to-Month,Yes,Electronic Check,40.54,842.44,0,No
CUST-104472,Male,0,Yes,No,46-55,Bangalore,72,Yes,Yes,DSL,No,No,Yes,No,No,No,One Year,No,Electronic Check,68.96,5020.83,1,No
CUST-104473,Female,0,No,No,18-25,Chennai,72,No,No Phone Service,DSL,Yes,No,No,No,No,No,One Year,Yes,Bank Transfer (Auto),79.34,5760.19,1,No
CUST-104474,Male,0,Yes,Yes,56-65,Hyderabad,24,Yes,Yes,No,No Internet Service,No Internet Service,No Internet Service,No Internet Service,No Internet Service,No Internet Service,One Year,Yes,Bank Transfer (Auto),43.51,1010.11,4,No
CUST-104475,Male,0,No,No,18-25,Mumbai,52,Yes,Yes,No,No Internet Service,No Internet Service,No Internet Service,No Internet Service,No Internet Service,No Internet Service,One Year,Yes,Electronic Check,47.22,2471.86,1,No
CUST-104476,Male,0,Yes,Yes,26-35,Chennai,5,Yes,No,DSL,No,Yes,Yes,No,No,Yes,One Year,Yes,Mailed Check,84.96,437.59,1,No
CUST-104477,Female,0,No,No,26-35,Ahmedabad,6,No,No Phone Service,Fiber Optic,No,Yes,No,No,No,No,Two Year,No,Electronic Check,72.36,475.8,1,Yes
CUST-104478,Male,0,Yes,Yes,18-25,Hyderabad,72,Yes,No,Fiber Optic,Yes,No,Yes,No,No,Yes,Month-to-Month,No,Bank Transfer (Auto),91.02,6562.29,0,No
CUST-104479,Female,0,Yes,No,26-35,Delhi,3,Yes,Yes,No,No Internet Service,No Internet Service,No Internet Service,No Internet Service,No Internet Service,No Internet Service,Two Year,No,Credit Card (Auto),46.13,104.99,1,No
CUST-104480,Male,0,Yes,No,,Bangalore,5,Yes,No,Fiber Optic,Yes,No,No,No,Yes,Yes,Month-to-Month,Yes,Bank Transfer (Auto),89.48,475.44,2,No
CUST-104481,Female,0,Yes,No,18-25,Mumbai,13,Yes,No,No,No Internet Service,No Internet Service,No Internet Service,No Internet Service,No Internet Service,No Internet Service,Month-to-Month,No,Mailed Check,48.3,656.11,4,No
CUST-104482,Female,1,No,No,36-45,Pune,21,Yes,Yes,Fiber Optic,No,Yes,Yes,No,Yes,Yes,Month-to-Month,No,Credit Card (Auto),119.61,2465.25,1,Yes
CUST-104483,Female,0,Yes,No,26-35,Chennai,22,Yes,No,DSL,No,Yes,Yes,No,Yes,No,One Year,No,Bank Transfer (Auto),86.32,1783.77,2,No
CUST-104484,Male,1,Yes,Yes,56-65,Chennai,8,Yes,No,DSL,No,Yes,No,No,No,No,Month-to-Month,No,Credit Card (Auto),54.55,465.98,5,Yes
CUST-104485,Male,0,No,Yes,18-25,Bangalore,60,Yes,Yes,Fiber Optic,No,No,Yes,No,No,Yes,Two Year,No,Bank Transfer (Auto),93.07,5602.87,3,No
CUST-104486,Female,0,Yes,Yes,18-25,Bangalore,59,Yes,No,No,No Internet Service,No Internet Service,No Internet Service,No Internet Service,No Internet Service,No Internet Service,One Year,No,Credit Card (Auto),53.29,3165.7,2,No
CUST-104487,Female,0,Yes,Yes,36-45,Delhi,11,Yes,No,DSL,No,No,No,No,Yes,Yes,Month-to-Month,Yes,Credit Card (Auto),73.11,870.16,2,No
CUST-104488,Female,0,No,No,36-45,Ahmedabad,13,Yes,Yes,Fiber Optic,Yes,No,Yes,No,Yes,No,One Year,Yes,Mailed Check,76.22,1034.66,0,No
CUST-104489,Male,0,No,No,36-45,Bangalore,29,Yes,Yes,Fiber Optic,No,No,No,Yes,No,Yes,Two Year,No,Mailed Check,97.88,2903.19,5,No
CUST-104490,Male,1,Yes,Yes,18-25,Hyderabad,26,Yes,No,DSL,Yes,No,No,No,No,Yes,One Year,Yes,Bank Transfer (Auto),74.9,1986.55,1,No
CUST-104491,Male,0,Yes,No,18-25,Bangalore,11,Yes,Yes,Fiber Optic,No,No,No,No,Yes,Yes,Month-to-Month,Yes,Bank Transfer (Auto),95.83,1061.33,0,No
CUST-104492,Male,0,No,No,18-25,Chennai,12,Yes,No,No,No Internet Service,No Internet Service,No Internet Service,No Internet Service,No Internet Service,No Internet Service,Two Year,Yes,Bank Transfer (Auto),35.3,362.12,1,No
CUST-104493,Female,0,Yes,Yes,36-45,Ahmedabad,10,Yes,Yes,Fiber Optic,No,No,Yes,No,Yes,No,One Year,Yes,Mailed Check,86.64,943.46,2,No
CUST-104494,Female,1,No,No,46-55,Hyderabad,6,Yes,No,Fiber Optic,Yes,No,Yes,No,Yes,Yes,Month-to-Month,Yes,Mailed Check,112.32,663.44,1,Yes
CUST-104495,Male,0,Yes,No,26-35,Bangalore,14,Yes,No,Fiber Optic,No,No,Yes,No,No,Yes,Month-to-Month,No,Bank Transfer (Auto),102.25,1401.21,5,Yes
CUST-104496,Male,0,No,No,18-25,Chennai,27,Yes,No,Fiber Optic,Yes,Yes,No,No,No,No,Month-to-Month,No,Credit Card (Auto),82.12,2249.09,1,No
CUST-104497,Female,1,Yes,No,46-55,Mumbai,32,Yes,Yes,Fiber Optic,No,No,Yes,No,No,Yes,Two Year,Yes,Bank Transfer (Auto),105.08,3270.78,2,No
CUST-104498,Male,0,No,No,26-35,Kolkata,36,Yes,No,No,No Internet Service,No Internet Service,No Internet Service,No Internet Service,No Internet Service,No Internet Service,Month-to-Month,Yes,Electronic Check,43.91,1543.81,3,No
CUST-104499,Male,0,Yes,Yes,18-25,Delhi,11,Yes,No,Fiber Optic,No,Yes,No,No,No,No,Month-to-Month,Yes,Electronic Check,82.91,880.55,1,Yes
CUST-104500,Male,0,No,No,26-35,Hyderabad,34,No,No Phone Service,Fiber Optic,Yes,No,No,No,No,No,Two Year,Yes,Electronic Check,83.36,2801.35,1,No
CUST-104501,Male,0,Yes,No,18-25,Bangalore,0,Yes,Yes,Fiber Optic,No,Yes,No,No,No,Yes,Month-to-Month,No,Electronic Check,94.6,96.76,2,Yes
CUST-104502,Male,0,Yes,No,26-35,Kolkata,15,Yes,No,DSL,No,No,No,No,No,Yes,Two Year,No,Electronic Check,67.77,1012.43,2,No
CUST-104503,Male,0,No,No,65+,Ahmedabad,37,Yes,Yes,DSL,Yes,Yes,No,Yes,No,No,Month-to-Month,Yes,Credit Card (Auto),83.33,3051.27,2,No
CUST-104504,Female,0,No,No,26-35,Mumbai,23,No,No Phone Service,DSL,No,No,No,No,No,No,Month-to-Month,Yes,Credit Card (Auto),61.73,1417.37,0,No
CUST-104505,Male,0,No,No,46-55,Delhi,15,Yes,No,Fiber Optic,No,Yes,No,No,No,No,Month-to-Month,No,Mailed Check,77.54,1205.79,2,No
CUST-104506,Male,0,Yes,No,46-55,Kolkata,24,No,No Phone Service,DSL,Yes,No,Yes,No,No,No,Two Year,Yes,Bank Transfer (Auto),80.79,1843.65,1,No
CUST-104507,Female,0,No,No,18-25,Bangalore,56,Yes,Yes,DSL,Yes,Yes,No,Yes,No,No,One Year,Yes,Bank Transfer (Auto),81.68,4579.8,1,No
CUST-104508,Female,0,Yes,No,26-35,Chennai,20,Yes,Yes,DSL,Yes,Yes,Yes,No,No,No,Two Year,No,Credit Card (Auto),91.7,1811.35,1,No
CUST-104509,Female,0,No,No,26-35,Bangalore,38,Yes,No,Fiber Optic,Yes,No,No,No,Yes,No,One Year,No,Credit Card (Auto),82.67,3154.94,1,No
CUST-104510,Male,0,No,No,18-25,Hyderabad,72,Yes,Yes,No,No Internet Service,No Internet Service,No Internet Service,No Internet Service,No Internet Service,No Internet Service,Month-to-Month,Yes,Electronic Check,37.18,2619.67,0,No
CUST-104511,Female,0,Yes,No,18-25,Delhi,29,Yes,Yes,Fiber Optic,Yes,No,No,No,No,Yes,Month-to-Month,Yes,Electronic Check,108.72,3143.89,1,No
CUST-104512,Male,0,No,No,18-25,Chennai,20,Yes,Yes,Fiber Optic,Yes,Yes,No,Yes,Yes,Yes,Month-to-Month,Yes,Electronic Check,113.56,2264.37,0,Yes
CUST-104513,Male,0,No,Yes,26-35,Bangalore,0,Yes,No,Fiber Optic,Yes,No,Yes,No,Yes,Yes,One Year,No,Bank Transfer (Auto),105.33,0.0,3,Yes
CUST-104514,Male,0,Yes,Yes,18-25,Chennai,11,No,No Phone Service,Fiber Optic,No,No,Yes,Yes,Yes,Yes,Two Year,Yes,Bank Transfer (Auto),95.75,1146.47,0,No
CUST-104515,Female,1,No,No,18-25,Chennai,20,Yes,No,Fiber Optic,No,No,Yes,No,Yes,Yes,Month-to-Month,Yes,Electronic Check,93.86,1897.94,2,Yes
CUST-104516,Female,0,Yes,No,18-25,Mumbai,38,Yes,No,DSL,No,No,No,Yes,No,Yes,One Year,No,Credit Card (Auto),90.09,3469.48,3,No
CUST-104517,Female,0,No,Yes,18-25,Delhi,13,Yes,No,No,No Internet Service,No Internet Service,No Internet Service,No Internet Service,No Internet Service,No Internet Service,Two Year,No,Mailed Check,25.07,308.21,3,No
CUST-104518,Female,0,Yes,No,,Mumbai,72,Yes,Yes,DSL,Yes,No,Yes,Yes,No,No,Month-to-Month,Yes,Credit Card (Auto),68.41,4936.26,3,No
CUST-104519,Female,0,Yes,No,18-25,Bangalore,7,Yes,No,DSL,No,Yes,No,No,Yes,No,Two Year,No,Electronic Check,76.49,,1,No
CUST-104520,Male,0,Yes,Yes,26-35,Delhi,32,Yes,Yes,No,No Internet Service,No Internet Service,No Internet Service,No Internet Service,No Internet Service,No Internet Service,Month-to-Month,No,Electronic Check,36.92,1149.43,0,No
CUST-104521,Male,0,No,Yes,18-25,Mumbai,13,Yes,Yes,DSL,No,No,No,No,No,No,One Year,Yes,Electronic Check,70.1,866.36,2,No
CUST-104522,Male,1,No,No,18-25,Chennai,15,Yes,Yes,Fiber Optic,No,Yes,Yes,No,No,No,Month-to-Month,No,Electronic Check,95.33,1444.78,1,Yes
CUST-104523,Male,0,No,Yes,26-35,Pune,38,Yes,Yes,DSL,No,No,No,No,No,No,Month-to-Month,Yes,Credit Card (Auto),64.14,2522.67,0,No
CUST-104524,Female,0,Yes,No,18-25,Chennai,8,Yes,No,DSL,No,Yes,No,No,Yes,No,Month-to-Month,Yes,Electronic Check,74.49,641.09,4,Yes
CUST-104525,Female,0,Yes,No,26-35,Delhi,2,Yes,No,Fiber Optic,No,No,Yes,Yes,No,Yes,Two Year,Yes,Bank Transfer (Auto),96.24,283.07,1,No
CUST-104526,Male,0,No,No,18-25,Chennai,17,Yes,Yes,Fiber Optic,No,No,No,No,Yes,Yes,Two Year,No,Electronic Check,92.3,1608.79,0,No
CUST-104527,Female,1,No,No,26-35,Bangalore,18,Yes,No,Fiber Optic,No,No,Yes,Yes,No,Yes,Month-to-Month,Yes,Electronic Check,98.13,1787.35,0,Yes
CUST-104528,Female,0,Yes,No,46-55,Mumbai,38,Yes,No,No,No Internet Service,No Internet Service,No Internet Service,No Internet Service,No Internet Service,No Internet Service,Two Year,Yes,Credit Card (Auto),57.97,2156.74,0,No
CUST-104529,Male,0,Yes,No,26-35,Ahmedabad,72,Yes,No,Fiber Optic,No,Yes,No,No,Yes,No,One Year,No,Credit Card (Auto),88.78,6408.33,1,No
CUST-104530,Male,0,No,No,36-45,Pune,1,No,No Phone Service,Fiber Optic,No,No,No,No,No,Yes,Two Year,No,Mailed Check,82.95,59.24,2,Yes
CUST-104531,Female,0,Yes,No,56-65,Delhi,21,Yes,Yes,DSL,No,Yes,No,Yes,No,Yes,Month-to-Month,Yes,Credit Card (Auto),93.01,1994.81,1,No
CUST-104532,Female,0,No,No,36-45,Delhi,27,Yes,Yes,No,No Internet Service,No Internet Service,No Internet Service,No Internet Service,No Internet Service,No Internet Service,Month-to-Month,No,Bank Transfer (Auto),32.19,801.17,0,No
CUST-104533,Male,0,No,No,26-35,Kolkata,72,Yes,Yes,Fiber Optic,Yes,No,No,No,No,Yes,One Year,Yes,Mailed Check,87.72,6310.43,2,No
CUST-104534,Male,0,No,No,46-55,Delhi,68,Yes,No,DSL,Yes,No,Yes,Yes,Yes,Yes,Month-to-Month,Yes,Credit Card (Auto),119.73,8142.51,2,No
CUST-104535,Male,0,No,No,26-35,Mumbai,29,No,No Phone Service,DSL,No,No,No,No,Yes,No,Month-to-Month,Yes,Electronic Check,58.27,1779.16,1,No
CUST-104536,Female,0,Yes,Yes,26-35,Kolkata,17,Yes,Yes,DSL,Yes,Yes,No,No,No,Yes,Month-to-Month,Yes,Electronic Check,82.99,1359.67,2,No
CUST-104537,Male,0,No,Yes,18-25,Chennai,4,Yes,No,No,No Internet Service,No Internet Service,No Internet Service,No Internet Service,No Internet Service,No Internet Service,Month-to-Month,No,Bank Transfer (Auto),41.93,226.13,1,No
CUST-104538,Male,0,No,No,18-25,Hyderabad,11,Yes,Yes,Fiber Optic,No,Yes,Yes,No,Yes,Yes,Month-to-Month,Yes,Mailed Check,107.27,1221.14,1,No
CUST-104539,Female,0,Yes,No,26-35,Hyderabad,21,Yes,Yes,No,No Internet Service,No Internet Service,No Internet Service,No Internet Service,No Internet Service,No Internet Service,Two Year,Yes,Electronic Check,33.59,692.6,3,No
CUST-104540,Female,0,No,No,36-45,Chennai,31,Yes,Yes,No,No Internet Service,No Internet Service,No Internet Service,No Internet Service,No Internet Service,No Internet Service,Month-to-Month,No,Electronic Check,44.54,1401.22,2,No
CUST-104541,Female,0,Yes,No,26-35,Ahmedabad,24,Yes,No,No,No Internet Service,No Internet Service,No Internet Service,No Internet Service,No Internet Service,No Internet Service,Month-to-Month,No,Credit Card (Auto),35.22,832.79,2,No
CUST-104542,Female,0,No,Yes,18-25,Kolkata,30,Yes,No,No,No Internet Service,No Internet Service,No Internet Service,No Internet Service,No Internet Service,No Internet Service,Month-to-Month,Yes,Bank Transfer (Auto),49.72,1492.33,1,No
CUST-104543,Female,0,Yes,No,26-35,Delhi,13,Yes,No,No,No Internet Service,No Internet Service,No Internet Service,No Internet Service,No Internet Service,No Internet Service,One Year,No,Mailed Check,36.67,514.36,2,No
CUST-104544,Male,1,No,Yes,26-35,Chennai,31,Yes,No,Fiber Optic,No,Yes,No,No,No,Yes,One Year,Yes,Credit Card (Auto),90.92,2945.75,1,No
CUST-104545,Male,0,Yes,No,18-25,Chennai,3,No,No Phone Service,Fiber Optic,No,Yes,No,No,No,Yes,One Year,Yes,Mailed Check,91.09,321.48,1,No
CUST-104546,Female,0,Yes,No,18-25,Kolkata,4,Yes,Yes,Fiber Optic,Yes,No,Yes,No,No,No,Month-to-Month,Yes,Bank Transfer (Auto),97.32,401.66,2,Yes
CUST-104547,Female,0,No,No,26-35,Ahmedabad,4,No,No Phone Service,Fiber Optic,No,No,No,No,Yes,No,Month-to-Month,Yes,Credit Card (Auto),95.84,454.54,1,No
CUST-104548,Female,0,No,No,18-25,Mumbai,53,Yes,No,DSL,No,No,No,Yes,No,Yes,One Year,No,Credit Card (Auto),67.38,3500.11,2,No
CUST-104549,Female,0,Yes,Yes,18-25,Mumbai,1,No,No Phone Service,Fiber Optic,No,No,No,No,No,No,Two Year,No,Mailed Check,88.8,68.57,1,No
CUST-104550,Female,1,Yes,No,36-45,Mumbai,38,Yes,No,Fiber Optic,Yes,Yes,Yes,No,No,No,One Year,No,Bank Transfer (Auto),89.51,3404.74,2,Yes
CUST-104551,Male,0,Yes,Yes,26-35,Chennai,6,Yes,No,DSL,No,Yes,Yes,Yes,Yes,Yes,Month-to-Month,Yes,Mailed Check,92.79,504.81,0,No
CUST-104552,Male,1,No,Yes,18-25,Ahmedabad,15,Yes,Yes,No,No Internet Service,No Internet Service,No Internet Service,No Internet Service,No Internet Service,No Internet Service,Month-to-Month,Yes,Bank Transfer (Auto),59.54,866.05,0,No
CUST-104553,Male,0,No,Yes,26-35,Hyderabad,59,Yes,No,DSL,No,No,No,Yes,Yes,No,Month-to-Month,No,Electronic Check,82.98,4813.02,1,No
CUST-104554,Male,0,No,No,18-25,Hyderabad,21,Yes,Yes,No,No Internet Service,No Internet Service,No Internet Service,No Internet Service,No Internet Service,No Internet Service,One Year,Yes,Mailed Check,49.4,973.46,2,No
CUST-104555,Female,0,No,Yes,18-25,Kolkata,5,Yes,Yes,DSL,No,No,No,No,Yes,Yes,Month-to-Month,Yes,Electronic Check,75.74,366.45,0,Yes
CUST-104556,Male,0,No,No,18-25,Ahmedabad,8,Yes,Yes,No,No Internet Service,No Internet Service,No Internet Service,No Internet Service,No Internet Service,No Internet Service,Month-to-Month,Yes,Electronic Check,60.95,440.57,2,Yes
CUST-104557,Female,0,Yes,No,18-25,Ahmedabad,60,Yes,No,DSL,Yes,Yes,No,No,Yes,Yes,Month-to-Month,Yes,Bank Transfer (Auto),85.33,5140.84,4,No
CUST-104558,Female,1,Yes,No,18-25,Chennai,13,Yes,No,No,No Internet Service,No Internet Service,No Internet Service,No Internet Service,No Internet Service,No Internet Service,Month-to-Month,Yes,Credit Card (Auto),57.6,762.19,1,No
CUST-104559,Female,1,No,Yes,65+,Ahmedabad,21,Yes,No,Fiber Optic,No,No,No,No,No,Yes,Month-to-Month,Yes,Electronic Check,84.21,1786.26,1,Yes
CUST-104560,Male,1,No,Yes,18-25,Pune,14,No,No Phone Service,No,No Internet Service,No Internet Service,No Internet Service,No Internet Service,No Internet Service,No Internet Service,Month-to-Month,Yes,Electronic Check,36.74,489.14,4,Yes
CUST-104561,Female,0,No,No,56-65,Pune,11,Yes,Yes,DSL,No,Yes,No,No,No,No,One Year,Yes,Mailed Check,70.04,824.56,4,Yes
CUST-104562,Male,0,No,No,26-35,Mumbai,6,Yes,Yes,DSL,No,Yes,Yes,Yes,Yes,No,Month-to-Month,Yes,Bank Transfer (Auto),88.09,553.58,1,No
CUST-104563,Male,0,No,Yes,18-25,Delhi,27,Yes,No,DSL,No,No,No,No,No,No,Month-to-Month,Yes,Electronic Check,73.22,1988.17,1,Yes
CUST-104564,female,0,No,No,46-55,Hyderabad,30,Yes,No,No,No Internet Service,No Internet Service,No Internet Service,No Internet Service,No Internet Service,No Internet Service,Month-to-Month,Yes,Electronic Check,48.46,1465.44,0,No
CUST-104565,Female,0,Yes,No,26-35,Chennai,7,Yes,No,No,No Internet Service,No Internet Service,No Internet Service,No Internet Service,No Internet Service,No Internet Service,Month-to-Month,Yes,Mailed Check,52.06,354.04,1,No
CUST-104566,Female,0,Yes,No,18-25,Delhi,37,Yes,No,Fiber Optic,No,No,No,Yes,Yes,No,One Year,No,Credit Card (Auto),91.8,3462.53,2,No
CUST-104567,Male,0,No,No,18-25,Pune,46,Yes,No,Fiber Optic,No,Yes,No,No,No,Yes,Month-to-Month,Yes,Electronic Check,77.85,3638.18,0,No
CUST-104568,Female,0,No,No,18-25,Kolkata,60,Yes,Yes,Fiber Optic,No,Yes,Yes,No,No,No,One Year,No,Mailed Check,107.76,6447.33,2,No
CUST-104569,Male,0,Yes,No,26-35,Kolkata,4,Yes,No,Fiber Optic,No,Yes,No,Yes,No,Yes,One Year,No,Bank Transfer (Auto),108.87,443.73,1,No
CUST-104570,Female,0,Yes,No,65+,Hyderabad,8,Yes,Yes,Fiber Optic,No,Yes,Yes,No,No,No,Two Year,No,Electronic Check,100.2,781.77,0,No
CUST-104571,Female,0,Yes,No,18-25,Bangalore,47,Yes,No,DSL,No,Yes,No,Yes,No,No,Month-to-Month,No,Electronic Check,80.21,3893.15,0,No
CUST-104572,Male,0,Yes,No,18-25,Kolkata,5,Yes,No,DSL,No,Yes,No,No,Yes,No,Month-to-Month,No,Bank Transfer (Auto),60.8,291.24,3,No
CUST-104573,Male,0,No,No,65+,Pune,0,Yes,Yes,DSL,No,Yes,Yes,No,No,No,One Year,No,Credit Card (Auto),68.88,59.76,1,No
CUST-104574,Male,0,Yes,No,18-25,Mumbai,49,Yes,No,DSL,No,Yes,No,No,No,No,Month-to-Month,No,Electronic Check,69.43,3536.03,4,No
CUST-104575,Male,0,No,Yes,18-25,Hyderabad,9,Yes,No,DSL,No,Yes,No,Yes,Yes,No,Month-to-Month,Yes,Mailed Check,83.05,763.3,1,No
CUST-104576,Male,0,Yes,Yes,65+,Kolkata,12,Yes,Yes,Fiber Optic,No,No,No,No,No,Yes,One Year,No,Mailed Check,80.76,882.02,3,No
CUST-104577,Male,0,No,No,26-35,Hyderabad,14,Yes,No,DSL,No,No,No,Yes,Yes,No,Month-to-Month,No,Credit Card (Auto),88.9,1320.11,1,No
CUST-104578,Female,0,Yes,No,18-25,Delhi,45,Yes,No,DSL,No,Yes,No,Yes,No,Yes,Month-to-Month,Yes,Electronic Check,90.71,4056.36,1,Yes
CUST-104579,Female,0,No,No,18-25,Mumbai,9,Yes,No,Fiber Optic,No,Yes,No,No,No,Yes,One Year,No,Bank Transfer (Auto),113.53,987.42,0,No
CUST-104580,Male,0,No,No,26-35,Delhi,53,Yes,No,Fiber Optic,No,No,No,No,No,No,Two Year,No,Credit Card (Auto),82.16,4443.44,1,No
CUST-104581,Female,0,No,No,18-25,Chennai,23,Yes,Yes,Fiber Optic,No,No,No,No,Yes,Yes,Two Year,Yes,Credit Card (Auto),101.82,2276.78,2,No
CUST-104582,Male,0,Yes,Yes,18-25,Delhi,17,No,No Phone Service,No,No Internet Service,No Internet Service,No Internet Service,No Internet Service,No Internet Service,No Internet Service,Month-to-Month,Yes,Bank Transfer (Auto),46.92,869.37,1,No
CUST-104583,Female,0,Yes,No,18-25,Mumbai,9,Yes,No,DSL,No,Yes,Yes,No,No,No,Month-to-Month,Yes,Mailed Check,72.89,644.82,2,No
CUST-104584,Female,0,Yes,No,26-35,Mumbai,6,Yes,Yes,DSL,No,No,Yes,No,No,Yes,Month-to-Month,No,Mailed Check,69.0,321.35,0,No
CUST-104585,Male,0,Yes,No,18-25,Bangalore,23,Yes,Yes,Fiber Optic,Yes,Yes,Yes,No,No,Yes,Month-to-Month,Yes,Mailed Check,103.79,2431.37,1,No
CUST-104586,Male,0,No,No,56-65,Bangalore,14,Yes,Yes,Fiber Optic,No,No,No,No,Yes,Yes,One Year,No,Bank Transfer (Auto),98.3,1263.62,4,No
CUST-104587,Male,0,No,Yes,26-35,Pune,57,Yes,No,Fiber Optic,No,No,Yes,No,Yes,Yes,Month-to-Month,Yes,Bank Transfer (Auto),92.16,5250.83,0,No
CUST-104588,Female,0,No,No,65+,Hyderabad,16,Yes,Yes,Fiber Optic,No,No,Yes,No,No,No,Month-to-Month,Yes,Credit Card (Auto),86.88,1308.36,1,No
CUST-104589,Male,0,No,No,36-45,Pune,17,No,No Phone Service,Fiber Optic,No,No,No,No,No,Yes,Two Year,No,Mailed Check,86.45,1453.25,1,No
CUST-104590,Female,0,Yes,Yes,18-25,Mumbai,12,Yes,No,Fiber Optic,No,Yes,No,No,No,No,Two Year,Yes,Bank Transfer (Auto),82.36,1023.17,1,No
CUST-104591,Male,1,Yes,No,36-45,Bangalore,37,No,No Phone Service,DSL,Yes,No,Yes,No,No,No,One Year,No,Credit Card (Auto),92.62,3448.07,2,No
CUST-104592,Female,0,Yes,No,26-35,Hyderabad,13,Yes,No,Fiber Optic,No,Yes,No,Yes,Yes,No,Two Year,No,Credit Card (Auto),106.94,1400.62,1,Yes
CUST-104593,Female,0,No,No,26-35,Mumbai,7,Yes,Yes,DSL,No,No,No,No,No,Yes,One Year,Yes,Bank Transfer (Auto),68.79,531.99,0,No
CUST-104594,Male,0,No,No,26-35,Ahmedabad,47,No,No Phone Service,DSL,No,Yes,Yes,Yes,Yes,No,Month-to-Month,No,Bank Transfer (Auto),99.81,4691.07,3,No
CUST-104595,Female,0,Yes,No,26-35,Ahmedabad,21,Yes,Yes,DSL,No,Yes,Yes,Yes,No,No,Month-to-Month,Yes,Bank Transfer (Auto),69.35,1445.53,0,No
CUST-104596,Female,0,Yes,No,18-25,Chennai,21,Yes,No,DSL,No,No,No,No,Yes,No,Month-to-Month,Yes,Electronic Check,78.24,1657.31,1,No
CUST-104597,Male,0,No,Yes,36-45,Delhi,22,Yes,No,Fiber Optic,No,No,Yes,No,No,No,Month-to-Month,Yes,Electronic Check,71.58,1541.68,2,Yes
CUST-104598,Female,0,No,No,18-25,Mumbai,30,Yes,No,No,No Internet Service,No Internet Service,No Internet Service,No Internet Service,No Internet Service,No Internet Service,Two Year,No,Mailed Check,58.43,,0,No
CUST-104599,Male,1,No,Yes,18-25,Kolkata,9,Yes,Yes,No,No Internet Service,No Internet Service,No Internet Service,No Internet Service,No Internet Service,No Internet Service,Month-to-Month,No,Electronic Check,68.24,617.69,1,No
CUST-104600,Male,0,Yes,No,26-35,Delhi,0,Yes,No,Fiber Optic,Yes,No,No,No,Yes,No,Month-to-Month,Yes,Bank Transfer (Auto),91.02,35.79,2,No
CUST-104601,Male,0,Yes,No,46-55,Bangalore,39,Yes,Yes,Fiber Optic,No,No,Yes,No,Yes,Yes,Month-to-Month,Yes,Bank Transfer (Auto),86.41,3361.12,1,No
CUST-104602,Male,1,No,No,46-55,Bangalore,3,Yes,Yes,No,No Internet Service,No Internet Service,No Internet Service,No Internet Service,No Internet Service,No Internet Service,Month-to-Month,No,Mailed Check,51.89,180.62,3,No
CUST-104603,Female,0,No,No,18-25,Delhi,30,Yes,No,No,No Internet Service,No Internet Service,No Internet Service,No Internet Service,No Internet Service,No Internet Service,Two Year,Yes,Electronic Check,39.45,1216.75,3,No
CUST-104604,Female,0,Yes,Yes,26-35,Pune,2,Yes,Yes,Fiber Optic,Yes,No,No,No,Yes,No,One Year,Yes,Electronic Check,111.26,121.55,1,Yes
CUST-104605,Female,0,No,No,18-25,Hyderabad,11,Yes,No,Fiber Optic,No,No,Yes,No,Yes,Yes,One Year,No,Electronic Check,96.59,989.43,0,Yes
CUST-104606,Male,0,No,No,26-35,Kolkata,1,Yes,Yes,No,No Internet Service,No Internet Service,No Internet Service,No Internet Service,No Internet Service,No Internet Service,Month-to-Month,Yes,Electronic Check,31.67,3.76,2,No
CUST-104607,Female,0,Yes,No,18-25,Delhi,17,Yes,Yes,Fiber Optic,No,No,No,No,Yes,No,One Year,Yes,Credit Card (Auto),82.92,1403.08,1,Yes
CUST-104608,Female,1,Yes,No,56-65,Bangalore,25,Yes,No,No,No Internet Service,No Internet Service,No Internet Service,No Internet Service,No Internet Service,No Internet Service,One Year,No,Mailed Check,56.18,1468.27,1,No
CUST-104609,Male,0,Yes,No,18-25,Hyderabad,4,Yes,Yes,Fiber Optic,No,No,Yes,No,Yes,Yes,One Year,Yes,Electronic Check,91.21,387.54,0,Yes
CUST-104610,Male,0,Yes,No,26-35,Hyderabad,11,Yes,Yes,No,No Internet Service,No Internet Service,No Internet Service,No Internet Service,No Internet Service,No Internet Service,Two Year,No,Electronic Check,51.85,596.51,1,No
CUST-104611,Female,1,No,No,26-35,Ahmedabad,63,Yes,No,Fiber Optic,Yes,No,No,No,No,No,Two Year,Yes,Bank Transfer (Auto),91.31,5829.62,2,No
CUST-104612,Male,0,Yes,No,26-35,Chennai,14,Yes,Yes,Fiber Optic,No,No,No,No,No,No,Two Year,No,Bank Transfer (Auto),75.56,1126.64,4,No
CUST-104613,Male,0,No,No,18-25,Bangalore,38,Yes,No,No,No Internet Service,No Internet Service,No Internet Service,No Internet Service,No Internet Service,No Internet Service,One Year,No,Electronic Check,46.31,1709.35,3,No
CUST-104614,Male,0,No,No,18-25,Delhi,62,Yes,No,Fiber Optic,No,No,Yes,No,No,Yes,Two Year,Yes,Credit Card (Auto),98.74,6183.53,2,No
CUST-104615,Male,1,Yes,No,36-45,Hyderabad,72,Yes,No,Fiber Optic,No,Yes,No,No,Yes,Yes,Month-to-Month,No,Credit Card (Auto),90.69,6534.92,1,No
CUST-104616,Female,0,Yes,Yes,18-25,Hyderabad,54,Yes,Yes,No,No Internet Service,No Internet Service,No Internet Service,No Internet Service,No Internet Service,No Internet Service,Two Year,No,Electronic Check,36.96,1970.08,2,No
CUST-104617,Male,0,No,Yes,18-25,Hyderabad,9,Yes,No,Fiber Optic,No,No,No,No,Yes,No,Two Year,No,Mailed Check,82.17,724.86,1,No
CUST-104618,Male,0,No,No,46-55,Ahmedabad,72,No,No Phone Service,Fiber Optic,Yes,No,No,No,Yes,Yes,Two Year,No,Mailed Check,119.98,8607.29,1,No
CUST-104619,Male,0,No,Yes,26-35,Hyderabad,40,Yes,Yes,Fiber Optic,Yes,No,Yes,No,No,No,Two Year,No,Mailed Check,91.26,3657.46,1,No
CUST-104620,Male,1,Yes,Yes,18-25,Delhi,43,Yes,Yes,DSL,No,No,Yes,No,No,No,Month-to-Month,No,Credit Card (Auto),60.56,2599.93,0,No
CUST-104621,Male,0,Yes,No,18-25,Mumbai,0,Yes,No,DSL,No,No,No,No,No,Yes,Month-to-Month,Yes,Electronic Check,86.78,61.8,1,No
CUST-104622,Male,0,No,Yes,18-25,Kolkata,72,Yes,Yes,No,No Internet Service,No Internet Service,No Internet Service,No Internet Service,No Internet Service,No Internet Service,Month-to-Month,No,Mailed Check,48.04,3555.53,0,No
CUST-104623,Male,1,No,No,,Ahmedabad,36,Yes,No,DSL,No,Yes,No,Yes,No,Yes,One Year,No,Mailed Check,79.39,2837.78,4,No
CUST-104624,Male,0,Yes,No,18-25,Chennai,35,Yes,Yes,Fiber Optic,No,Yes,Yes,No,Yes,Yes,Month-to-Month,Yes,Mailed Check,104.23,3583.26,1,Yes
CUST-104625,Female,0,No,No,36-45,Pune,2,Yes,No,Fiber Optic,No,No,No,No,No,No,Month-to-Month,Yes,Credit Card (Auto),93.41,220.21,2,No
CUST-104626,Male,0,Yes,Yes,18-25,Bangalore,6,Yes,Yes,No,No Internet Service,No Internet Service,No Internet Service,No Internet Service,No Internet Service,No Internet Service,One Year,No,Electronic Check,36.93,268.67,1,No
CUST-104627,Female,0,No,No,18-25,Kolkata,72,Yes,No,DSL,No,No,Yes,Yes,No,No,One Year,No,Electronic Check,90.74,6552.3,1,No
CUST-104628,Male,0,No,No,18-25,Bangalore,16,Yes,Yes,No,No Internet Service,No Internet Service,No Internet Service,No Internet Service,No Internet Service,No Internet Service,Two Year,Yes,Bank Transfer (Auto),50.65,733.46,0,No
CUST-104629,Male,1,Yes,No,46-55,Mumbai,12,Yes,No,No,No Internet Service,No Internet Service,No Internet Service,No Internet Service,No Internet Service,No Internet Service,One Year,Yes,Electronic Check,42.22,467.03,1,No
CUST-104630,Male,0,No,No,65+,Mumbai,43,Yes,Yes,Fiber Optic,No,No,No,No,No,No,One Year,Yes,Electronic Check,69.93,3014.35,2,No
CUST-104631,Male,0,Yes,Yes,18-25,Kolkata,2,No,No Phone Service,DSL,No,No,No,No,Yes,Yes,One Year,Yes,Mailed Check,64.82,98.84,1,No
CUST-104632,Female,0,Yes,No,18-25,Bangalore,12,Yes,No,DSL,Yes,No,Yes,No,No,No,Two Year,Yes,Electronic Check,82.87,944.55,1,No
CUST-104633,Male,0,Yes,Yes,18-25,Ahmedabad,11,Yes,Yes,Fiber Optic,No,Yes,Yes,No,Yes,Yes,Month-to-Month,Yes,Mailed Check,109.95,1316.67,4,Yes
CUST-104634,Male,0,Yes,No,18-25,Bangalore,10,Yes,Yes,Fiber Optic,No,Yes,Yes,No,No,Yes,Month-to-Month,Yes,Electronic Check,110.01,1050.11,1,Yes
CUST-104635,Female,0,Yes,No,18-25,Ahmedabad,8,Yes,No,No,No Internet Service,No Internet Service,No Internet Service,No Internet Service,No Internet Service,No Internet Service,Two Year,Yes,Electronic Check,34.81,338.81,0,No
CUST-104636,Female,1,No,No,36-45,Hyderabad,5,Yes,Yes,DSL,No,Yes,No,No,Yes,No,One Year,No,Bank Transfer (Auto),89.74,469.33,1,No
CUST-104637,Male,0,No,No,36-45,Pune,4,Yes,No,DSL,No,No,No,No,Yes,Yes,One Year,No,Electronic Check,85.91,374.05,0,No
CUST-104638,Female,0,Yes,No,26-35,Delhi,24,No,No Phone Service,DSL,Yes,Yes,No,No,No,No,Month-to-Month,Yes,Credit Card (Auto),70.62,1751.77,1,No
CUST-104639,Female,0,No,No,18-25,Hyderabad,60,Yes,No,DSL,Yes,No,No,Yes,No,Yes,Month-to-Month,Yes,Mailed Check,81.66,4865.16,2,No
CUST-104640,Female,1,No,No,26-35,Bangalore,17,No,No Phone Service,Fiber Optic,No,No,Yes,No,Yes,Yes,One Year,No,Bank Transfer (Auto),98.37,1657.3,1,No
CUST-104641,Male,0,No,No,26-35,Chennai,8,Yes,No,DSL,Yes,No,No,No,No,No,Month-to-Month,Yes,Credit Card (Auto),72.17,600.99,2,No
CUST-104642,Male,0,No,No,26-35,Delhi,4,Yes,Yes,DSL,No,Yes,No,No,Yes,Yes,Month-to-Month,Yes,Electronic Check,96.53,293.66,1,Yes
CUST-104643,Male,0,Yes,No,26-35,Bangalore,42,No,No Phone Service,No,No Internet Service,No Internet Service,No Internet Service,No Internet Service,No Internet Service,No Internet Service,Month-to-Month,Yes,Bank Transfer (Auto),32.9,1464.28,2,No
CUST-104644,Female,1,Yes,No,26-35,Chennai,72,Yes,Yes,DSL,No,Yes,Yes,Yes,No,Yes,Month-to-Month,Yes,Credit Card (Auto),91.06,6562.12,2,No
CUST-104645,Male,0,No,No,18-25,Delhi,10,Yes,No,No,No Internet Service,No Internet Service,No Internet Service,No Internet Service,No Internet Service,No Internet Service,One Year,No,Electronic Check,45.09,403.8,0,No
CUST-104646,Female,0,Yes,No,26-35,Delhi,8,Yes,Yes,Fiber Optic,Yes,Yes,Yes,No,No,Yes,Two Year,Yes,Credit Card (Auto),108.21,920.37,4,Yes
CUST-104647,Male,0,Yes,Yes,18-25,Bangalore,22,No,No Phone Service,No,No Internet Service,No Internet Service,No Internet Service,No Internet Service,No Internet Service,No Internet Service,One Year,No,Electronic Check,54.04,1193.46,1,Yes
CUST-104648,Male,0,Yes,No,26-35,Chennai,35,Yes,No,No,No Internet Service,No Internet Service,No Internet Service,No Internet Service,No Internet Service,No Internet Service,Two Year,No,Electronic Check,55.33,1900.48,1,No
CUST-104649,Female,0,Yes,Yes,26-35,Bangalore,14,Yes,Yes,DSL,Yes,No,No,Yes,Yes,Yes,One Year,Yes,Credit Card (Auto),71.02,,2,No
CUST-104650,Male,0,Yes,No,18-25,Bangalore,23,Yes,No,Fiber Optic,Yes,No,No,No,No,No,One Year,No,Electronic Check,87.16,1888.4,2,Yes
CUST-104651,Female,0,No,No,26-35,Mumbai,30,Yes,No,Fiber Optic,No,No,No,No,Yes,No,Month-to-Month,No,Bank Transfer (Auto),83.95,2539.48,2,No
CUST-104652,Female,1,Yes,No,18-25,Chennai,72,Yes,No,DSL,No,Yes,No,No,No,Yes,Month-to-Month,No,Credit Card (Auto),76.55,5577.11,2,No
CUST-104653,Male,1,No,No,18-25,Kolkata,4,No,No Phone Service,DSL,No,No,No,No,Yes,No,One Year,Yes,Credit Card (Auto),73.15,250.95,1,No
CUST-104654,Female,0,No,No,36-45,Kolkata,72,Yes,No,Fiber Optic,Yes,No,Yes,No,No,Yes,Month-to-Month,Yes,Mailed Check,96.77,6903.35,4,No
CUST-104655,Male,0,Yes,No,36-45,Hyderabad,11,Yes,Yes,DSL,No,No,Yes,No,Yes,No,One Year,Yes,Credit Card (Auto),74.98,845.94,0,No
CUST-104656,Male,0,Yes,No,56-65,Bangalore,30,Yes,No,DSL,Yes,No,No,No,Yes,Yes,Month-to-Month,Yes,Mailed Check,81.72,2417.76,1,No
CUST-104657,Female,0,Yes,No,26-35,Delhi,20,Yes,Yes,Fiber Optic,No,No,Yes,No,No,No,Two Year,No,Electronic Check,93.45,1981.4,0,Yes
CUST-104658,Male,0,Yes,No,26-35,Chennai,16,Yes,Yes,Fiber Optic,No,No,No,No,No,No,Two Year,No,Mailed Check,68.14,1063.74,1,No
CUST-104659,Female,0,Yes,Yes,26-35,Hyderabad,28,Yes,Yes,Fiber Optic,No,No,No,Yes,No,No,Month-to-Month,No,Bank Transfer (Auto),82.34,2295.8,0,No
CUST-104660,Male,0,Yes,No,36-45,Bangalore,12,Yes,No,Fiber Optic,Yes,No,No,Yes,Yes,No,Month-to-Month,No,Mailed Check,93.36,1146.39,2,No
CUST-104661,Male,0,No,No,26-35,Chennai,3,Yes,No,Fiber Optic,No,No,No,Yes,Yes,Yes,One Year,Yes,Bank Transfer (Auto),116.48,258.52,0,No
CUST-104662,Male,0,No,No,36-45,Ahmedabad,16,No,No Phone Service,No,No Internet Service,No Internet Service,No Internet Service,No Internet Service,No Internet Service,No Internet Service,Month-to-Month,No,Mailed Check,32.24,518.82,2,No
CUST-104663,Male,0,Yes,No,18-25,Mumbai,17,Yes,No,Fiber Optic,No,Yes,No,No,Yes,Yes,Month-to-Month,No,Mailed Check,102.63,1800.68,3,No
CUST-104664,Male,0,Yes,No,18-25,Ahmedabad,5,Yes,Yes,Fiber Optic,Yes,Yes,Yes,No,No,Yes,Two Year,Yes,Credit Card (Auto),111.1,551.44,2,No
CUST-104665,Female,0,No,No,18-25,Hyderabad,65,No,No Phone Service,DSL,No,No,No,No,No,No,Two Year,No,Mailed Check,61.98,3971.3,0,No
CUST-104666,Female,1,No,No,18-25,Kolkata,6,Yes,No,No,No Internet Service,No Internet Service,No Internet Service,No Internet Service,No Internet Service,No Internet Service,One Year,Yes,Electronic Check,41.71,228.55,1,No
CUST-104667,Female,0,No,No,26-35,Ahmedabad,12,Yes,No,Fiber Optic,No,No,No,No,No,Yes,Month-to-Month,Yes,Bank Transfer (Auto),85.93,935.42,2,Yes
CUST-104668,Female,0,No,No,26-35,Ahmedabad,4,Yes,Yes,No,No Internet Service,No Internet Service,No Internet Service,No Internet Service,No Internet Service,No Internet Service,Month-to-Month,Yes,Electronic Check,37.8,136.66,0,Yes
CUST-104669,Female,0,Yes,Yes,26-35,Bangalore,18,Yes,Yes,Fiber Optic,No,No,Yes,No,No,No,Month-to-Month,Yes,Credit Card (Auto),112.6,2082.31,1,No
CUST-104670,Female,0,Yes,No,36-45,Bangalore,8,Yes,No,Fiber Optic,No,Yes,No,No,No,No,Month-to-Month,No,Electronic Check,78.97,600.54,0,Yes
CUST-104671,Male,1,No,Yes,26-35,Chennai,16,Yes,Yes,DSL,Yes,Yes,Yes,Yes,No,No,Month-to-Month,Yes,Electronic Check,81.61,1340.72,3,Yes
CUST-104672,Male,0,Yes,Yes,26-35,Chennai,6,Yes,Yes,DSL,No,Yes,No,No,No,Yes,Month-to-Month,Yes,Electronic Check,93.66,487.84,0,No
CUST-104673,Female,0,No,Yes,26-35,Delhi,1,Yes,No,DSL,No,Yes,No,No,No,No,Two Year,No,Electronic Check,74.08,168.05,2,No
CUST-104674,Female,0,No,Yes,26-35,Ahmedabad,36,Yes,No,No,No Internet Service,No Internet Service,No Internet Service,No Internet Service,No Internet Service,No Internet Service,One Year,No,Bank Transfer (Auto),41.2,1539.77,1,No
CUST-104675,Male,0,No,No,18-25,Kolkata,24,Yes,No,Fiber Optic,No,Yes,No,Yes,No,No,One Year,No,Mailed Check,104.32,2479.07,1,Yes
CUST-104676,Male,1,Yes,No,26-35,Mumbai,9,Yes,Yes,DSL,No,No,No,Yes,No,No,Two Year,No,Credit Card (Auto),71.77,579.78,0,No
CUST-104677,Male,0,No,No,18-25,Ahmedabad,1,Yes,Yes,DSL,No,No,Yes,No,Yes,No,Month-to-Month,Yes,Mailed Check,70.95,45.54,0,No
CUST-104678,Female,0,No,No,26-35,Ahmedabad,48,Yes,No,No,No Internet Service,No Internet Service,No Internet Service,No Internet Service,No Internet Service,No Internet Service,Month-to-Month,No,Electronic Check,40.99,1981.62,0,No
CUST-104679,Female,0,Yes,No,18-25,Bangalore,4,Yes,No,Fiber Optic,Yes,Yes,No,No,No,Yes,Two Year,No,Bank Transfer (Auto),91.14,418.86,0,No
CUST-104680,Female,0,Yes,No,18-25,Kolkata,64,Yes,No,Fiber Optic,No,No,Yes,No,Yes,No,Two Year,Yes,Bank Transfer (Auto),87.83,5515.61,1,No
CUST-104681,Male,0,No,No,18-25,Delhi,15,Yes,No,DSL,Yes,No,No,Yes,No,No,One Year,Yes,Credit Card (Auto),71.64,1134.87,2,No
CUST-104682,Male,0,No,No,18-25,Delhi,9,Yes,No,No,No Internet Service,No Internet Service,No Internet Service,No Internet Service,No Internet Service,No Internet Service,Month-to-Month,No,Bank Transfer (Auto),30.0,282.84,1,No
CUST-104683,Female,0,Yes,No,18-25,Kolkata,32,Yes,Yes,Fiber Optic,No,No,No,No,Yes,Yes,One Year,Yes,Electronic Check,86.13,2697.99,2,No
CUST-104684,female,0,Yes,Yes,26-35,Hyderabad,50,Yes,Yes,Fiber Optic,Yes,No,Yes,Yes,No,No,Month-to-Month,No,Bank Transfer (Auto),93.37,4541.05,0,No
CUST-104685,Male,1,No,Yes,46-55,Mumbai,11,Yes,No,Fiber Optic,Yes,Yes,No,Yes,No,Yes,Month-to-Month,Yes,Mailed Check,105.64,1168.91,2,No
CUST-104686,Male,0,No,No,46-55,Kolkata,12,Yes,Yes,DSL,No,Yes,Yes,No,Yes,No,Month-to-Month,No,Mailed Check,80.87,981.43,5,No
CUST-104687,Male,0,No,No,36-45,Bangalore,13,Yes,No,Fiber Optic,No,No,No,No,Yes,Yes,Two Year,No,Credit Card (Auto),97.32,1234.34,4,No
CUST-104688,Male,0,No,Yes,26-35,Delhi,61,Yes,No,Fiber Optic,Yes,No,No,No,Yes,Yes,Month-to-Month,No,Mailed Check,107.12,6579.92,2,No
CUST-104689,Female,0,Yes,Yes,26-35,Hyderabad,28,Yes,No,DSL,No,No,No,Yes,Yes,No,Two Year,No,Bank Transfer (Auto),69.91,2059.18,2,No
CUST-104690,Male,0,No,Yes,18-25,Hyderabad,6,No,No Phone Service,Fiber Optic,Yes,No,Yes,No,No,No,Month-to-Month,Yes,Mailed Check,85.08,490.51,2,Yes
CUST-104691,Male,0,Yes,No,18-25,Pune,4,Yes,No,Fiber Optic,No,Yes,No,No,Yes,No,Month-to-Month,Yes,Electronic Check,70.48,244.59,1,Yes
CUST-104692,Male,0,No,No,56-65,Hyderabad,6,Yes,No,Fiber Optic,No,Yes,No,No,No,No,Two Year,Yes,Mailed Check,87.07,608.26,1,Yes
CUST-104693,Female,0,No,No,18-25,Chennai,7,Yes,No,Fiber Optic,No,Yes,Yes,No,Yes,Yes,Month-to-Month,Yes,Bank Transfer (Auto),103.3,712.07,0,Yes
CUST-104694,Female,0,Yes,Yes,26-35,Bangalore,6,Yes,Yes,Fiber Optic,No,Yes,No,No,No,Yes,One Year,Yes,Mailed Check,103.92,656.49,2,No
CUST-104695,Male,0,Yes,No,26-35,Mumbai,25,Yes,No,Fiber Optic,No,No,No,No,No,Yes,Month-to-Month,Yes,Mailed Check,78.04,1920.64,2,Yes
CUST-104696,Male,0,No,Yes,18-25,Mumbai,2,Yes,No,Fiber Optic,No,Yes,Yes,No,No,No,One Year,No,Credit Card (Auto),94.53,246.08,1,No
CUST-104697,Male,0,Yes,No,36-45,Bangalore,11,Yes,Yes,No,No Internet Service,No Internet Service,No Internet Service,No Internet Service,No Internet Service,No Internet Service,Month-to-Month,Yes,Electronic Check,29.35,260.63,1,No
CUST-104698,Female,1,Yes,Yes,18-25,Chennai,23,No,No Phone Service,Fiber Optic,No,No,Yes,No,No,No,Month-to-Month,No,Electronic Check,83.38,1924.99,2,Yes
CUST-104699,Female,1,No,No,18-25,Mumbai,8,Yes,No,DSL,No,No,Yes,Yes,No,No,One Year,Yes,Credit Card (Auto),81.06,663.28,2,Yes
CUST-104700,Female,0,Yes,No,26-35,Delhi,1,No,No Phone Service,Fiber Optic,No,Yes,Yes,No,Yes,No,Month-to-Month,Yes,Credit Card (Auto),99.01,89.88,2,No
CUST-104701,Male,0,No,No,26-35,Mumbai,2,Yes,Yes,Fiber Optic,No,No,Yes,Yes,Yes,No,Month-to-Month,No,Mailed Check,85.31,138.8,4,No
CUST-104702,Female,0,Yes,No,36-45,Bangalore,3,Yes,Yes,No,No Internet Service,No Internet Service,No Internet Service,No Internet Service,No Internet Service,No Internet Service,One Year,No,Credit Card (Auto),39.62,208.51,2,No
CUST-104703,Male,0,No,No,56-65,Pune,43,Yes,No,Fiber Optic,No,Yes,No,No,No,No,Month-to-Month,Yes,Electronic Check,80.12,3485.6,1,Yes
CUST-104704,Male,1,Yes,Yes,18-25,Hyderabad,25,Yes,Yes,Fiber Optic,No,No,Yes,No,Yes,Yes,Month-to-Month,Yes,Electronic Check,96.59,2371.49,3,Yes
CUST-104705,Male,0,Yes,No,18-25,Chennai,1,Yes,Yes,No,No Internet Service,No Internet Service,No Internet Service,No Internet Service,No Internet Service,No Internet Service,One Year,Yes,Credit Card (Auto),43.76,0.0,1,No
CUST-104706,Female,0,No,No,18-25,Ahmedabad,11,Yes,Yes,DSL,No,No,Yes,No,No,No,Two Year,No,Credit Card (Auto),72.69,873.52,3,No
CUST-104707,Male,0,No,No,36-45,Bangalore,7,Yes,No,DSL,Yes,Yes,No,No,No,Yes,Month-to-Month,Yes,Electronic Check,73.63,469.11,0,No
CUST-104708,Female,0,Yes,No,36-45,Kolkata,20,Yes,No,DSL,No,No,No,No,No,No,One Year,Yes,Electronic Check,66.35,1330.09,1,No
CUST-104709,Female,0,Yes,No,26-35,Bangalore,17,Yes,No,Fiber Optic,No,No,No,No,No,No,One Year,Yes,Electronic Check,69.86,1192.21,1,No
CUST-104710,Male,0,No,No,26-35,Chennai,15,Yes,No,No,No Internet Service,No Internet Service,No Internet Service,No Internet Service,No Internet Service,No Internet Service,Month-to-Month,Yes,Electronic Check,47.42,725.6,0,No
CUST-104711,Male,0,No,Yes,18-25,Pune,9,Yes,No,No,No Internet Service,No Internet Service,No Internet Service,No Internet Service,No Internet Service,No Internet Service,Month-to-Month,Yes,Bank Transfer (Auto),39.82,273.96,1,No
CUST-104712,Female,0,No,No,18-25,Kolkata,3,Yes,Yes,Fiber Optic,No,No,No,No,Yes,No,Month-to-Month,Yes,Mailed Check,98.65,278.49,0,No
CUST-104713,Male,0,No,Yes,18-25,Delhi,32,No,No Phone Service,No,No Internet Service,No Internet Service,No Internet Service,No Internet Service,No Internet Service,No Internet Service,One Year,Yes,Mailed Check,41.4,1324.01,3,No
CUST-104714,Female,0,No,No,18-25,Delhi,50,Yes,Yes,Fiber Optic,Yes,No,No,No,No,No,Month-to-Month,Yes,Bank Transfer (Auto),75.63,3778.73,2,No
CUST-104715,Male,0,Yes,No,18-25,Bangalore,69,Yes,No,DSL,No,Yes,Yes,No,No,No,Two Year,No,Credit Card (Auto),68.64,4771.9,1,No
CUST-104716,Female,0,No,Yes,46-55,Delhi,1,Yes,Yes,Fiber Optic,No,No,No,Yes,No,Yes,One Year,Yes,Electronic Check,97.86,106.11,0,Yes
CUST-104717,Female,0,No,No,18-25,Hyderabad,32,Yes,No,DSL,No,No,Yes,No,Yes,No,Month-to-Month,Yes,Bank Transfer (Auto),66.03,2135.22,3,No
CUST-104718,Female,1,Yes,No,18-25,Pune,31,Yes,No,Fiber Optic,No,Yes,No,Yes,Yes,No,Month-to-Month,No,Credit Card (Auto),92.61,2840.98,1,No
CUST-104719,Female,1,Yes,No,26-35,Mumbai,70,No,No Phone Service,DSL,No,Yes,Yes,No,Yes,Yes,Two Year,Yes,Electronic Check,100.01,7086.05,1,No
CUST-104720,Male,1,Yes,Yes,18-25,Bangalore,6,Yes,No,Fiber Optic,No,No,No,Yes,No,Yes,Month-to-Month,Yes,Credit Card (Auto),86.42,504.05,4,Yes
CUST-104721,Male,0,Yes,No,18-25,Pune,32,Yes,No,DSL,No,Yes,Yes,Yes,No,Yes,Month-to-Month,No,Bank Transfer (Auto),86.34,2779.34,2,No
CUST-104722,Female,0,Yes,No,65+,Pune,1,Yes,No,DSL,Yes,Yes,No,No,Yes,Yes,One Year,Yes,Electronic Check,88.81,,4,Yes
CUST-104723,Female,0,No,No,18-25,Delhi,23,Yes,No,No,No Internet Service,No Internet Service,No Internet Service,No Internet Service,No Internet Service,No Internet Service,Month-to-Month,No,Electronic Check,42.94,1010.17,0,No
CUST-104724,Male,1,No,No,18-25,Chennai,10,Yes,Yes,Fiber Optic,No,Yes,No,No,Yes,No,Month-to-Month,No,Bank Transfer (Auto),104.36,1103.62,3,Yes
CUST-104725,Male,1,No,Yes,26-35,Ahmedabad,35,Yes,Yes,No,No Internet Service,No Internet Service,No Internet Service,No Internet Service,No Internet Service,No Internet Service,Month-to-Month,Yes,Mailed Check,48.56,1657.56,2,No
CUST-104726,Male,1,Yes,No,26-35,Chennai,47,Yes,Yes,Fiber Optic,No,No,No,No,Yes,Yes,Month-to-Month,No,Mailed Check,101.62,4817.42,2,No
CUST-104727,Male,0,Yes,No,18-25,Bangalore,10,Yes,Yes,No,No Internet Service,No Internet Service,No Internet Service,No Internet Service,No Internet Service,No Internet Service,Month-to-Month,Yes,Electronic Check,41.72,454.06,1,No
CUST-104728,Male,1,No,No,36-45,Hyderabad,17,No,No Phone Service,DSL,No,No,No,Yes,Yes,No,Two Year,No,Bank Transfer (Auto),75.5,1292.17,2,No
CUST-104729,Male,0,Yes,Yes,26-35,Bangalore,2,Yes,No,No,No Internet Service,No Internet Service,No Internet Service,No Internet Service,No Internet Service,No Internet Service,Two Year,Yes,Electronic Check,53.14,117.62,1,No
CUST-104730,Female,0,No,No,18-25,Hyderabad,12,Yes,Yes,DSL,No,No,Yes,Yes,No,No,Month-to-Month,No,Mailed Check,68.93,769.38,0,No
CUST-104731,Male,0,No,No,36-45,Kolkata,10,Yes,Yes,DSL,No,Yes,No,No,Yes,Yes,Month-to-Month,No,Mailed Check,87.73,860.32,1,No
CUST-104732,Male,0,Yes,No,18-25,Mumbai,4,Yes,No,Fiber Optic,No,No,No,No,Yes,Yes,Month-to-Month,Yes,Bank Transfer (Auto),98.75,299.64,0,No
CUST-104733,Female,0,Yes,No,18-25,Bangalore,53,Yes,Yes,No,No Internet Service,No Internet Service,No Internet Service,No Internet Service,No Internet Service,No Internet Service,Month-to-Month,Yes,Electronic Check,35.2,1850.29,0,No
CUST-104734,Male,0,Yes,No,36-45,Chennai,3,Yes,No,No,No Internet Service,No Internet Service,No Internet Service,No Internet Service,No Internet Service,No Internet Service,Month-to-Month,Yes,Electronic Check,23.11,66.17,1,No
CUST-104735,Male,0,No,No,18-25,Bangalore,24,Yes,Yes,Fiber Optic,No,Yes,Yes,No,No,Yes,Month-to-Month,Yes,Electronic Check,99.49,2317.82,1,Yes
CUST-104736,Male,0,No,Yes,46-55,Pune,53,No,No Phone Service,Fiber Optic,No,No,Yes,No,Yes,No,Two Year,Yes,Electronic Check,97.21,5167.09,0,No
CUST-104737,Male,1,No,No,18-25,Delhi,58,Yes,Yes,DSL,No,Yes,No,No,No,No,Month-to-Month,Yes,Electronic Check,72.44,4261.88,1,Yes
CUST-104738,Male,0,Yes,No,18-25,Kolkata,37,Yes,Yes,No,No Internet Service,No Internet Service,No Internet Service,No Internet Service,No Internet Service,No Internet Service,Month-to-Month,No,Bank Transfer (Auto),38.9,1450.07,1,No
CUST-104739,Female,0,No,No,18-25,Ahmedabad,4,No,No Phone Service,Fiber Optic,Yes,Yes,No,No,Yes,No,Month-to-Month,Yes,Bank Transfer (Auto),111.31,444.97,0,Yes
CUST-104740,Male,0,Yes,Yes,26-35,Bangalore,40,Yes,Yes,No,No Internet Service,No Internet Service,No Internet Service,No Internet Service,No Internet Service,No Internet Service,Month-to-Month,No,Bank Transfer (Auto),43.54,1715.33,0,No
CUST-104741,Female,1,Yes,No,26-35,Mumbai,7,Yes,Yes,Fiber Optic,No,Yes,No,No,No,No,Two Year,Yes,Mailed Check,77.53,561.29,0,Yes
CUST-104742,Female,0,No,No,65+,Ahmedabad,61,Yes,Yes,No,No Internet Service,No Internet Service,No Internet Service,No Internet Service,No Internet Service,No Internet Service,Month-to-Month,Yes,Electronic Check,52.59,3157.18,0,No
CUST-104743,Male,0,No,Yes,26-35,Bangalore,29,Yes,No,DSL,No,No,No,Yes,Yes,No,Two Year,Yes,Credit Card (Auto),78.83,2165.48,0,No
CUST-104744,female,0,Yes,No,36-45,Hyderabad,36,Yes,Yes,Fiber Optic,No,Yes,Yes,Yes,No,Yes,Month-to-Month,No,Electronic Check,105.71,3884.54,4,Yes
CUST-104745,Male,0,Yes,No,26-35,Delhi,2,Yes,No,Fiber Optic,Yes,Yes,No,Yes,Yes,No,One Year,No,Bank Transfer (Auto),107.62,263.28,0,No
CUST-104746,Female,0,Yes,Yes,26-35,Mumbai,20,Yes,No,DSL,Yes,Yes,Yes,Yes,No,Yes,Two Year,No,Credit Card (Auto),108.82,2121.44,0,No
CUST-104747,Female,1,Yes,No,18-25,Mumbai,41,Yes,No,DSL,No,No,No,Yes,No,Yes,Month-to-Month,Yes,Bank Transfer (Auto),74.71,2990.81,1,No
CUST-104748,Male,0,Yes,No,36-45,Delhi,47,Yes,Yes,No,No Internet Service,No Internet Service,No Internet Service,No Internet Service,No Internet Service,No Internet Service,Month-to-Month,No,Electronic Check,42.95,2023.97,2,No
CUST-104749,Male,0,No,No,26-35,Ahmedabad,0,Yes,No,DSL,No,No,No,No,No,No,One Year,Yes,Electronic Check,61.19,3.22,0,No
CUST-104750,Male,1,No,Yes,26-35,Pune,67,Yes,No,DSL,No,Yes,No,No,No,No,Month-to-Month,Yes,Electronic Check,53.08,3597.17,1,No
CUST-104751,Male,1,No,No,18-25,Bangalore,1,Yes,Yes,No,No Internet Service,No Internet Service,No Internet Service,No Internet Service,No Internet Service,No Internet Service,One Year,No,Bank Transfer (Auto),53.44,36.69,2,No
CUST-104752,Male,0,No,No,18-25,Bangalore,22,Yes,Yes,DSL,Yes,No,No,No,Yes,Yes,Month-to-Month,No,Bank Transfer (Auto),91.16,2063.27,2,No
CUST-104753,Female,1,No,No,18-25,Mumbai,28,Yes,No,No,No Internet Service,No Internet Service,No Internet Service,No Internet Service,No Internet Service,No Internet Service,Month-to-Month,Yes,Bank Transfer (Auto),47.95,1331.77,0,No
CUST-104754,Female,0,No,No,36-45,Hyderabad,2,Yes,No,No,No Internet Service,No Internet Service,No Internet Service,No Internet Service,No Internet Service,No Internet Service,Month-to-Month,Yes,Electronic Check,27.15,114.95,1,No
CUST-104755,Female,0,No,No,65+,Kolkata,1,Yes,Yes,No,No Internet Service,No Internet Service,No Internet Service,No Internet Service,No Internet Service,No Internet Service,Two Year,Yes,Credit Card (Auto),33.0,23.93,1,No
CUST-104756,Female,0,Yes,Yes,18-25,Ahmedabad,36,Yes,No,Fiber Optic,No,Yes,No,Yes,Yes,No,Month-to-Month,Yes,Bank Transfer (Auto),97.23,3457.07,0,No
CUST-104757,Female,0,No,No,18-25,Kolkata,11,Yes,No,DSL,No,No,No,Yes,Yes,Yes,Month-to-Month,No,Electronic Check,94.31,1018.69,2,Yes
CUST-104758,Female,0,No,No,18-25,Mumbai,2,Yes,Yes,DSL,No,No,Yes,Yes,No,No,One Year,No,Mailed Check,60.34,153.39,3,No
CUST-104759,Female,0,No,No,26-35,Mumbai,34,Yes,Yes,DSL,No,No,No,Yes,No,No,Month-to-Month,No,Bank Transfer (Auto),84.91,2904.63,3,No
CUST-104760,Male,0,No,No,36-45,Mumbai,45,Yes,No,DSL,Yes,No,No,No,No,Yes,Month-to-Month,No,Mailed Check,71.78,3232.73,0,No
CUST-104761,Male,0,Yes,No,26-35,Delhi,21,No,No Phone Service,No,No Internet Service,No Internet Service,No Internet Service,No Internet Service,No Internet Service,No Internet Service,Month-to-Month,Yes,Electronic Check,35.72,697.93,0,No
CUST-104762,Female,0,No,No,65+,Mumbai,4,Yes,No,Fiber Optic,No,No,No,Yes,Yes,Yes,One Year,No,Electronic Check,103.48,410.92,1,No
CUST-104763,Female,0,Yes,No,36-45,Mumbai,0,No,No Phone Service,DSL,No,No,No,No,Yes,No,One Year,Yes,Credit Card (Auto),58.83,0.0,0,No
CUST-104764,Male,0,No,No,18-25,Bangalore,28,Yes,Yes,Fiber Optic,No,Yes,Yes,Yes,Yes,No,Month-to-Month,Yes,Electronic Check,87.24,2408.78,3,Yes
CUST-104765,Male,0,Yes,Yes,18-25,Mumbai,19,Yes,Yes,Fiber Optic,No,No,No,No,No,No,Month-to-Month,No,Electronic Check,85.58,1675.79,1,No
CUST-104766,Male,0,Yes,Yes,36-45,Mumbai,25,Yes,Yes,DSL,No,Yes,No,No,No,No,One Year,No,Credit Card (Auto),65.11,1589.43,5,No
CUST-104767,Male,0,Yes,No,46-55,Hyderabad,40,Yes,Yes,Fiber Optic,No,No,Yes,No,No,No,One Year,Yes,Bank Transfer (Auto),79.2,3126.84,2,No
CUST-104768,Female,0,No,No,26-35,Delhi,13,Yes,No,Fiber Optic,No,No,Yes,No,No,Yes,Month-to-Month,Yes,Bank Transfer (Auto),89.81,1183.23,1,No
CUST-104769,Male,0,Yes,No,26-35,Mumbai,3,Yes,No,DSL,No,No,Yes,Yes,No,No,Month-to-Month,No,Mailed Check,66.69,154.26,0,No
CUST-104770,Female,0,No,No,18-25,Chennai,67,Yes,No,Fiber Optic,No,No,No,No,Yes,No,Month-to-Month,No,Bank Transfer (Auto),87.95,5864.94,1,No
CUST-104771,Female,1,Yes,No,18-25,Bangalore,18,Yes,No,Fiber Optic,No,Yes,Yes,No,No,No,One Year,Yes,Bank Transfer (Auto),91.67,1746.34,1,No
CUST-104772,Female,0,No,No,36-45,Pune,22,Yes,No,No,No Internet Service,No Internet Service,No Internet Service,No Internet Service,No Internet Service,No Internet Service,Two Year,Yes,Credit Card (Auto),57.33,1252.89,3,No
CUST-104773,Male,0,No,No,18-25,Kolkata,65,No,No Phone Service,No,No Internet Service,No Internet Service,No Internet Service,No Internet Service,No Internet Service,No Internet Service,Month-to-Month,Yes,Electronic Check,35.23,2323.74,3,Yes
CUST-104774,Male,0,Yes,Yes,26-35,Ahmedabad,64,Yes,No,Fiber Optic,No,No,No,No,No,No,Month-to-Month,No,Electronic Check,72.91,4792.0,1,No
CUST-104775,Female,1,Yes,No,18-25,Delhi,20,Yes,No,Fiber Optic,No,Yes,No,Yes,Yes,Yes,Month-to-Month,No,Electronic Check,103.55,2080.97,2,Yes
CUST-104776,Female,0,No,No,18-25,Chennai,8,Yes,Yes,No,No Internet Service,No Internet Service,No Internet Service,No Internet Service,No Internet Service,No Internet Service,Month-to-Month,Yes,Bank Transfer (Auto),65.8,552.64,1,No
CUST-104777,Female,0,No,No,26-35,Mumbai,72,Yes,No,Fiber Optic,No,Yes,Yes,No,No,No,Month-to-Month,Yes,Bank Transfer (Auto),94.06,6787.95,3,Yes
CUST-104778,Male,0,No,Yes,26-35,Bangalore,27,Yes,No,DSL,No,Yes,No,No,No,No,Two Year,No,Electronic Check,76.09,2038.16,1,No
CUST-104779,Female,0,Yes,Yes,26-35,Bangalore,12,Yes,No,DSL,No,No,No,No,Yes,No,Month-to-Month,Yes,Mailed Check,62.52,756.53,0,No
CUST-104780,Male,0,No,No,18-25,Delhi,19,Yes,No,No,No Internet Service,No Internet Service,No Internet Service,No Internet Service,No Internet Service,No Internet Service,One Year,No,Electronic Check,60.0,1131.07,3,No
CUST-104781,Female,0,No,No,18-25,Pune,12,Yes,Yes,No,No Internet Service,No Internet Service,No Internet Service,No Internet Service,No Internet Service,No Internet Service,Month-to-Month,Yes,Electronic Check,47.93,529.61,1,No
CUST-104782,Female,0,Yes,No,18-25,Ahmedabad,52,Yes,Yes,Fiber Optic,No,No,Yes,No,No,No,Two Year,No,Credit Card (Auto),75.86,3986.37,1,No
CUST-104783,Female,0,Yes,No,26-35,Delhi,15,Yes,Yes,Fiber Optic,No,No,No,No,No,No,Month-to-Month,Yes,Bank Transfer (Auto),82.33,1144.48,0,Yes
CUST-104784,Male,0,Yes,No,18-25,Delhi,41,Yes,Yes,DSL,No,Yes,Yes,No,No,Yes,Month-to-Month,Yes,Electronic Check,83.2,3411.58,3,No
CUST-104785,Male,0,No,No,46-55,Delhi,44,Yes,No,No,No Internet Service,No Internet Service,No Internet Service,No Internet Service,No Internet Service,No Internet Service,Two Year,Yes,Electronic Check,42.79,1868.8,1,No
CUST-104786,Female,0,No,No,18-25,Chennai,41,Yes,No,No,No Internet Service,No Internet Service,No Internet Service,No Internet Service,No Internet Service,No Internet Service,Month-to-Month,No,Electronic Check,59.58,2390.97,1,Yes
CUST-104787,Male,0,Yes,Yes,26-35,Mumbai,30,Yes,Yes,DSL,No,Yes,No,No,Yes,No,One Year,Yes,Bank Transfer (Auto),70.22,2137.74,0,Yes
CUST-104788,Female,1,Yes,No,36-45,Mumbai,46,Yes,Yes,No,No Internet Service,No Internet Service,No Internet Service,No Internet Service,No Internet Service,No Internet Service,Two Year,Yes,Mailed Check,48.05,2159.21,2,No
CUST-104789,Male,1,Yes,No,46-55,Delhi,11,Yes,No,Fiber Optic,No,Yes,Yes,No,No,No,Month-to-Month,Yes,Credit Card (Auto),82.27,884.58,1,No
CUST-104790,Male,0,Yes,No,18-25,Hyderabad,2,Yes,Yes,Fiber Optic,Yes,Yes,No,No,Yes,No,One Year,Yes,Bank Transfer (Auto),116.95,270.29,0,No
CUST-104791,Male,0,Yes,No,26-35,Delhi,44,Yes,No,Fiber Optic,No,No,No,No,No,No,Two Year,No,Mailed Check,89.58,3845.26,3,No
CUST-104792,Female,0,No,Yes,36-45,Ahmedabad,16,Yes,Yes,Fiber Optic,No,No,No,No,No,No,Two Year,Yes,Credit Card (Auto),65.93,1108.76,3,No
CUST-104793,Male,0,Yes,No,26-35,Bangalore,3,Yes,No,DSL,No,Yes,No,No,No,No,One Year,No,Bank Transfer (Auto),57.78,171.52,3,No
CUST-104794,Male,0,Yes,No,46-55,Hyderabad,2,Yes,Yes,No,No Internet Service,No Internet Service,No Internet Service,No Internet Service,No Internet Service,No Internet Service,Month-to-Month,Yes,Electronic Check,35.03,54.61,2,No
CUST-104795,Female,1,No,No,26-35,Mumbai,4,Yes,No,DSL,No,No,No,No,No,No,One Year,Yes,Bank Transfer (Auto),60.0,171.03,5,No
CUST-104796,Female,0,No,No,36-45,Pune,33,Yes,No,DSL,Yes,No,No,No,No,No,One Year,Yes,Bank Transfer (Auto),76.77,2537.93,3,No
CUST-104797,Female,0,No,No,18-25,Pune,29,Yes,No,Fiber Optic,No,No,No,No,No,No,One Year,Yes,Mailed Check,91.29,2648.65,3,No
CUST-104798,Female,0,Yes,No,65+,Bangalore,5,Yes,Yes,DSL,No,Yes,No,No,No,No,Two Year,Yes,Electronic Check,66.92,361.93,0,No
CUST-104799,Male,0,Yes,No,26-35,Pune,45,Yes,No,DSL,Yes,No,No,No,Yes,No,Month-to-Month,Yes,Electronic Check,71.4,3189.52,1,No
CUST-104800,Male,0,No,No,36-45,Delhi,7,Yes,No,DSL,Yes,Yes,No,No,No,No,Month-to-Month,Yes,Electronic Check,81.44,521.31,3,No
CUST-104801,Male,0,No,No,18-25,Pune,37,Yes,No,Fiber Optic,Yes,Yes,Yes,No,No,No,One Year,No,Electronic Check,127.31,4726.16,2,No
CUST-104802,Male,0,Yes,Yes,26-35,Hyderabad,16,Yes,No,DSL,No,Yes,No,Yes,No,No,Two Year,Yes,Credit Card (Auto),59.22,918.64,1,No
CUST-104803,Male,1,No,Yes,18-25,Bangalore,31,Yes,No,Fiber Optic,No,Yes,No,Yes,Yes,No,Month-to-Month,No,Bank Transfer (Auto),83.3,2607.52,0,No
CUST-104804,Female,0,No,No,56-65,Pune,11,Yes,Yes,DSL,No,No,No,No,Yes,Yes,Two Year,Yes,Bank Transfer (Auto),80.48,833.72,1,Yes
CUST-104805,Male,1,Yes,Yes,46-55,Chennai,10,Yes,Yes,Fiber Optic,No,No,No,No,Yes,No,Two Year,No,Bank Transfer (Auto),80.72,846.9,2,No
CUST-104806,Male,0,No,Yes,18-25,Hyderabad,44,Yes,No,Fiber Optic,Yes,No,Yes,No,Yes,No,Two Year,No,Bank Transfer (Auto),94.54,4234.26,1,No
CUST-104807,Male,0,No,No,18-25,Delhi,0,Yes,No,Fiber Optic,No,No,No,No,No,No,Two Year,Yes,Credit Card (Auto),82.08,0.0,1,No
CUST-104808,Female,0,Yes,Yes,26-35,Kolkata,72,Yes,No,DSL,Yes,Yes,Yes,No,No,No,Two Year,No,Mailed Check,70.9,5172.24,2,No
CUST-104809,Female,0,No,Yes,18-25,Bangalore,25,No,No Phone Service,DSL,No,Yes,Yes,No,Yes,Yes,Two Year,Yes,Bank Transfer (Auto),87.3,2220.17,2,No
CUST-104810,Male,1,No,No,26-35,Bangalore,13,Yes,Yes,No,No Internet Service,No Internet Service,No Internet Service,No Internet Service,No Internet Service,No Internet Service,One Year,Yes,Mailed Check,44.16,590.91,1,No
CUST-104811,Female,0,No,No,18-25,Delhi,23,Yes,No,DSL,No,No,Yes,Yes,No,Yes,Month-to-Month,No,Credit Card (Auto),84.83,1950.42,3,No
CUST-104812,Female,0,Yes,No,26-35,Ahmedabad,3,Yes,No,Fiber Optic,No,No,No,No,No,Yes,Month-to-Month,Yes,Credit Card (Auto),78.63,208.68,2,No
CUST-104813,Female,0,Yes,No,18-25,Hyderabad,17,Yes,Yes,No,No Internet Service,No Internet Service,No Internet Service,No Internet Service,No Internet Service,No Internet Service,Month-to-Month,No,Credit Card (Auto),45.22,828.63,3,No
CUST-104814,Female,0,No,No,18-25,Bangalore,72,Yes,Yes,DSL,Yes,No,Yes,No,No,No,Month-to-Month,No,Electronic Check,70.38,5117.16,2,Yes
CUST-104815,Female,1,Yes,No,26-35,Ahmedabad,6,Yes,Yes,Fiber Optic,No,Yes,Yes,No,No,No,Month-to-Month,No,Electronic Check,85.29,459.47,2,No
CUST-104816,Female,0,Yes,No,26-35,Bangalore,30,Yes,No,DSL,No,Yes,No,No,No,No,Two Year,No,Electronic Check,68.39,2057.45,0,No
CUST-104817,Female,0,Yes,No,26-35,Mumbai,13,Yes,No,Fiber Optic,No,No,Yes,No,No,Yes,One Year,No,Mailed Check,102.26,1288.68,0,Yes
CUST-104818,Male,0,Yes,No,18-25,Delhi,25,Yes,No,Fiber Optic,Yes,No,No,Yes,No,No,Month-to-Month,Yes,Mailed Check,81.35,2057.5,3,No
CUST-104819,Male,1,No,No,26-35,Pune,5,Yes,No,DSL,No,Yes,Yes,No,Yes,No,One Year,No,Electronic Check,82.6,450.45,1,No
CUST-104820,Female,0,Yes,No,18-25,Mumbai,15,Yes,Yes,DSL,No,Yes,No,Yes,Yes,No,Month-to-Month,Yes,Bank Transfer (Auto),83.76,1178.23,1,No
CUST-104821,Male,0,No,Yes,56-65,Mumbai,72,Yes,No,No,No Internet Service,No Internet Service,No Internet Service,No Internet Service,No Internet Service,No Internet Service,Month-to-Month,No,Electronic Check,44.61,3207.74,0,No
CUST-104822,Male,0,Yes,No,18-25,Bangalore,5,Yes,No,Fiber Optic,No,Yes,No,Yes,No,No,Two Year,No,Credit Card (Auto),102.87,535.57,0,No
CUST-104823,Female,0,No,Yes,26-35,Bangalore,24,Yes,No,No,No Internet Service,No Internet Service,No Internet Service,No Internet Service,No Internet Service,No Internet Service,Month-to-Month,Yes,Electronic Check,35.81,864.01,1,No
CUST-104824,Male,0,Yes,No,26-35,Bangalore,20,Yes,No,DSL,No,No,No,Yes,Yes,No,One Year,No,Mailed Check,78.53,1659.78,0,No
CUST-104825,Female,0,No,No,18-25,Delhi,19,Yes,No,No,No Internet Service,No Internet Service,No Internet Service,No Internet Service,No Internet Service,No Internet Service,Month-to-Month,Yes,Bank Transfer (Auto),40.54,691.61,0,No
CUST-104826,Female,0,No,No,26-35,Delhi,22,Yes,No,DSL,Yes,No,Yes,No,No,No,Month-to-Month,Yes,Bank Transfer (Auto),79.12,1808.4,1,No
CUST-104827,Female,0,Yes,Yes,18-25,Pune,16,Yes,No,DSL,No,No,Yes,No,Yes,No,Two Year,No,Electronic Check,72.55,1116.62,2,No
CUST-104828,Male,0,No,No,26-35,Chennai,0,Yes,Yes,Fiber Optic,Yes,Yes,No,No,Yes,No,Month-to-Month,Yes,Credit Card (Auto),95.06,0.0,2,Yes
CUST-104829,Male,0,Yes,Yes,46-55,Bangalore,55,Yes,No,DSL,Yes,No,No,No,No,No,Two Year,No,Bank Transfer (Auto),76.22,4208.11,1,No
CUST-104830,Male,0,No,No,18-25,Delhi,42,Yes,No,DSL,No,Yes,No,No,Yes,No,Month-to-Month,No,Credit Card (Auto),63.79,2672.9,2,No
CUST-104831,Male,1,No,No,26-35,Kolkata,4,Yes,No,Fiber Optic,No,No,No,No,Yes,No,Month-to-Month,Yes,Credit Card (Auto),74.59,302.97,5,No
CUST-104832,Female,1,No,Yes,36-45,Mumbai,12,Yes,Yes,DSL,No,No,No,No,Yes,No,Two Year,Yes,Bank Transfer (Auto),55.24,688.95,5,No
CUST-104833,Female,0,No,No,36-45,Hyderabad,35,Yes,No,DSL,Yes,No,No,No,No,Yes,Two Year,No,Credit Card (Auto),81.15,2867.73,1,No
CUST-104834,Male,0,Yes,Yes,18-25,Chennai,72,Yes,Yes,DSL,Yes,No,No,Yes,No,No,Month-to-Month,Yes,Credit Card (Auto),73.44,5261.14,2,No
CUST-104835,Female,0,Yes,No,36-45,Kolkata,72,Yes,Yes,Fiber Optic,No,No,No,No,No,No,Month-to-Month,No,Credit Card (Auto),81.1,5879.79,0,No
CUST-104836,Female,0,Yes,Yes,36-45,Mumbai,55,No,No Phone Service,Fiber Optic,Yes,No,No,No,Yes,No,One Year,Yes,Credit Card (Auto),107.51,5812.22,3,No
CUST-104837,Male,0,No,Yes,26-35,Delhi,4,Yes,No,Fiber Optic,Yes,Yes,Yes,Yes,Yes,No,Month-to-Month,No,Credit Card (Auto),106.22,420.15,2,Yes
CUST-104838,Female,0,No,Yes,26-35,Ahmedabad,59,Yes,No,DSL,No,Yes,Yes,No,Yes,No,Month-to-Month,Yes,Mailed Check,63.75,3817.72,4,No
CUST-104839,Male,0,Yes,Yes,18-25,Hyderabad,50,Yes,Yes,Fiber Optic,No,No,No,No,Yes,Yes,One Year,Yes,Electronic Check,105.61,5294.78,2,No
CUST-104840,Female,1,No,No,18-25,Bangalore,11,Yes,No,Fiber Optic,No,Yes,No,No,Yes,No,One Year,Yes,Credit Card (Auto),89.8,990.3,3,No
CUST-104841,Male,0,Yes,No,26-35,Bangalore,12,No,No Phone Service,No,No Internet Service,No Internet Service,No Internet Service,No Internet Service,No Internet Service,No Internet Service,Month-to-Month,No,Bank Transfer (Auto),27.99,318.68,0,Yes
CUST-104842,Female,0,Yes,No,18-25,Mumbai,14,No,No Phone Service,Fiber Optic,No,No,No,No,No,No,Month-to-Month,Yes,Electronic Check,76.1,1082.76,1,Yes
CUST-104843,Female,0,No,Yes,18-25,Delhi,25,Yes,Yes,DSL,No,No,No,No,No,No,Two Year,Yes,Mailed Check,56.54,1399.47,0,No
CUST-104844,Male,0,Yes,No,18-25,Pune,7,Yes,Yes,No,No Internet Service,No Internet Service,No Internet Service,No Internet Service,No Internet Service,No Internet Service,One Year,Yes,Bank Transfer (Auto),39.79,309.88,2,No
CUST-104845,Male,0,No,No,56-65,Delhi,0,Yes,No,DSL,No,No,No,No,Yes,No,One Year,Yes,Mailed Check,71.86,0.0,2,No
CUST-104846,Male,0,Yes,No,18-25,Delhi,3,Yes,Yes,No,No Internet Service,No Internet Service,No Internet Service,No Internet Service,No Internet Service,No Internet Service,Month-to-Month,Yes,Electronic Check,38.86,192.86,1,No
CUST-104847,Male,0,No,No,26-35,Bangalore,13,Yes,Yes,No,No Internet Service,No Internet Service,No Internet Service,No Internet Service,No Internet Service,No Internet Service,Month-to-Month,Yes,Electronic Check,45.34,616.77,1,No
CUST-104848,Female,0,Yes,No,18-25,Pune,7,Yes,No,No,No Internet Service,No Internet Service,No Internet Service,No Internet Service,No Internet Service,No Internet Service,Month-to-Month,No,Bank Transfer (Auto),35.85,341.59,2,No
CUST-104849,Female,1,Yes,Yes,26-35,Bangalore,34,Yes,No,DSL,No,No,No,Yes,Yes,No,Month-to-Month,Yes,Electronic Check,52.53,1766.63,5,Yes
CUST-104850,Male,0,No,No,26-35,Mumbai,2,Yes,Yes,Fiber Optic,No,No,No,No,No,No,Month-to-Month,Yes,Mailed Check,83.72,228.66,3,Yes
CUST-104851,Female,0,No,No,46-55,Hyderabad,59,Yes,Yes,DSL,Yes,Yes,No,No,No,Yes,Month-to-Month,Yes,Bank Transfer (Auto),79.24,4611.89,1,No
CUST-104852,Male,0,Yes,No,26-35,Delhi,54,Yes,No,No,No Internet Service,No Internet Service,No Internet Service,No Internet Service,No Internet Service,No Internet Service,One Year,Yes,Bank Transfer (Auto),40.12,2202.58,2,No
CUST-104853,Male,0,Yes,Yes,18-25,Bangalore,57,Yes,Yes,No,No Internet Service,No Internet Service,No Internet Service,No Internet Service,No Internet Service,No Internet Service,One Year,No,Electronic Check,64.29,3658.74,0,No
CUST-104854,Female,0,No,Yes,56-65,Kolkata,32,Yes,Yes,No,No Internet Service,No Internet Service,No Internet Service,No Internet Service,No Internet Service,No Internet Service,Month-to-Month,Yes,Electronic Check,48.05,1543.56,1,Yes
CUST-104855,Female,0,Yes,No,18-25,Delhi,2,Yes,Yes,DSL,No,No,Yes,No,No,No,One Year,Yes,Bank Transfer (Auto),65.96,168.39,3,No
CUST-104856,Male,1,No,Yes,18-25,Bangalore,13,Yes,No,DSL,Yes,Yes,No,No,No,Yes,One Year,No,Bank Transfer (Auto),91.95,1232.52,0,No
CUST-104857,Male,1,No,Yes,36-45,Ahmedabad,3,Yes,No,Fiber Optic,No,No,No,No,Yes,Yes,Month-to-Month,Yes,Electronic Check,108.55,367.58,3,Yes
CUST-104858,Male,0,Yes,No,36-45,Pune,72,Yes,No,Fiber Optic,No,No,No,Yes,No,Yes,Month-to-Month,Yes,Mailed Check,77.31,5583.91,0,No
CUST-104859,Female,1,Yes,No,36-45,Delhi,9,Yes,No,DSL,No,No,No,Yes,Yes,Yes,One Year,No,Credit Card (Auto),79.99,747.0,0,No
CUST-104860,Female,0,No,No,26-35,Mumbai,21,Yes,No,Fiber Optic,No,No,No,Yes,No,No,Month-to-Month,Yes,Credit Card (Auto),102.51,2141.62,1,No
CUST-104861,Female,0,Yes,Yes,18-25,Ahmedabad,36,Yes,No,Fiber Optic,No,Yes,Yes,No,Yes,No,Month-to-Month,Yes,Mailed Check,105.9,3780.19,3,Yes
CUST-104862,Female,0,No,No,26-35,Mumbai,60,Yes,No,No,No Internet Service,No Internet Service,No Internet Service,No Internet Service,No Internet Service,No Internet Service,Month-to-Month,No,Electronic Check,51.67,3108.53,2,No
CUST-104863,Male,1,Yes,Yes,18-25,Bangalore,33,No,No Phone Service,Fiber Optic,No,Yes,Yes,Yes,No,No,Month-to-Month,Yes,Electronic Check,94.96,3026.42,2,No
CUST-104864,Male,0,No,No,18-25,Bangalore,26,Yes,No,No,No Internet Service,No Internet Service,No Internet Service,No Internet Service,No Internet Service,No Internet Service,Two Year,Yes,Electronic Check,36.47,969.17,2,No
CUST-104865,Male,0,Yes,No,18-25,Mumbai,15,Yes,Yes,Fiber Optic,No,No,Yes,No,No,No,One Year,No,Electronic Check,105.69,1628.84,2,No
CUST-104866,Male,0,No,No,18-25,Mumbai,22,Yes,Yes,No,No Internet Service,No Internet Service,No Internet Service,No Internet Service,No Internet Service,No Internet Service,Month-to-Month,No,Mailed Check,43.17,980.74,1,No
CUST-104867,Male,0,Yes,No,46-55,Delhi,2,Yes,No,DSL,No,No,Yes,Yes,No,No,Two Year,No,Bank Transfer (Auto),88.14,145.72,2,No
CUST-104868,Male,0,Yes,No,56-65,Bangalore,51,No,No Phone Service,Fiber Optic,Yes,Yes,No,No,No,No,One Year,Yes,Electronic Check,103.37,5169.63,0,No
CUST-104869,Female,1,No,Yes,46-55,Ahmedabad,18,Yes,Yes,DSL,Yes,Yes,No,No,No,Yes,One Year,Yes,Credit Card (Auto),88.94,1633.73,1,No
CUST-104870,Female,0,Yes,Yes,18-25,Hyderabad,0,Yes,No,No,No Internet Service,No Internet Service,No Internet Service,No Internet Service,No Internet Service,No Internet Service,Month-to-Month,No,Bank Transfer (Auto),49.29,0.0,1,No
CUST-104871,Male,0,Yes,No,26-35,Kolkata,60,Yes,Yes,Fiber Optic,No,Yes,No,No,Yes,Yes,One Year,Yes,Bank Transfer (Auto),104.16,6185.23,2,No
CUST-104872,Male,0,Yes,Yes,26-35,Mumbai,16,Yes,Yes,DSL,No,No,Yes,Yes,Yes,No,Month-to-Month,Yes,Credit Card (Auto),83.64,1385.66,1,No
CUST-104873,Female,0,Yes,No,26-35,Delhi,48,Yes,Yes,No,No Internet Service,No Internet Service,No Internet Service,No Internet Service,No Internet Service,No Internet Service,Month-to-Month,No,Bank Transfer (Auto),41.57,1927.59,3,No
CUST-104874,Female,0,No,Yes,26-35,Delhi,46,Yes,No,Fiber Optic,No,No,No,No,No,No,Month-to-Month,No,Credit Card (Auto),88.41,4058.28,2,No
CUST-104875,Female,0,No,No,18-25,Bangalore,40,Yes,Yes,No,No Internet Service,No Internet Service,No Internet Service,No Internet Service,No Internet Service,No Internet Service,Month-to-Month,Yes,Electronic Check,34.3,1460.87,0,Yes
CUST-104876,Female,0,Yes,No,46-55,Ahmedabad,1,No,No Phone Service,Fiber Optic,Yes,No,No,No,No,Yes,Month-to-Month,Yes,Electronic Check,89.07,55.71,2,Yes
CUST-104877,Male,0,No,No,18-25,Delhi,6,Yes,Yes,Fiber Optic,Yes,No,Yes,No,Yes,No,Month-to-Month,Yes,Mailed Check,114.06,631.08,3,Yes
CUST-104878,Male,0,No,No,36-45,Chennai,50,Yes,Yes,Fiber Optic,No,No,Yes,Yes,No,No,Two Year,Yes,Mailed Check,74.85,3767.86,1,No
CUST-104879,Male,0,No,Yes,18-25,Ahmedabad,55,Yes,No,DSL,Yes,No,No,Yes,Yes,No,Month-to-Month,Yes,Electronic Check,89.39,4932.8,2,No
CUST-104880,Male,0,Yes,No,18-25,Hyderabad,14,Yes,No,Fiber Optic,No,Yes,No,No,No,No,Two Year,No,Bank Transfer (Auto),84.26,1096.77,0,No
CUST-104881,Male,0,No,No,18-25,Hyderabad,13,Yes,No,Fiber Optic,Yes,No,No,No,No,No,One Year,No,Electronic Check,94.78,1234.77,2,No
CUST-104882,Female,1,No,Yes,18-25,Hyderabad,4,Yes,Yes,DSL,Yes,Yes,No,No,No,No,Month-to-Month,No,Bank Transfer (Auto),98.53,453.03,0,No
CUST-104883,Male,0,No,No,26-35,Delhi,72,Yes,Yes,DSL,No,No,No,No,Yes,No,Month-to-Month,Yes,Mailed Check,80.06,5834.32,1,No
CUST-104884,Female,0,Yes,No,46-55,Bangalore,5,Yes,No,DSL,No,No,No,Yes,No,No,Two Year,Yes,Bank Transfer (Auto),64.93,311.63,0,No
CUST-104885,Male,0,Yes,No,36-45,Kolkata,5,Yes,Yes,DSL,No,No,No,Yes,No,No,Month-to-Month,Yes,Mailed Check,59.46,322.09,1,No
CUST-104886,Male,0,No,No,18-25,Bangalore,25,Yes,No,Fiber Optic,No,Yes,Yes,Yes,No,Yes,One Year,Yes,Credit Card (Auto),112.12,2830.1,1,No
CUST-104887,Male,1,Yes,No,26-35,Bangalore,6,Yes,No,No,No Internet Service,No Internet Service,No Internet Service,No Internet Service,No Internet Service,No Internet Service,One Year,No,Electronic Check,59.04,404.65,3,Yes
CUST-104888,Male,0,No,No,18-25,Mumbai,67,Yes,No,Fiber Optic,Yes,No,No,No,No,Yes,Month-to-Month,Yes,Credit Card (Auto),95.74,6410.04,1,No
CUST-104889,Male,0,Yes,Yes,18-25,Bangalore,0,Yes,No,Fiber Optic,No,No,No,No,No,Yes,Month-to-Month,Yes,Electronic Check,93.24,64.77,1,Yes
CUST-104890,Female,0,No,No,18-25,Mumbai,0,Yes,Yes,DSL,No,No,No,Yes,Yes,Yes,Month-to-Month,No,Bank Transfer (Auto),84.39,0.0,1,No
CUST-104891,Female,0,No,No,18-25,Delhi,16,Yes,Yes,DSL,Yes,No,Yes,No,No,No,Two Year,Yes,Mailed Check,80.85,1332.61,1,No
CUST-104892,Female,0,No,No,26-35,Ahmedabad,16,Yes,No,Fiber Optic,No,No,No,Yes,Yes,Yes,Two Year,Yes,Credit Card (Auto),106.18,1648.78,1,No
CUST-104893,Male,0,No,No,18-25,Kolkata,4,Yes,No,Fiber Optic,No,No,Yes,No,No,Yes,Two Year,Yes,Credit Card (Auto),64.84,169.85,1,No
CUST-104894,Male,0,No,No,26-35,Chennai,16,Yes,Yes,No,No Internet Service,No Internet Service,No Internet Service,No Internet Service,No Internet Service,No Internet Service,Month-to-Month,No,Credit Card (Auto),45.45,757.81,2,No
CUST-104895,Female,0,Yes,No,18-25,Pune,12,Yes,Yes,DSL,Yes,No,Yes,No,No,No,Month-to-Month,No,Electronic Check,61.1,880.97,1,No
CUST-104896,Male,0,No,No,36-45,Delhi,53,Yes,Yes,Fiber Optic,No,No,No,No,Yes,Yes,Month-to-Month,Yes,Credit Card (Auto),92.07,4895.73,3,No
CUST-104897,Male,1,Yes,No,18-25,Mumbai,0,Yes,No,No,No Internet Service,No Internet Service,No Internet Service,No Internet Service,No Internet Service,No Internet Service,Two Year,No,Electronic Check,36.14,0.0,0,No
CUST-104898,Female,0,No,Yes,26-35,Hyderabad,72,Yes,Yes,Fiber Optic,Yes,No,No,Yes,Yes,Yes,Month-to-Month,No,Electronic Check,92.4,6714.9,1,No
CUST-104899,Male,0,Yes,No,18-25,Kolkata,23,Yes,No,DSL,No,Yes,No,Yes,No,No,Month-to-Month,No,Electronic Check,83.84,1906.09,2,Yes
CUST-104900,Female,0,No,No,26-35,Kolkata,3,Yes,No,Fiber Optic,No,No,No,Yes,Yes,No,Two Year,No,Mailed Check,99.1,209.06,2,No
CUST-104901,Male,0,No,No,18-25,Hyderabad,1,Yes,No,Fiber Optic,No,No,No,No,Yes,Yes,Month-to-Month,Yes,Bank Transfer (Auto),91.98,139.11,0,No
CUST-104902,Female,0,Yes,Yes,26-35,Ahmedabad,18,Yes,No,Fiber Optic,No,No,No,Yes,Yes,No,One Year,Yes,Electronic Check,109.96,2057.01,0,No
CUST-104903,Male,0,Yes,No,46-55,Delhi,6,Yes,Yes,DSL,No,Yes,No,No,Yes,Yes,Month-to-Month,Yes,Electronic Check,91.16,553.4,1,Yes
CUST-104904,Male,0,No,No,26-35,Pune,8,Yes,Yes,Fiber Optic,No,No,No,No,No,Yes,Month-to-Month,Yes,Bank Transfer (Auto),85.87,702.59,1,Yes
CUST-104905,Female,0,Yes,No,26-35,Delhi,6,Yes,No,DSL,No,Yes,No,Yes,Yes,Yes,Two Year,No,Credit Card (Auto),76.98,431.44,2,No
CUST-104906,Male,0,Yes,Yes,26-35,Ahmedabad,25,Yes,No,No,No Internet Service,No Internet Service,No Internet Service,No Internet Service,No Internet Service,No Internet Service,One Year,Yes,Bank Transfer (Auto),40.92,1014.87,1,No
CUST-104907,Male,1,Yes,No,18-25,Delhi,19,No,No Phone Service,No,No Internet Service,No Internet Service,No Internet Service,No Internet Service,No Internet Service,No Internet Service,Month-to-Month,Yes,Bank Transfer (Auto),46.41,892.91,1,Yes
CUST-104908,Female,0,No,Yes,18-25,Bangalore,1,Yes,No,Fiber Optic,Yes,No,No,No,Yes,No,Month-to-Month,Yes,Bank Transfer (Auto),82.26,84.51,2,No
CUST-104909,Male,0,No,No,18-25,Hyderabad,17,Yes,No,Fiber Optic,No,No,No,Yes,No,No,Month-to-Month,Yes,Credit Card (Auto),88.51,1506.46,0,No
CUST-104910,Female,0,No,Yes,26-35,Bangalore,37,Yes,Yes,DSL,No,No,No,Yes,Yes,No,One Year,Yes,Credit Card (Auto),69.28,2406.32,3,No
CUST-104911,Male,0,No,No,26-35,Delhi,2,Yes,No,Fiber Optic,No,Yes,Yes,No,No,No,Month-to-Month,Yes,Bank Transfer (Auto),100.41,209.07,1,No
CUST-104912,Male,0,Yes,Yes,18-25,Hyderabad,52,Yes,No,No,No Internet Service,No Internet Service,No Internet Service,No Internet Service,No Internet Service,No Internet Service,One Year,Yes,Mailed Check,31.94,,0,No
CUST-104913,Male,0,No,Yes,18-25,Kolkata,20,Yes,Yes,No,No Internet Service,No Internet Service,No Internet Service,No Internet Service,No Internet Service,No Internet Service,Month-to-Month,No,Credit Card (Auto),41.68,857.38,3,Yes
CUST-104914,Male,0,Yes,Yes,26-35,Pune,72,No,No Phone Service,Fiber Optic,No,No,No,No,No,No,One Year,Yes,Credit Card (Auto),88.51,6425.59,1,No
CUST-104915,Female,0,Yes,No,36-45,Bangalore,3,Yes,Yes,Fiber Optic,Yes,No,Yes,No,No,Yes,Month-to-Month,Yes,Electronic Check,101.27,331.82,2,No
CUST-104916,Male,0,Yes,No,36-45,Bangalore,72,Yes,No,No,No Internet Service,No Internet Service,No Internet Service,No Internet Service,No Internet Service,No Internet Service,One Year,No,Bank Transfer (Auto),48.94,3466.28,1,No
CUST-104917,Female,0,No,No,26-35,Mumbai,24,Yes,No,No,No Internet Service,No Internet Service,No Internet Service,No Internet Service,No Internet Service,No Internet Service,Month-to-Month,No,Credit Card (Auto),44.35,1022.69,0,No
CUST-104918,Male,0,No,No,26-35,Kolkata,20,Yes,Yes,DSL,No,No,Yes,No,No,Yes,Month-to-Month,Yes,Bank Transfer (Auto),63.54,1267.46,0,Yes
CUST-104919,Male,0,Yes,No,26-35,Kolkata,17,Yes,No,Fiber Optic,Yes,Yes,No,No,No,Yes,Two Year,No,Mailed Check,100.97,1759.16,0,No
CUST-104920,Male,0,No,No,18-25,Mumbai,0,Yes,Yes,DSL,No,No,No,No,Yes,No,Month-to-Month,Yes,Bank Transfer (Auto),65.42,49.73,2,No
CUST-104921,Male,0,Yes,Yes,26-35,Pune,67,Yes,No,No,No Internet Service,No Internet Service,No Internet Service,No Internet Service,No Internet Service,No Internet Service,Month-to-Month,No,Electronic Check,44.19,2978.76,2,No
CUST-104922,Female,0,Yes,Yes,18-25,Kolkata,24,Yes,No,Fiber Optic,Yes,No,No,No,No,No,Month-to-Month,No,Mailed Check,78.29,1830.75,2,No
CUST-104923,Female,0,Yes,No,26-35,Pune,2,Yes,No,No,No Internet Service,No Internet Service,No Internet Service,No Internet Service,No Internet Service,No Internet Service,Month-to-Month,Yes,Credit Card (Auto),43.94,146.58,0,Yes
CUST-104924,Female,0,No,No,18-25,Bangalore,0,Yes,No,Fiber Optic,Yes,Yes,No,Yes,Yes,Yes,One Year,No,Bank Transfer (Auto),113.02,0.0,1,No
CUST-104925,Female,0,No,Yes,18-25,Bangalore,1,Yes,No,No,No Internet Service,No Internet Service,No Internet Service,No Internet Service,No Internet Service,No Internet Service,Month-to-Month,Yes,Credit Card (Auto),52.89,33.01,2,No
CUST-104926,Male,0,Yes,Yes,18-25,Delhi,22,Yes,Yes,DSL,Yes,No,No,Yes,Yes,No,One Year,No,Credit Card (Auto),83.64,1815.74,0,No
CUST-104927,Female,0,No,Yes,36-45,Hyderabad,22,Yes,No,Fiber Optic,No,No,No,Yes,Yes,No,One Year,Yes,Bank Transfer (Auto),69.06,1443.22,3,No
CUST-104928,Female,0,Yes,No,18-25,Kolkata,16,Yes,Yes,Fiber Optic,No,No,No,No,Yes,Yes,One Year,Yes,Credit Card (Auto),89.08,1480.27,2,No
CUST-104929,Male,0,No,Yes,36-45,Chennai,8,No,No Phone Service,DSL,Yes,No,Yes,Yes,No,Yes,Month-to-Month,No,Electronic Check,90.64,718.86,1,No
CUST-104930,Male,0,No,No,36-45,Bangalore,18,No,No Phone Service,Fiber Optic,No,No,No,No,Yes,No,Month-to-Month,Yes,Bank Transfer (Auto),100.05,1766.29,0,No
CUST-104931,Male,0,Yes,No,18-25,Kolkata,17,Yes,No,DSL,Yes,No,Yes,No,No,No,One Year,Yes,Bank Transfer (Auto),83.33,1446.97,0,No
CUST-104932,Male,0,No,No,56-65,Mumbai,0,Yes,Yes,Fiber Optic,No,Yes,No,No,Yes,Yes,Month-to-Month,Yes,Bank Transfer (Auto),104.44,39.37,2,No
CUST-104933,Female,0,No,Yes,18-25,Delhi,7,Yes,No,Fiber Optic,Yes,Yes,No,No,No,Yes,One Year,No,Electronic Check,108.68,674.13,0,No
CUST-104934,Female,0,Yes,Yes,26-35,Bangalore,1,Yes,No,DSL,No,Yes,No,Yes,No,No,Month-to-Month,No,Electronic Check,78.47,156.0,0,No
CUST-104935,Male,1,No,No,56-65,Chennai,55,Yes,Yes,DSL,No,Yes,No,Yes,No,No,Month-to-Month,No,Electronic Check,69.47,3931.92,0,No
CUST-104936,Male,0,No,No,18-25,Ahmedabad,31,Yes,No,DSL,Yes,No,No,Yes,No,Yes,Two Year,Yes,Bank Transfer (Auto),86.34,2681.64,0,No
CUST-104937,Male,0,Yes,No,18-25,Chennai,72,Yes,Yes,DSL,No,Yes,No,Yes,No,No,One Year,No,Credit Card (Auto),95.06,6856.29,0,No
CUST-104938,Female,0,Yes,No,18-25,Bangalore,8,Yes,Yes,DSL,No,No,Yes,No,No,Yes,One Year,Yes,Credit Card (Auto),73.54,708.0,0,No
CUST-104939,Female,0,Yes,No,36-45,Pune,50,Yes,No,DSL,No,No,No,No,No,Yes,Two Year,No,Electronic Check,75.68,3729.36,1,No
CUST-104940,Male,0,No,No,36-45,Ahmedabad,22,Yes,Yes,Fiber Optic,Yes,No,No,No,Yes,Yes,One Year,Yes,Electronic Check,87.8,1905.52,1,No
CUST-104941,Male,0,No,No,46-55,Chennai,14,Yes,No,Fiber Optic,Yes,No,No,No,No,No,Month-to-Month,Yes,Electronic Check,98.38,1406.38,0,Yes
CUST-104942,Female,0,No,No,26-35,Bangalore,6,Yes,No,Fiber Optic,No,No,Yes,No,Yes,No,Two Year,No,Mailed Check,88.06,585.74,4,Yes
CUST-104943,Male,0,Yes,Yes,46-55,Chennai,32,No,No Phone Service,DSL,No,No,Yes,No,Yes,Yes,One Year,Yes,Credit Card (Auto),81.17,2599.34,0,No
CUST-104944,Male,0,Yes,Yes,18-25,Bangalore,56,Yes,No,DSL,No,No,Yes,No,No,Yes,One Year,Yes,Credit Card (Auto),67.57,3743.24,1,No
CUST-104945,Female,0,Yes,Yes,26-35,Hyderabad,6,No,No Phone Service,Fiber Optic,No,Yes,No,No,No,No,Month-to-Month,No,Electronic Check,90.7,608.61,0,No
CUST-104946,Male,0,No,Yes,26-35,Ahmedabad,4,Yes,Yes,No,No Internet Service,No Internet Service,No Internet Service,No Internet Service,No Internet Service,No Internet Service,Two Year,Yes,Electronic Check,43.29,172.77,1,No
CUST-104947,Female,0,No,No,18-25,Bangalore,28,Yes,No,Fiber Optic,Yes,No,No,Yes,No,Yes,Month-to-Month,Yes,Electronic Check,89.57,2508.03,1,Yes
CUST-104948,Male,0,No,No,36-45,Bangalore,72,Yes,No,DSL,No,No,No,No,No,No,Month-to-Month,Yes,Mailed Check,65.37,4753.13,1,No
CUST-104949,Male,0,Yes,No,36-45,Chennai,33,Yes,No,Fiber Optic,No,Yes,No,Yes,Yes,No,Month-to-Month,No,Credit Card (Auto),96.03,3244.27,2,No
CUST-104950,Female,0,No,No,36-45,Hyderabad,8,Yes,Yes,DSL,No,No,Yes,Yes,Yes,Yes,Month-to-Month,Yes,Bank Transfer (Auto),98.69,801.51,1,No
CUST-104951,Female,0,No,Yes,26-35,Bangalore,13,No,No Phone Service,DSL,Yes,Yes,Yes,No,No,No,Month-to-Month,No,Credit Card (Auto),71.81,957.44,0,No
CUST-104952,Male,0,Yes,No,18-25,Delhi,11,Yes,No,No,No Internet Service,No Internet Service,No Internet Service,No Internet Service,No Internet Service,No Internet Service,Two Year,Yes,Bank Transfer (Auto),45.57,553.59,4,No
CUST-104953,Female,0,No,Yes,26-35,Hyderabad,45,Yes,Yes,No,No Internet Service,No Internet Service,No Internet Service,No Internet Service,No Internet Service,No Internet Service,One Year,Yes,Electronic Check,44.0,1968.68,0,No
CUST-104954,Male,1,Yes,No,18-25,Delhi,35,Yes,Yes,DSL,Yes,No,No,No,Yes,No,Month-to-Month,Yes,Electronic Check,77.35,2679.83,3,No
CUST-104955,Male,1,Yes,No,18-25,Delhi,21,Yes,No,No,No Internet Service,No Internet Service,No Internet Service,No Internet Service,No Internet Service,No Internet Service,One Year,No,Electronic Check,43.84,902.25,3,No
CUST-104956,Female,0,Yes,No,56-65,Kolkata,7,No,No Phone Service,Fiber Optic,No,Yes,No,No,No,No,Month-to-Month,Yes,Credit Card (Auto),86.23,557.59,3,No
CUST-104957,Male,0,Yes,No,26-35,Kolkata,66,Yes,Yes,Fiber Optic,No,No,Yes,No,No,Yes,Month-to-Month,Yes,Credit Card (Auto),82.21,5371.47,5,No
CUST-104958,Male,0,Yes,Yes,36-45,Bangalore,25,Yes,Yes,No,No Internet Service,No Internet Service,No Internet Service,No Internet Service,No Internet Service,No Internet Service,Month-to-Month,Yes,Bank Transfer (Auto),47.01,1286.3,0,No
CUST-104959,Female,0,Yes,No,26-35,Kolkata,72,Yes,No,No,No Internet Service,No Internet Service,No Internet Service,No Internet Service,No Internet Service,No Internet Service,Two Year,Yes,Electronic Check,42.37,3005.91,0,No
CUST-104960,Female,0,Yes,Yes,18-25,Mumbai,20,Yes,No,DSL,No,No,No,No,No,No,Month-to-Month,No,Bank Transfer (Auto),68.15,1376.57,2,No
CUST-104961,Male,0,No,Yes,26-35,Delhi,41,Yes,Yes,Fiber Optic,No,Yes,No,No,No,Yes,Month-to-Month,Yes,Electronic Check,91.23,3736.14,1,Yes
CUST-104962,Female,1,No,No,26-35,Chennai,40,Yes,No,No,No Internet Service,No Internet Service,No Internet Service,No Internet Service,No Internet Service,No Internet Service,Month-to-Month,Yes,Electronic Check,41.38,1707.63,2,No
CUST-104963,Female,0,No,Yes,18-25,Chennai,9,Yes,No,Fiber Optic,Yes,No,No,No,No,No,One Year,Yes,Mailed Check,78.44,711.77,3,No
CUST-104964,Female,0,Yes,No,18-25,Delhi,72,Yes,Yes,Fiber Optic,No,No,No,No,Yes,Yes,One Year,Yes,Mailed Check,77.82,,2,No
CUST-104965,Female,0,Yes,No,18-25,Ahmedabad,0,Yes,No,DSL,Yes,No,Yes,No,No,No,Month-to-Month,Yes,Credit Card (Auto),70.95,0.0,2,No
CUST-104966,Male,0,Yes,No,46-55,Chennai,35,Yes,Yes,Fiber Optic,No,No,Yes,No,No,Yes,Month-to-Month,No,Bank Transfer (Auto),101.47,3563.72,1,No
CUST-104967,Male,0,Yes,Yes,18-25,Ahmedabad,72,Yes,No,Fiber Optic,No,No,No,No,No,No,One Year,No,Electronic Check,73.94,5361.22,4,No
CUST-104968,Male,0,No,No,36-45,Mumbai,9,Yes,Yes,No,No Internet Service,No Internet Service,No Internet Service,No Internet Service,No Internet Service,No Internet Service,One Year,Yes,Electronic Check,36.72,340.44,2,No
CUST-104969,Female,0,No,No,26-35,Hyderabad,25,Yes,Yes,Fiber Optic,Yes,No,No,No,No,No,Month-to-Month,No,Electronic Check,91.02,2301.85,3,Yes
CUST-104970,Female,0,No,No,18-25,Bangalore,19,Yes,No,No,No Internet Service,No Internet Service,No Internet Service,No Internet Service,No Internet Service,No Internet Service,Two Year,Yes,Electronic Check,33.14,643.84,1,No
CUST-104971,Female,0,No,No,26-35,Kolkata,34,Yes,No,No,No Internet Service,No Internet Service,No Internet Service,No Internet Service,No Internet Service,No Internet Service,Two Year,No,Electronic Check,46.13,1497.74,1,No
CUST-104972,Female,1,Yes,No,65+,Mumbai,48,No,No Phone Service,No,No Internet Service,No Internet Service,No Internet Service,No Internet Service,No Internet Service,No Internet Service,Month-to-Month,Yes,Bank Transfer (Auto),42.68,2086.92,0,No
CUST-104973,Female,0,Yes,No,26-35,Pune,22,Yes,Yes,No,No Internet Service,No Internet Service,No Internet Service,No Internet Service,No Internet Service,No Internet Service,One Year,Yes,Electronic Check,37.8,890.48,0,No
CUST-104974,Female,0,No,No,18-25,Delhi,40,Yes,No,DSL,Yes,No,No,No,No,No,Month-to-Month,No,Credit Card (Auto),63.83,2546.72,1,No
CUST-104975,Female,0,Yes,Yes,46-55,Kolkata,8,Yes,Yes,DSL,No,Yes,No,No,No,Yes,One Year,Yes,Mailed Check,81.05,638.14,0,Yes
CUST-104976,Male,0,Yes,No,18-25,Bangalore,6,Yes,No,No,No Internet Service,No Internet Service,No Internet Service,No Internet Service,No Internet Service,No Internet Service,Month-to-Month,Yes,Electronic Check,42.63,270.45,2,Yes
CUST-104977,Male,0,Yes,No,36-45,Delhi,13,Yes,Yes,DSL,No,Yes,No,No,No,No,Month-to-Month,No,Mailed Check,58.12,852.85,0,No
CUST-104978,Female,1,Yes,No,18-25,Kolkata,27,Yes,No,Fiber Optic,No,No,No,Yes,No,No,One Year,No,Bank Transfer (Auto),94.78,2544.83,2,No
CUST-104979,Female,0,Yes,Yes,36-45,Hyderabad,4,Yes,Yes,DSL,Yes,Yes,No,No,Yes,No,Two Year,No,Mailed Check,74.55,329.32,2,No
CUST-104980,Female,0,No,No,18-25,Mumbai,27,No,No Phone Service,DSL,No,No,No,No,No,Yes,Month-to-Month,Yes,Electronic Check,69.96,1880.18,1,No
CUST-104981,Male,0,No,No,18-25,Mumbai,12,Yes,No,DSL,Yes,No,No,No,Yes,Yes,Month-to-Month,Yes,Credit Card (Auto),82.84,1023.96,0,No
CUST-104982,Male,0,Yes,No,26-35,Delhi,38,Yes,Yes,DSL,Yes,No,No,Yes,No,No,Month-to-Month,No,Electronic Check,78.54,2920.74,0,No
CUST-104983,Female,0,Yes,Yes,18-25,Pune,0,Yes,No,DSL,No,No,Yes,No,No,No,One Year,Yes,Credit Card (Auto),69.99,89.79,2,No
CUST-104984,Female,0,No,No,65+,Bangalore,26,Yes,Yes,DSL,Yes,No,Yes,No,No,Yes,One Year,Yes,Electronic Check,73.63,1932.75,0,No
CUST-104985,Male,0,Yes,No,26-35,Hyderabad,25,No,No Phone Service,DSL,No,No,No,No,No,No,Month-to-Month,Yes,Credit Card (Auto),79.65,1977.31,2,No
CUST-104986,Male,0,Yes,No,18-25,Mumbai,67,No,No Phone Service,Fiber Optic,No,No,Yes,No,No,No,One Year,No,Bank Transfer (Auto),77.89,5206.05,1,No
CUST-104987,Male,1,Yes,No,18-25,Pune,29,Yes,Yes,No,No Internet Service,No Internet Service,No Internet Service,No Internet Service,No Internet Service,No Internet Service,One Year,Yes,Mailed Check,40.04,1175.07,1,No
CUST-104988,Male,0,Yes,No,46-55,Bangalore,38,Yes,Yes,Fiber Optic,No,No,No,No,No,Yes,Month-to-Month,Yes,Electronic Check,84.06,3294.42,4,Yes
CUST-104989,Female,0,No,No,18-25,Bangalore,56,Yes,Yes,No,No Internet Service,No Internet Service,No Internet Service,No Internet Service,No Internet Service,No Internet Service,One Year,Yes,Electronic Check,52.37,3010.05,0,No
CUST-104990,Male,0,No,No,26-35,Hyderabad,26,Yes,Yes,No,No Internet Service,No Internet Service,No Internet Service,No Internet Service,No Internet Service,No Internet Service,Month-to-Month,Yes,Credit Card (Auto),30.29,774.1,1,No
CUST-104991,Male,0,Yes,Yes,18-25,Pune,8,Yes,Yes,DSL,No,Yes,No,No,No,No,Two Year,Yes,Credit Card (Auto),67.45,544.31,0,No
CUST-104992,Female,0,Yes,No,36-45,Mumbai,48,Yes,Yes,No,No Internet Service,No Internet Service,No Internet Service,No Internet Service,No Internet Service,No Internet Service,Month-to-Month,Yes,Mailed Check,37.62,1812.98,0,No
CUST-104993,Male,0,Yes,Yes,18-25,Mumbai,33,Yes,Yes,DSL,Yes,Yes,No,No,No,Yes,Month-to-Month,No,Mailed Check,80.04,2543.73,2,Yes
CUST-104994,Male,1,Yes,Yes,18-25,Mumbai,13,Yes,No,Fiber Optic,No,Yes,Yes,No,No,No,Month-to-Month,Yes,Electronic Check,100.68,1297.32,3,No
CUST-104995,Male,0,No,No,18-25,Kolkata,29,Yes,Yes,DSL,No,No,No,Yes,No,No,Two Year,Yes,Bank Transfer (Auto),69.94,2038.77,3,No
CUST-104996,Female,0,No,No,18-25,Kolkata,48,Yes,No,Fiber Optic,Yes,Yes,No,No,No,Yes,Month-to-Month,Yes,Electronic Check,100.02,4755.57,0,No
CUST-104997,Male,1,No,No,26-35,Chennai,72,Yes,No,Fiber Optic,Yes,Yes,No,No,Yes,No,Month-to-Month,No,Electronic Check,81.34,5942.83,0,No
CUST-104998,Female,0,No,No,65+,Mumbai,72,Yes,Yes,DSL,No,No,No,No,No,Yes,Two Year,Yes,Bank Transfer (Auto),70.09,4990.19,0,No
CUST-104999,Female,0,No,No,26-35,Pune,9,Yes,Yes,DSL,No,No,No,No,No,No,Two Year,Yes,Mailed Check,50.8,406.44,0,No
CUST-102764,Male,1,No,No,18-25,Chennai,1,Yes,No,Fiber Optic,No,No,No,No,No,No,One Year,Yes,Electronic Check,87.62,67.73,4,No
CUST-104767,Male,0,Yes,No,46-55,Hyderabad,40,Yes,Yes,Fiber Optic,No,No,Yes,No,No,No,One Year,Yes,Bank Transfer (Auto),79.2,3126.84,2,No
CUST-103814,Male,0,No,Yes,26-35,Hyderabad,22,Yes,No,Fiber Optic,No,No,Yes,Yes,No,Yes,Two Year,No,Credit Card (Auto),88.8,1986.46,1,No
CUST-103499,Female,0,No,No,36-45,Ahmedabad,13,Yes,No,DSL,Yes,No,No,No,No,No,One Year,No,Credit Card (Auto),62.6,871.15,2,No
CUST-102735,Female,0,No,No,26-35,Kolkata,0,Yes,No,Fiber Optic,No,No,No,Yes,No,Yes,Month-to-Month,No,Electronic Check,94.38,0.0,2,Yes
CUST-103922,Female,0,No,Yes,18-25,Pune,15,Yes,No,Fiber Optic,No,Yes,No,Yes,Yes,No,Month-to-Month,Yes,Mailed Check,118.87,1769.26,2,Yes
CUST-102701,Male,1,Yes,No,36-45,Mumbai,11,Yes,No,No,No Internet Service,No Internet Service,No Internet Service,No Internet Service,No Internet Service,No Internet Service,Month-to-Month,Yes,Mailed Check,74.8,890.33,0,Yes
CUST-101179,Male,0,Yes,No,18-25,Delhi,38,Yes,Yes,Fiber Optic,Yes,No,Yes,No,Yes,Yes,Month-to-Month,Yes,Electronic Check,85.62,3166.58,0,No
CUST-100932,Male,0,Yes,Yes,46-55,Delhi,0,Yes,No,No,No Internet Service,No Internet Service,No Internet Service,No Internet Service,No Internet Service,No Internet Service,One Year,No,Mailed Check,45.51,0.0,3,Yes
CUST-100792,Male,0,Yes,No,36-45,Mumbai,11,Yes,Yes,No,No Internet Service,No Internet Service,No Internet Service,No Internet Service,No Internet Service,No Internet Service,One Year,Yes,Bank Transfer (Auto),33.27,396.2,0,No
CUST-101852,Female,0,No,Yes,36-45,Chennai,1,Yes,No,DSL,Yes,No,No,No,No,No,One Year,No,Electronic Check,68.12,0.0,3,No
CUST-101185,Female,0,No,Yes,26-35,Delhi,2,Yes,No,No,No Internet Service,No Internet Service,No Internet Service,No Internet Service,No Internet Service,No Internet Service,Month-to-Month,Yes,Electronic Check,65.2,145.05,1,No
CUST-101724,Female,0,No,No,18-25,Mumbai,8,Yes,Yes,No,No Internet Service,No Internet Service,No Internet Service,No Internet Service,No Internet Service,No Internet Service,Month-to-Month,No,Mailed Check,32.98,196.61,2,No
CUST-104080,Male,1,Yes,No,36-45,Kolkata,63,Yes,No,Fiber Optic,Yes,No,No,No,No,No,One Year,No,Bank Transfer (Auto),86.57,5508.72,1,No
CUST-103823,Male,0,Yes,No,18-25,Bangalore,72,Yes,No,No,No Internet Service,No Internet Service,No Internet Service,No Internet Service,No Internet Service,No Internet Service,Month-to-Month,Yes,Electronic Check,35.23,2607.81,1,No
